station,frequency,year,url,dest
22217,monthly,,https://data.meteostat.net/monthly/22217.csv.gz,C:\Users\LL1urace\OneDrive\Рабочий стол\meteostat_bulk_downloader_pack\meteostat_arctic_20_daily_monthly\monthly\22217.csv.gz
22217,daily,1900,https://data.meteostat.net/daily/1900/22217.csv.gz,C:\Users\LL1urace\OneDrive\Рабочий стол\meteostat_bulk_downloader_pack\meteostat_arctic_20_daily_monthly\daily\1900\22217.csv.gz
22217,daily,1901,https://data.meteostat.net/daily/1901/22217.csv.gz,C:\Users\LL1urace\OneDrive\Рабочий стол\meteostat_bulk_downloader_pack\meteostat_arctic_20_daily_monthly\daily\1901\22217.csv.gz
22217,daily,1902,https://data.meteostat.net/daily/1902/22217.csv.gz,C:\Users\LL1urace\OneDrive\Рабочий стол\meteostat_bulk_downloader_pack\meteostat_arctic_20_daily_monthly\daily\1902\22217.csv.gz
22217,daily,1903,https://data.meteostat.net/daily/1903/22217.csv.gz,C:\Users\LL1urace\OneDrive\Рабочий стол\meteostat_bulk_downloader_pack\meteostat_arctic_20_daily_monthly\daily\1903\22217.csv.gz
22217,daily,1904,https://data.meteostat.net/daily/1904/22217.csv.gz,C:\Users\LL1urace\OneDrive\Рабочий стол\meteostat_bulk_downloader_pack\meteostat_arctic_20_daily_monthly\daily\1904\22217.csv.gz
22217,daily,1905,https://data.meteostat.net/daily/1905/22217.csv.gz,C:\Users\LL1urace\OneDrive\Рабочий стол\meteostat_bulk_downloader_pack\meteostat_arctic_20_daily_monthly\daily\1905\22217.csv.gz
22217,daily,1906,https://data.meteostat.net/daily/1906/22217.csv.gz,C:\Users\LL1urace\OneDrive\Рабочий стол\meteostat_bulk_downloader_pack\meteostat_arctic_20_daily_monthly\daily\1906\22217.csv.gz
22217,daily,1907,https://data.meteostat.net/daily/1907/22217.csv.gz,C:\Users\LL1urace\OneDrive\Рабочий стол\meteostat_bulk_downloader_pack\meteostat_arctic_20_daily_monthly\daily\1907\22217.csv.gz
22217,daily,1908,https://data.meteostat.net/daily/1908/22217.csv.gz,C:\Users\LL1urace\OneDrive\Рабочий стол\meteostat_bulk_downloader_pack\meteostat_arctic_20_daily_monthly\daily\1908\22217.csv.gz
22217,daily,1909,https://data.meteostat.net/daily/1909/22217.csv.gz,C:\Users\LL1urace\OneDrive\Рабочий стол\meteostat_bulk_downloader_pack\meteostat_arctic_20_daily_monthly\daily\1909\22217.csv.gz
22217,daily,1910,https://data.meteostat.net/daily/1910/22217.csv.gz,C:\Users\LL1urace\OneDrive\Рабочий стол\meteostat_bulk_downloader_pack\meteostat_arctic_20_daily_monthly\daily\1910\22217.csv.gz
22217,daily,1911,https://data.meteostat.net/daily/1911/22217.csv.gz,C:\Users\LL1urace\OneDrive\Рабочий стол\meteostat_bulk_downloader_pack\meteostat_arctic_20_daily_monthly\daily\1911\22217.csv.gz
22217,daily,1912,https://data.meteostat.net/daily/1912/22217.csv.gz,C:\Users\LL1urace\OneDrive\Рабочий стол\meteostat_bulk_downloader_pack\meteostat_arctic_20_daily_monthly\daily\1912\22217.csv.gz
22217,daily,1913,https://data.meteostat.net/daily/1913/22217.csv.gz,C:\Users\LL1urace\OneDrive\Рабочий стол\meteostat_bulk_downloader_pack\meteostat_arctic_20_daily_monthly\daily\1913\22217.csv.gz
22217,daily,1914,https://data.meteostat.net/daily/1914/22217.csv.gz,C:\Users\LL1urace\OneDrive\Рабочий стол\meteostat_bulk_downloader_pack\meteostat_arctic_20_daily_monthly\daily\1914\22217.csv.gz
22217,daily,1915,https://data.meteostat.net/daily/1915/22217.csv.gz,C:\Users\LL1urace\OneDrive\Рабочий стол\meteostat_bulk_downloader_pack\meteostat_arctic_20_daily_monthly\daily\1915\22217.csv.gz
22217,daily,1916,https://data.meteostat.net/daily/1916/22217.csv.gz,C:\Users\LL1urace\OneDrive\Рабочий стол\meteostat_bulk_downloader_pack\meteostat_arctic_20_daily_monthly\daily\1916\22217.csv.gz
22217,daily,1917,https://data.meteostat.net/daily/1917/22217.csv.gz,C:\Users\LL1urace\OneDrive\Рабочий стол\meteostat_bulk_downloader_pack\meteostat_arctic_20_daily_monthly\daily\1917\22217.csv.gz
22217,daily,1918,https://data.meteostat.net/daily/1918/22217.csv.gz,C:\Users\LL1urace\OneDrive\Рабочий стол\meteostat_bulk_downloader_pack\meteostat_arctic_20_daily_monthly\daily\1918\22217.csv.gz
22217,daily,1919,https://data.meteostat.net/daily/1919/22217.csv.gz,C:\Users\LL1urace\OneDrive\Рабочий стол\meteostat_bulk_downloader_pack\meteostat_arctic_20_daily_monthly\daily\1919\22217.csv.gz
22217,daily,1920,https://data.meteostat.net/daily/1920/22217.csv.gz,C:\Users\LL1urace\OneDrive\Рабочий стол\meteostat_bulk_downloader_pack\meteostat_arctic_20_daily_monthly\daily\1920\22217.csv.gz
22217,daily,1921,https://data.meteostat.net/daily/1921/22217.csv.gz,C:\Users\LL1urace\OneDrive\Рабочий стол\meteostat_bulk_downloader_pack\meteostat_arctic_20_daily_monthly\daily\1921\22217.csv.gz
22217,daily,1922,https://data.meteostat.net/daily/1922/22217.csv.gz,C:\Users\LL1urace\OneDrive\Рабочий стол\meteostat_bulk_downloader_pack\meteostat_arctic_20_daily_monthly\daily\1922\22217.csv.gz
22217,daily,1923,https://data.meteostat.net/daily/1923/22217.csv.gz,C:\Users\LL1urace\OneDrive\Рабочий стол\meteostat_bulk_downloader_pack\meteostat_arctic_20_daily_monthly\daily\1923\22217.csv.gz
22217,daily,1924,https://data.meteostat.net/daily/1924/22217.csv.gz,C:\Users\LL1urace\OneDrive\Рабочий стол\meteostat_bulk_downloader_pack\meteostat_arctic_20_daily_monthly\daily\1924\22217.csv.gz
22217,daily,1925,https://data.meteostat.net/daily/1925/22217.csv.gz,C:\Users\LL1urace\OneDrive\Рабочий стол\meteostat_bulk_downloader_pack\meteostat_arctic_20_daily_monthly\daily\1925\22217.csv.gz
22217,daily,1926,https://data.meteostat.net/daily/1926/22217.csv.gz,C:\Users\LL1urace\OneDrive\Рабочий стол\meteostat_bulk_downloader_pack\meteostat_arctic_20_daily_monthly\daily\1926\22217.csv.gz
22217,daily,1927,https://data.meteostat.net/daily/1927/22217.csv.gz,C:\Users\LL1urace\OneDrive\Рабочий стол\meteostat_bulk_downloader_pack\meteostat_arctic_20_daily_monthly\daily\1927\22217.csv.gz
22217,daily,1928,https://data.meteostat.net/daily/1928/22217.csv.gz,C:\Users\LL1urace\OneDrive\Рабочий стол\meteostat_bulk_downloader_pack\meteostat_arctic_20_daily_monthly\daily\1928\22217.csv.gz
22217,daily,1929,https://data.meteostat.net/daily/1929/22217.csv.gz,C:\Users\LL1urace\OneDrive\Рабочий стол\meteostat_bulk_downloader_pack\meteostat_arctic_20_daily_monthly\daily\1929\22217.csv.gz
22217,daily,1930,https://data.meteostat.net/daily/1930/22217.csv.gz,C:\Users\LL1urace\OneDrive\Рабочий стол\meteostat_bulk_downloader_pack\meteostat_arctic_20_daily_monthly\daily\1930\22217.csv.gz
22217,daily,1931,https://data.meteostat.net/daily/1931/22217.csv.gz,C:\Users\LL1urace\OneDrive\Рабочий стол\meteostat_bulk_downloader_pack\meteostat_arctic_20_daily_monthly\daily\1931\22217.csv.gz
22217,daily,1932,https://data.meteostat.net/daily/1932/22217.csv.gz,C:\Users\LL1urace\OneDrive\Рабочий стол\meteostat_bulk_downloader_pack\meteostat_arctic_20_daily_monthly\daily\1932\22217.csv.gz
22217,daily,1933,https://data.meteostat.net/daily/1933/22217.csv.gz,C:\Users\LL1urace\OneDrive\Рабочий стол\meteostat_bulk_downloader_pack\meteostat_arctic_20_daily_monthly\daily\1933\22217.csv.gz
22217,daily,1934,https://data.meteostat.net/daily/1934/22217.csv.gz,C:\Users\LL1urace\OneDrive\Рабочий стол\meteostat_bulk_downloader_pack\meteostat_arctic_20_daily_monthly\daily\1934\22217.csv.gz
22217,daily,1935,https://data.meteostat.net/daily/1935/22217.csv.gz,C:\Users\LL1urace\OneDrive\Рабочий стол\meteostat_bulk_downloader_pack\meteostat_arctic_20_daily_monthly\daily\1935\22217.csv.gz
22217,daily,1936,https://data.meteostat.net/daily/1936/22217.csv.gz,C:\Users\LL1urace\OneDrive\Рабочий стол\meteostat_bulk_downloader_pack\meteostat_arctic_20_daily_monthly\daily\1936\22217.csv.gz
22217,daily,1937,https://data.meteostat.net/daily/1937/22217.csv.gz,C:\Users\LL1urace\OneDrive\Рабочий стол\meteostat_bulk_downloader_pack\meteostat_arctic_20_daily_monthly\daily\1937\22217.csv.gz
22217,daily,1938,https://data.meteostat.net/daily/1938/22217.csv.gz,C:\Users\LL1urace\OneDrive\Рабочий стол\meteostat_bulk_downloader_pack\meteostat_arctic_20_daily_monthly\daily\1938\22217.csv.gz
22217,daily,1939,https://data.meteostat.net/daily/1939/22217.csv.gz,C:\Users\LL1urace\OneDrive\Рабочий стол\meteostat_bulk_downloader_pack\meteostat_arctic_20_daily_monthly\daily\1939\22217.csv.gz
22217,daily,1940,https://data.meteostat.net/daily/1940/22217.csv.gz,C:\Users\LL1urace\OneDrive\Рабочий стол\meteostat_bulk_downloader_pack\meteostat_arctic_20_daily_monthly\daily\1940\22217.csv.gz
22217,daily,1941,https://data.meteostat.net/daily/1941/22217.csv.gz,C:\Users\LL1urace\OneDrive\Рабочий стол\meteostat_bulk_downloader_pack\meteostat_arctic_20_daily_monthly\daily\1941\22217.csv.gz
22217,daily,1942,https://data.meteostat.net/daily/1942/22217.csv.gz,C:\Users\LL1urace\OneDrive\Рабочий стол\meteostat_bulk_downloader_pack\meteostat_arctic_20_daily_monthly\daily\1942\22217.csv.gz
22217,daily,1943,https://data.meteostat.net/daily/1943/22217.csv.gz,C:\Users\LL1urace\OneDrive\Рабочий стол\meteostat_bulk_downloader_pack\meteostat_arctic_20_daily_monthly\daily\1943\22217.csv.gz
22217,daily,1944,https://data.meteostat.net/daily/1944/22217.csv.gz,C:\Users\LL1urace\OneDrive\Рабочий стол\meteostat_bulk_downloader_pack\meteostat_arctic_20_daily_monthly\daily\1944\22217.csv.gz
22217,daily,1945,https://data.meteostat.net/daily/1945/22217.csv.gz,C:\Users\LL1urace\OneDrive\Рабочий стол\meteostat_bulk_downloader_pack\meteostat_arctic_20_daily_monthly\daily\1945\22217.csv.gz
22217,daily,1946,https://data.meteostat.net/daily/1946/22217.csv.gz,C:\Users\LL1urace\OneDrive\Рабочий стол\meteostat_bulk_downloader_pack\meteostat_arctic_20_daily_monthly\daily\1946\22217.csv.gz
22217,daily,1947,https://data.meteostat.net/daily/1947/22217.csv.gz,C:\Users\LL1urace\OneDrive\Рабочий стол\meteostat_bulk_downloader_pack\meteostat_arctic_20_daily_monthly\daily\1947\22217.csv.gz
22217,daily,1948,https://data.meteostat.net/daily/1948/22217.csv.gz,C:\Users\LL1urace\OneDrive\Рабочий стол\meteostat_bulk_downloader_pack\meteostat_arctic_20_daily_monthly\daily\1948\22217.csv.gz
22217,daily,1949,https://data.meteostat.net/daily/1949/22217.csv.gz,C:\Users\LL1urace\OneDrive\Рабочий стол\meteostat_bulk_downloader_pack\meteostat_arctic_20_daily_monthly\daily\1949\22217.csv.gz
22217,daily,1950,https://data.meteostat.net/daily/1950/22217.csv.gz,C:\Users\LL1urace\OneDrive\Рабочий стол\meteostat_bulk_downloader_pack\meteostat_arctic_20_daily_monthly\daily\1950\22217.csv.gz
22217,daily,1951,https://data.meteostat.net/daily/1951/22217.csv.gz,C:\Users\LL1urace\OneDrive\Рабочий стол\meteostat_bulk_downloader_pack\meteostat_arctic_20_daily_monthly\daily\1951\22217.csv.gz
22217,daily,1952,https://data.meteostat.net/daily/1952/22217.csv.gz,C:\Users\LL1urace\OneDrive\Рабочий стол\meteostat_bulk_downloader_pack\meteostat_arctic_20_daily_monthly\daily\1952\22217.csv.gz
22217,daily,1953,https://data.meteostat.net/daily/1953/22217.csv.gz,C:\Users\LL1urace\OneDrive\Рабочий стол\meteostat_bulk_downloader_pack\meteostat_arctic_20_daily_monthly\daily\1953\22217.csv.gz
22217,daily,1954,https://data.meteostat.net/daily/1954/22217.csv.gz,C:\Users\LL1urace\OneDrive\Рабочий стол\meteostat_bulk_downloader_pack\meteostat_arctic_20_daily_monthly\daily\1954\22217.csv.gz
22217,daily,1955,https://data.meteostat.net/daily/1955/22217.csv.gz,C:\Users\LL1urace\OneDrive\Рабочий стол\meteostat_bulk_downloader_pack\meteostat_arctic_20_daily_monthly\daily\1955\22217.csv.gz
22217,daily,1956,https://data.meteostat.net/daily/1956/22217.csv.gz,C:\Users\LL1urace\OneDrive\Рабочий стол\meteostat_bulk_downloader_pack\meteostat_arctic_20_daily_monthly\daily\1956\22217.csv.gz
22217,daily,1957,https://data.meteostat.net/daily/1957/22217.csv.gz,C:\Users\LL1urace\OneDrive\Рабочий стол\meteostat_bulk_downloader_pack\meteostat_arctic_20_daily_monthly\daily\1957\22217.csv.gz
22217,daily,1958,https://data.meteostat.net/daily/1958/22217.csv.gz,C:\Users\LL1urace\OneDrive\Рабочий стол\meteostat_bulk_downloader_pack\meteostat_arctic_20_daily_monthly\daily\1958\22217.csv.gz
22217,daily,1959,https://data.meteostat.net/daily/1959/22217.csv.gz,C:\Users\LL1urace\OneDrive\Рабочий стол\meteostat_bulk_downloader_pack\meteostat_arctic_20_daily_monthly\daily\1959\22217.csv.gz
22217,daily,1960,https://data.meteostat.net/daily/1960/22217.csv.gz,C:\Users\LL1urace\OneDrive\Рабочий стол\meteostat_bulk_downloader_pack\meteostat_arctic_20_daily_monthly\daily\1960\22217.csv.gz
22217,daily,1961,https://data.meteostat.net/daily/1961/22217.csv.gz,C:\Users\LL1urace\OneDrive\Рабочий стол\meteostat_bulk_downloader_pack\meteostat_arctic_20_daily_monthly\daily\1961\22217.csv.gz
22217,daily,1962,https://data.meteostat.net/daily/1962/22217.csv.gz,C:\Users\LL1urace\OneDrive\Рабочий стол\meteostat_bulk_downloader_pack\meteostat_arctic_20_daily_monthly\daily\1962\22217.csv.gz
22217,daily,1963,https://data.meteostat.net/daily/1963/22217.csv.gz,C:\Users\LL1urace\OneDrive\Рабочий стол\meteostat_bulk_downloader_pack\meteostat_arctic_20_daily_monthly\daily\1963\22217.csv.gz
22217,daily,1964,https://data.meteostat.net/daily/1964/22217.csv.gz,C:\Users\LL1urace\OneDrive\Рабочий стол\meteostat_bulk_downloader_pack\meteostat_arctic_20_daily_monthly\daily\1964\22217.csv.gz
22217,daily,1965,https://data.meteostat.net/daily/1965/22217.csv.gz,C:\Users\LL1urace\OneDrive\Рабочий стол\meteostat_bulk_downloader_pack\meteostat_arctic_20_daily_monthly\daily\1965\22217.csv.gz
22217,daily,1966,https://data.meteostat.net/daily/1966/22217.csv.gz,C:\Users\LL1urace\OneDrive\Рабочий стол\meteostat_bulk_downloader_pack\meteostat_arctic_20_daily_monthly\daily\1966\22217.csv.gz
22217,daily,1967,https://data.meteostat.net/daily/1967/22217.csv.gz,C:\Users\LL1urace\OneDrive\Рабочий стол\meteostat_bulk_downloader_pack\meteostat_arctic_20_daily_monthly\daily\1967\22217.csv.gz
22217,daily,1968,https://data.meteostat.net/daily/1968/22217.csv.gz,C:\Users\LL1urace\OneDrive\Рабочий стол\meteostat_bulk_downloader_pack\meteostat_arctic_20_daily_monthly\daily\1968\22217.csv.gz
22217,daily,1969,https://data.meteostat.net/daily/1969/22217.csv.gz,C:\Users\LL1urace\OneDrive\Рабочий стол\meteostat_bulk_downloader_pack\meteostat_arctic_20_daily_monthly\daily\1969\22217.csv.gz
22217,daily,1970,https://data.meteostat.net/daily/1970/22217.csv.gz,C:\Users\LL1urace\OneDrive\Рабочий стол\meteostat_bulk_downloader_pack\meteostat_arctic_20_daily_monthly\daily\1970\22217.csv.gz
22217,daily,1971,https://data.meteostat.net/daily/1971/22217.csv.gz,C:\Users\LL1urace\OneDrive\Рабочий стол\meteostat_bulk_downloader_pack\meteostat_arctic_20_daily_monthly\daily\1971\22217.csv.gz
22217,daily,1972,https://data.meteostat.net/daily/1972/22217.csv.gz,C:\Users\LL1urace\OneDrive\Рабочий стол\meteostat_bulk_downloader_pack\meteostat_arctic_20_daily_monthly\daily\1972\22217.csv.gz
22217,daily,1973,https://data.meteostat.net/daily/1973/22217.csv.gz,C:\Users\LL1urace\OneDrive\Рабочий стол\meteostat_bulk_downloader_pack\meteostat_arctic_20_daily_monthly\daily\1973\22217.csv.gz
22217,daily,1974,https://data.meteostat.net/daily/1974/22217.csv.gz,C:\Users\LL1urace\OneDrive\Рабочий стол\meteostat_bulk_downloader_pack\meteostat_arctic_20_daily_monthly\daily\1974\22217.csv.gz
22217,daily,1975,https://data.meteostat.net/daily/1975/22217.csv.gz,C:\Users\LL1urace\OneDrive\Рабочий стол\meteostat_bulk_downloader_pack\meteostat_arctic_20_daily_monthly\daily\1975\22217.csv.gz
22217,daily,1976,https://data.meteostat.net/daily/1976/22217.csv.gz,C:\Users\LL1urace\OneDrive\Рабочий стол\meteostat_bulk_downloader_pack\meteostat_arctic_20_daily_monthly\daily\1976\22217.csv.gz
22217,daily,1977,https://data.meteostat.net/daily/1977/22217.csv.gz,C:\Users\LL1urace\OneDrive\Рабочий стол\meteostat_bulk_downloader_pack\meteostat_arctic_20_daily_monthly\daily\1977\22217.csv.gz
22217,daily,1978,https://data.meteostat.net/daily/1978/22217.csv.gz,C:\Users\LL1urace\OneDrive\Рабочий стол\meteostat_bulk_downloader_pack\meteostat_arctic_20_daily_monthly\daily\1978\22217.csv.gz
22217,daily,1979,https://data.meteostat.net/daily/1979/22217.csv.gz,C:\Users\LL1urace\OneDrive\Рабочий стол\meteostat_bulk_downloader_pack\meteostat_arctic_20_daily_monthly\daily\1979\22217.csv.gz
22217,daily,1980,https://data.meteostat.net/daily/1980/22217.csv.gz,C:\Users\LL1urace\OneDrive\Рабочий стол\meteostat_bulk_downloader_pack\meteostat_arctic_20_daily_monthly\daily\1980\22217.csv.gz
22217,daily,1981,https://data.meteostat.net/daily/1981/22217.csv.gz,C:\Users\LL1urace\OneDrive\Рабочий стол\meteostat_bulk_downloader_pack\meteostat_arctic_20_daily_monthly\daily\1981\22217.csv.gz
22217,daily,1982,https://data.meteostat.net/daily/1982/22217.csv.gz,C:\Users\LL1urace\OneDrive\Рабочий стол\meteostat_bulk_downloader_pack\meteostat_arctic_20_daily_monthly\daily\1982\22217.csv.gz
22217,daily,1983,https://data.meteostat.net/daily/1983/22217.csv.gz,C:\Users\LL1urace\OneDrive\Рабочий стол\meteostat_bulk_downloader_pack\meteostat_arctic_20_daily_monthly\daily\1983\22217.csv.gz
22217,daily,1984,https://data.meteostat.net/daily/1984/22217.csv.gz,C:\Users\LL1urace\OneDrive\Рабочий стол\meteostat_bulk_downloader_pack\meteostat_arctic_20_daily_monthly\daily\1984\22217.csv.gz
22217,daily,1985,https://data.meteostat.net/daily/1985/22217.csv.gz,C:\Users\LL1urace\OneDrive\Рабочий стол\meteostat_bulk_downloader_pack\meteostat_arctic_20_daily_monthly\daily\1985\22217.csv.gz
22217,daily,1986,https://data.meteostat.net/daily/1986/22217.csv.gz,C:\Users\LL1urace\OneDrive\Рабочий стол\meteostat_bulk_downloader_pack\meteostat_arctic_20_daily_monthly\daily\1986\22217.csv.gz
22217,daily,1987,https://data.meteostat.net/daily/1987/22217.csv.gz,C:\Users\LL1urace\OneDrive\Рабочий стол\meteostat_bulk_downloader_pack\meteostat_arctic_20_daily_monthly\daily\1987\22217.csv.gz
22217,daily,1988,https://data.meteostat.net/daily/1988/22217.csv.gz,C:\Users\LL1urace\OneDrive\Рабочий стол\meteostat_bulk_downloader_pack\meteostat_arctic_20_daily_monthly\daily\1988\22217.csv.gz
22217,daily,1989,https://data.meteostat.net/daily/1989/22217.csv.gz,C:\Users\LL1urace\OneDrive\Рабочий стол\meteostat_bulk_downloader_pack\meteostat_arctic_20_daily_monthly\daily\1989\22217.csv.gz
22217,daily,1990,https://data.meteostat.net/daily/1990/22217.csv.gz,C:\Users\LL1urace\OneDrive\Рабочий стол\meteostat_bulk_downloader_pack\meteostat_arctic_20_daily_monthly\daily\1990\22217.csv.gz
22217,daily,1991,https://data.meteostat.net/daily/1991/22217.csv.gz,C:\Users\LL1urace\OneDrive\Рабочий стол\meteostat_bulk_downloader_pack\meteostat_arctic_20_daily_monthly\daily\1991\22217.csv.gz
22217,daily,1992,https://data.meteostat.net/daily/1992/22217.csv.gz,C:\Users\LL1urace\OneDrive\Рабочий стол\meteostat_bulk_downloader_pack\meteostat_arctic_20_daily_monthly\daily\1992\22217.csv.gz
22217,daily,1993,https://data.meteostat.net/daily/1993/22217.csv.gz,C:\Users\LL1urace\OneDrive\Рабочий стол\meteostat_bulk_downloader_pack\meteostat_arctic_20_daily_monthly\daily\1993\22217.csv.gz
22217,daily,1994,https://data.meteostat.net/daily/1994/22217.csv.gz,C:\Users\LL1urace\OneDrive\Рабочий стол\meteostat_bulk_downloader_pack\meteostat_arctic_20_daily_monthly\daily\1994\22217.csv.gz
22217,daily,1995,https://data.meteostat.net/daily/1995/22217.csv.gz,C:\Users\LL1urace\OneDrive\Рабочий стол\meteostat_bulk_downloader_pack\meteostat_arctic_20_daily_monthly\daily\1995\22217.csv.gz
22217,daily,1996,https://data.meteostat.net/daily/1996/22217.csv.gz,C:\Users\LL1urace\OneDrive\Рабочий стол\meteostat_bulk_downloader_pack\meteostat_arctic_20_daily_monthly\daily\1996\22217.csv.gz
22217,daily,1997,https://data.meteostat.net/daily/1997/22217.csv.gz,C:\Users\LL1urace\OneDrive\Рабочий стол\meteostat_bulk_downloader_pack\meteostat_arctic_20_daily_monthly\daily\1997\22217.csv.gz
22217,daily,1998,https://data.meteostat.net/daily/1998/22217.csv.gz,C:\Users\LL1urace\OneDrive\Рабочий стол\meteostat_bulk_downloader_pack\meteostat_arctic_20_daily_monthly\daily\1998\22217.csv.gz
22217,daily,1999,https://data.meteostat.net/daily/1999/22217.csv.gz,C:\Users\LL1urace\OneDrive\Рабочий стол\meteostat_bulk_downloader_pack\meteostat_arctic_20_daily_monthly\daily\1999\22217.csv.gz
22217,daily,2000,https://data.meteostat.net/daily/2000/22217.csv.gz,C:\Users\LL1urace\OneDrive\Рабочий стол\meteostat_bulk_downloader_pack\meteostat_arctic_20_daily_monthly\daily\2000\22217.csv.gz
22217,daily,2001,https://data.meteostat.net/daily/2001/22217.csv.gz,C:\Users\LL1urace\OneDrive\Рабочий стол\meteostat_bulk_downloader_pack\meteostat_arctic_20_daily_monthly\daily\2001\22217.csv.gz
22217,daily,2002,https://data.meteostat.net/daily/2002/22217.csv.gz,C:\Users\LL1urace\OneDrive\Рабочий стол\meteostat_bulk_downloader_pack\meteostat_arctic_20_daily_monthly\daily\2002\22217.csv.gz
22217,daily,2003,https://data.meteostat.net/daily/2003/22217.csv.gz,C:\Users\LL1urace\OneDrive\Рабочий стол\meteostat_bulk_downloader_pack\meteostat_arctic_20_daily_monthly\daily\2003\22217.csv.gz
22217,daily,2004,https://data.meteostat.net/daily/2004/22217.csv.gz,C:\Users\LL1urace\OneDrive\Рабочий стол\meteostat_bulk_downloader_pack\meteostat_arctic_20_daily_monthly\daily\2004\22217.csv.gz
22217,daily,2005,https://data.meteostat.net/daily/2005/22217.csv.gz,C:\Users\LL1urace\OneDrive\Рабочий стол\meteostat_bulk_downloader_pack\meteostat_arctic_20_daily_monthly\daily\2005\22217.csv.gz
22217,daily,2006,https://data.meteostat.net/daily/2006/22217.csv.gz,C:\Users\LL1urace\OneDrive\Рабочий стол\meteostat_bulk_downloader_pack\meteostat_arctic_20_daily_monthly\daily\2006\22217.csv.gz
22217,daily,2007,https://data.meteostat.net/daily/2007/22217.csv.gz,C:\Users\LL1urace\OneDrive\Рабочий стол\meteostat_bulk_downloader_pack\meteostat_arctic_20_daily_monthly\daily\2007\22217.csv.gz
22217,daily,2008,https://data.meteostat.net/daily/2008/22217.csv.gz,C:\Users\LL1urace\OneDrive\Рабочий стол\meteostat_bulk_downloader_pack\meteostat_arctic_20_daily_monthly\daily\2008\22217.csv.gz
22217,daily,2009,https://data.meteostat.net/daily/2009/22217.csv.gz,C:\Users\LL1urace\OneDrive\Рабочий стол\meteostat_bulk_downloader_pack\meteostat_arctic_20_daily_monthly\daily\2009\22217.csv.gz
22217,daily,2010,https://data.meteostat.net/daily/2010/22217.csv.gz,C:\Users\LL1urace\OneDrive\Рабочий стол\meteostat_bulk_downloader_pack\meteostat_arctic_20_daily_monthly\daily\2010\22217.csv.gz
22217,daily,2011,https://data.meteostat.net/daily/2011/22217.csv.gz,C:\Users\LL1urace\OneDrive\Рабочий стол\meteostat_bulk_downloader_pack\meteostat_arctic_20_daily_monthly\daily\2011\22217.csv.gz
22217,daily,2012,https://data.meteostat.net/daily/2012/22217.csv.gz,C:\Users\LL1urace\OneDrive\Рабочий стол\meteostat_bulk_downloader_pack\meteostat_arctic_20_daily_monthly\daily\2012\22217.csv.gz
22217,daily,2013,https://data.meteostat.net/daily/2013/22217.csv.gz,C:\Users\LL1urace\OneDrive\Рабочий стол\meteostat_bulk_downloader_pack\meteostat_arctic_20_daily_monthly\daily\2013\22217.csv.gz
22217,daily,2014,https://data.meteostat.net/daily/2014/22217.csv.gz,C:\Users\LL1urace\OneDrive\Рабочий стол\meteostat_bulk_downloader_pack\meteostat_arctic_20_daily_monthly\daily\2014\22217.csv.gz
22217,daily,2015,https://data.meteostat.net/daily/2015/22217.csv.gz,C:\Users\LL1urace\OneDrive\Рабочий стол\meteostat_bulk_downloader_pack\meteostat_arctic_20_daily_monthly\daily\2015\22217.csv.gz
22217,daily,2016,https://data.meteostat.net/daily/2016/22217.csv.gz,C:\Users\LL1urace\OneDrive\Рабочий стол\meteostat_bulk_downloader_pack\meteostat_arctic_20_daily_monthly\daily\2016\22217.csv.gz
22217,daily,2017,https://data.meteostat.net/daily/2017/22217.csv.gz,C:\Users\LL1urace\OneDrive\Рабочий стол\meteostat_bulk_downloader_pack\meteostat_arctic_20_daily_monthly\daily\2017\22217.csv.gz
22217,daily,2018,https://data.meteostat.net/daily/2018/22217.csv.gz,C:\Users\LL1urace\OneDrive\Рабочий стол\meteostat_bulk_downloader_pack\meteostat_arctic_20_daily_monthly\daily\2018\22217.csv.gz
22217,daily,2019,https://data.meteostat.net/daily/2019/22217.csv.gz,C:\Users\LL1urace\OneDrive\Рабочий стол\meteostat_bulk_downloader_pack\meteostat_arctic_20_daily_monthly\daily\2019\22217.csv.gz
22217,daily,2020,https://data.meteostat.net/daily/2020/22217.csv.gz,C:\Users\LL1urace\OneDrive\Рабочий стол\meteostat_bulk_downloader_pack\meteostat_arctic_20_daily_monthly\daily\2020\22217.csv.gz
22217,daily,2021,https://data.meteostat.net/daily/2021/22217.csv.gz,C:\Users\LL1urace\OneDrive\Рабочий стол\meteostat_bulk_downloader_pack\meteostat_arctic_20_daily_monthly\daily\2021\22217.csv.gz
22217,daily,2022,https://data.meteostat.net/daily/2022/22217.csv.gz,C:\Users\LL1urace\OneDrive\Рабочий стол\meteostat_bulk_downloader_pack\meteostat_arctic_20_daily_monthly\daily\2022\22217.csv.gz
22217,daily,2023,https://data.meteostat.net/daily/2023/22217.csv.gz,C:\Users\LL1urace\OneDrive\Рабочий стол\meteostat_bulk_downloader_pack\meteostat_arctic_20_daily_monthly\daily\2023\22217.csv.gz
22217,daily,2024,https://data.meteostat.net/daily/2024/22217.csv.gz,C:\Users\LL1urace\OneDrive\Рабочий стол\meteostat_bulk_downloader_pack\meteostat_arctic_20_daily_monthly\daily\2024\22217.csv.gz
22217,daily,2025,https://data.meteostat.net/daily/2025/22217.csv.gz,C:\Users\LL1urace\OneDrive\Рабочий стол\meteostat_bulk_downloader_pack\meteostat_arctic_20_daily_monthly\daily\2025\22217.csv.gz
22217,daily,2026,https://data.meteostat.net/daily/2026/22217.csv.gz,C:\Users\LL1urace\OneDrive\Рабочий стол\meteostat_bulk_downloader_pack\meteostat_arctic_20_daily_monthly\daily\2026\22217.csv.gz
22113,monthly,,https://data.meteostat.net/monthly/22113.csv.gz,C:\Users\LL1urace\OneDrive\Рабочий стол\meteostat_bulk_downloader_pack\meteostat_arctic_20_daily_monthly\monthly\22113.csv.gz
22113,daily,1900,https://data.meteostat.net/daily/1900/22113.csv.gz,C:\Users\LL1urace\OneDrive\Рабочий стол\meteostat_bulk_downloader_pack\meteostat_arctic_20_daily_monthly\daily\1900\22113.csv.gz
22113,daily,1901,https://data.meteostat.net/daily/1901/22113.csv.gz,C:\Users\LL1urace\OneDrive\Рабочий стол\meteostat_bulk_downloader_pack\meteostat_arctic_20_daily_monthly\daily\1901\22113.csv.gz
22113,daily,1902,https://data.meteostat.net/daily/1902/22113.csv.gz,C:\Users\LL1urace\OneDrive\Рабочий стол\meteostat_bulk_downloader_pack\meteostat_arctic_20_daily_monthly\daily\1902\22113.csv.gz
22113,daily,1903,https://data.meteostat.net/daily/1903/22113.csv.gz,C:\Users\LL1urace\OneDrive\Рабочий стол\meteostat_bulk_downloader_pack\meteostat_arctic_20_daily_monthly\daily\1903\22113.csv.gz
22113,daily,1904,https://data.meteostat.net/daily/1904/22113.csv.gz,C:\Users\LL1urace\OneDrive\Рабочий стол\meteostat_bulk_downloader_pack\meteostat_arctic_20_daily_monthly\daily\1904\22113.csv.gz
22113,daily,1905,https://data.meteostat.net/daily/1905/22113.csv.gz,C:\Users\LL1urace\OneDrive\Рабочий стол\meteostat_bulk_downloader_pack\meteostat_arctic_20_daily_monthly\daily\1905\22113.csv.gz
22113,daily,1906,https://data.meteostat.net/daily/1906/22113.csv.gz,C:\Users\LL1urace\OneDrive\Рабочий стол\meteostat_bulk_downloader_pack\meteostat_arctic_20_daily_monthly\daily\1906\22113.csv.gz
22113,daily,1907,https://data.meteostat.net/daily/1907/22113.csv.gz,C:\Users\LL1urace\OneDrive\Рабочий стол\meteostat_bulk_downloader_pack\meteostat_arctic_20_daily_monthly\daily\1907\22113.csv.gz
22113,daily,1908,https://data.meteostat.net/daily/1908/22113.csv.gz,C:\Users\LL1urace\OneDrive\Рабочий стол\meteostat_bulk_downloader_pack\meteostat_arctic_20_daily_monthly\daily\1908\22113.csv.gz
22113,daily,1909,https://data.meteostat.net/daily/1909/22113.csv.gz,C:\Users\LL1urace\OneDrive\Рабочий стол\meteostat_bulk_downloader_pack\meteostat_arctic_20_daily_monthly\daily\1909\22113.csv.gz
22113,daily,1910,https://data.meteostat.net/daily/1910/22113.csv.gz,C:\Users\LL1urace\OneDrive\Рабочий стол\meteostat_bulk_downloader_pack\meteostat_arctic_20_daily_monthly\daily\1910\22113.csv.gz
22113,daily,1911,https://data.meteostat.net/daily/1911/22113.csv.gz,C:\Users\LL1urace\OneDrive\Рабочий стол\meteostat_bulk_downloader_pack\meteostat_arctic_20_daily_monthly\daily\1911\22113.csv.gz
22113,daily,1912,https://data.meteostat.net/daily/1912/22113.csv.gz,C:\Users\LL1urace\OneDrive\Рабочий стол\meteostat_bulk_downloader_pack\meteostat_arctic_20_daily_monthly\daily\1912\22113.csv.gz
22113,daily,1913,https://data.meteostat.net/daily/1913/22113.csv.gz,C:\Users\LL1urace\OneDrive\Рабочий стол\meteostat_bulk_downloader_pack\meteostat_arctic_20_daily_monthly\daily\1913\22113.csv.gz
22113,daily,1914,https://data.meteostat.net/daily/1914/22113.csv.gz,C:\Users\LL1urace\OneDrive\Рабочий стол\meteostat_bulk_downloader_pack\meteostat_arctic_20_daily_monthly\daily\1914\22113.csv.gz
22113,daily,1915,https://data.meteostat.net/daily/1915/22113.csv.gz,C:\Users\LL1urace\OneDrive\Рабочий стол\meteostat_bulk_downloader_pack\meteostat_arctic_20_daily_monthly\daily\1915\22113.csv.gz
22113,daily,1916,https://data.meteostat.net/daily/1916/22113.csv.gz,C:\Users\LL1urace\OneDrive\Рабочий стол\meteostat_bulk_downloader_pack\meteostat_arctic_20_daily_monthly\daily\1916\22113.csv.gz
22113,daily,1917,https://data.meteostat.net/daily/1917/22113.csv.gz,C:\Users\LL1urace\OneDrive\Рабочий стол\meteostat_bulk_downloader_pack\meteostat_arctic_20_daily_monthly\daily\1917\22113.csv.gz
22113,daily,1918,https://data.meteostat.net/daily/1918/22113.csv.gz,C:\Users\LL1urace\OneDrive\Рабочий стол\meteostat_bulk_downloader_pack\meteostat_arctic_20_daily_monthly\daily\1918\22113.csv.gz
22113,daily,1919,https://data.meteostat.net/daily/1919/22113.csv.gz,C:\Users\LL1urace\OneDrive\Рабочий стол\meteostat_bulk_downloader_pack\meteostat_arctic_20_daily_monthly\daily\1919\22113.csv.gz
22113,daily,1920,https://data.meteostat.net/daily/1920/22113.csv.gz,C:\Users\LL1urace\OneDrive\Рабочий стол\meteostat_bulk_downloader_pack\meteostat_arctic_20_daily_monthly\daily\1920\22113.csv.gz
22113,daily,1921,https://data.meteostat.net/daily/1921/22113.csv.gz,C:\Users\LL1urace\OneDrive\Рабочий стол\meteostat_bulk_downloader_pack\meteostat_arctic_20_daily_monthly\daily\1921\22113.csv.gz
22113,daily,1922,https://data.meteostat.net/daily/1922/22113.csv.gz,C:\Users\LL1urace\OneDrive\Рабочий стол\meteostat_bulk_downloader_pack\meteostat_arctic_20_daily_monthly\daily\1922\22113.csv.gz
22113,daily,1923,https://data.meteostat.net/daily/1923/22113.csv.gz,C:\Users\LL1urace\OneDrive\Рабочий стол\meteostat_bulk_downloader_pack\meteostat_arctic_20_daily_monthly\daily\1923\22113.csv.gz
22113,daily,1924,https://data.meteostat.net/daily/1924/22113.csv.gz,C:\Users\LL1urace\OneDrive\Рабочий стол\meteostat_bulk_downloader_pack\meteostat_arctic_20_daily_monthly\daily\1924\22113.csv.gz
22113,daily,1925,https://data.meteostat.net/daily/1925/22113.csv.gz,C:\Users\LL1urace\OneDrive\Рабочий стол\meteostat_bulk_downloader_pack\meteostat_arctic_20_daily_monthly\daily\1925\22113.csv.gz
22113,daily,1926,https://data.meteostat.net/daily/1926/22113.csv.gz,C:\Users\LL1urace\OneDrive\Рабочий стол\meteostat_bulk_downloader_pack\meteostat_arctic_20_daily_monthly\daily\1926\22113.csv.gz
22113,daily,1927,https://data.meteostat.net/daily/1927/22113.csv.gz,C:\Users\LL1urace\OneDrive\Рабочий стол\meteostat_bulk_downloader_pack\meteostat_arctic_20_daily_monthly\daily\1927\22113.csv.gz
22113,daily,1928,https://data.meteostat.net/daily/1928/22113.csv.gz,C:\Users\LL1urace\OneDrive\Рабочий стол\meteostat_bulk_downloader_pack\meteostat_arctic_20_daily_monthly\daily\1928\22113.csv.gz
22113,daily,1929,https://data.meteostat.net/daily/1929/22113.csv.gz,C:\Users\LL1urace\OneDrive\Рабочий стол\meteostat_bulk_downloader_pack\meteostat_arctic_20_daily_monthly\daily\1929\22113.csv.gz
22113,daily,1930,https://data.meteostat.net/daily/1930/22113.csv.gz,C:\Users\LL1urace\OneDrive\Рабочий стол\meteostat_bulk_downloader_pack\meteostat_arctic_20_daily_monthly\daily\1930\22113.csv.gz
22113,daily,1931,https://data.meteostat.net/daily/1931/22113.csv.gz,C:\Users\LL1urace\OneDrive\Рабочий стол\meteostat_bulk_downloader_pack\meteostat_arctic_20_daily_monthly\daily\1931\22113.csv.gz
22113,daily,1932,https://data.meteostat.net/daily/1932/22113.csv.gz,C:\Users\LL1urace\OneDrive\Рабочий стол\meteostat_bulk_downloader_pack\meteostat_arctic_20_daily_monthly\daily\1932\22113.csv.gz
22113,daily,1933,https://data.meteostat.net/daily/1933/22113.csv.gz,C:\Users\LL1urace\OneDrive\Рабочий стол\meteostat_bulk_downloader_pack\meteostat_arctic_20_daily_monthly\daily\1933\22113.csv.gz
22113,daily,1934,https://data.meteostat.net/daily/1934/22113.csv.gz,C:\Users\LL1urace\OneDrive\Рабочий стол\meteostat_bulk_downloader_pack\meteostat_arctic_20_daily_monthly\daily\1934\22113.csv.gz
22113,daily,1935,https://data.meteostat.net/daily/1935/22113.csv.gz,C:\Users\LL1urace\OneDrive\Рабочий стол\meteostat_bulk_downloader_pack\meteostat_arctic_20_daily_monthly\daily\1935\22113.csv.gz
22113,daily,1936,https://data.meteostat.net/daily/1936/22113.csv.gz,C:\Users\LL1urace\OneDrive\Рабочий стол\meteostat_bulk_downloader_pack\meteostat_arctic_20_daily_monthly\daily\1936\22113.csv.gz
22113,daily,1937,https://data.meteostat.net/daily/1937/22113.csv.gz,C:\Users\LL1urace\OneDrive\Рабочий стол\meteostat_bulk_downloader_pack\meteostat_arctic_20_daily_monthly\daily\1937\22113.csv.gz
22113,daily,1938,https://data.meteostat.net/daily/1938/22113.csv.gz,C:\Users\LL1urace\OneDrive\Рабочий стол\meteostat_bulk_downloader_pack\meteostat_arctic_20_daily_monthly\daily\1938\22113.csv.gz
22113,daily,1939,https://data.meteostat.net/daily/1939/22113.csv.gz,C:\Users\LL1urace\OneDrive\Рабочий стол\meteostat_bulk_downloader_pack\meteostat_arctic_20_daily_monthly\daily\1939\22113.csv.gz
22113,daily,1940,https://data.meteostat.net/daily/1940/22113.csv.gz,C:\Users\LL1urace\OneDrive\Рабочий стол\meteostat_bulk_downloader_pack\meteostat_arctic_20_daily_monthly\daily\1940\22113.csv.gz
22113,daily,1941,https://data.meteostat.net/daily/1941/22113.csv.gz,C:\Users\LL1urace\OneDrive\Рабочий стол\meteostat_bulk_downloader_pack\meteostat_arctic_20_daily_monthly\daily\1941\22113.csv.gz
22113,daily,1942,https://data.meteostat.net/daily/1942/22113.csv.gz,C:\Users\LL1urace\OneDrive\Рабочий стол\meteostat_bulk_downloader_pack\meteostat_arctic_20_daily_monthly\daily\1942\22113.csv.gz
22113,daily,1943,https://data.meteostat.net/daily/1943/22113.csv.gz,C:\Users\LL1urace\OneDrive\Рабочий стол\meteostat_bulk_downloader_pack\meteostat_arctic_20_daily_monthly\daily\1943\22113.csv.gz
22113,daily,1944,https://data.meteostat.net/daily/1944/22113.csv.gz,C:\Users\LL1urace\OneDrive\Рабочий стол\meteostat_bulk_downloader_pack\meteostat_arctic_20_daily_monthly\daily\1944\22113.csv.gz
22113,daily,1945,https://data.meteostat.net/daily/1945/22113.csv.gz,C:\Users\LL1urace\OneDrive\Рабочий стол\meteostat_bulk_downloader_pack\meteostat_arctic_20_daily_monthly\daily\1945\22113.csv.gz
22113,daily,1946,https://data.meteostat.net/daily/1946/22113.csv.gz,C:\Users\LL1urace\OneDrive\Рабочий стол\meteostat_bulk_downloader_pack\meteostat_arctic_20_daily_monthly\daily\1946\22113.csv.gz
22113,daily,1947,https://data.meteostat.net/daily/1947/22113.csv.gz,C:\Users\LL1urace\OneDrive\Рабочий стол\meteostat_bulk_downloader_pack\meteostat_arctic_20_daily_monthly\daily\1947\22113.csv.gz
22113,daily,1948,https://data.meteostat.net/daily/1948/22113.csv.gz,C:\Users\LL1urace\OneDrive\Рабочий стол\meteostat_bulk_downloader_pack\meteostat_arctic_20_daily_monthly\daily\1948\22113.csv.gz
22113,daily,1949,https://data.meteostat.net/daily/1949/22113.csv.gz,C:\Users\LL1urace\OneDrive\Рабочий стол\meteostat_bulk_downloader_pack\meteostat_arctic_20_daily_monthly\daily\1949\22113.csv.gz
22113,daily,1950,https://data.meteostat.net/daily/1950/22113.csv.gz,C:\Users\LL1urace\OneDrive\Рабочий стол\meteostat_bulk_downloader_pack\meteostat_arctic_20_daily_monthly\daily\1950\22113.csv.gz
22113,daily,1951,https://data.meteostat.net/daily/1951/22113.csv.gz,C:\Users\LL1urace\OneDrive\Рабочий стол\meteostat_bulk_downloader_pack\meteostat_arctic_20_daily_monthly\daily\1951\22113.csv.gz
22113,daily,1952,https://data.meteostat.net/daily/1952/22113.csv.gz,C:\Users\LL1urace\OneDrive\Рабочий стол\meteostat_bulk_downloader_pack\meteostat_arctic_20_daily_monthly\daily\1952\22113.csv.gz
22113,daily,1953,https://data.meteostat.net/daily/1953/22113.csv.gz,C:\Users\LL1urace\OneDrive\Рабочий стол\meteostat_bulk_downloader_pack\meteostat_arctic_20_daily_monthly\daily\1953\22113.csv.gz
22113,daily,1954,https://data.meteostat.net/daily/1954/22113.csv.gz,C:\Users\LL1urace\OneDrive\Рабочий стол\meteostat_bulk_downloader_pack\meteostat_arctic_20_daily_monthly\daily\1954\22113.csv.gz
22113,daily,1955,https://data.meteostat.net/daily/1955/22113.csv.gz,C:\Users\LL1urace\OneDrive\Рабочий стол\meteostat_bulk_downloader_pack\meteostat_arctic_20_daily_monthly\daily\1955\22113.csv.gz
22113,daily,1956,https://data.meteostat.net/daily/1956/22113.csv.gz,C:\Users\LL1urace\OneDrive\Рабочий стол\meteostat_bulk_downloader_pack\meteostat_arctic_20_daily_monthly\daily\1956\22113.csv.gz
22113,daily,1957,https://data.meteostat.net/daily/1957/22113.csv.gz,C:\Users\LL1urace\OneDrive\Рабочий стол\meteostat_bulk_downloader_pack\meteostat_arctic_20_daily_monthly\daily\1957\22113.csv.gz
22113,daily,1958,https://data.meteostat.net/daily/1958/22113.csv.gz,C:\Users\LL1urace\OneDrive\Рабочий стол\meteostat_bulk_downloader_pack\meteostat_arctic_20_daily_monthly\daily\1958\22113.csv.gz
22113,daily,1959,https://data.meteostat.net/daily/1959/22113.csv.gz,C:\Users\LL1urace\OneDrive\Рабочий стол\meteostat_bulk_downloader_pack\meteostat_arctic_20_daily_monthly\daily\1959\22113.csv.gz
22113,daily,1960,https://data.meteostat.net/daily/1960/22113.csv.gz,C:\Users\LL1urace\OneDrive\Рабочий стол\meteostat_bulk_downloader_pack\meteostat_arctic_20_daily_monthly\daily\1960\22113.csv.gz
22113,daily,1961,https://data.meteostat.net/daily/1961/22113.csv.gz,C:\Users\LL1urace\OneDrive\Рабочий стол\meteostat_bulk_downloader_pack\meteostat_arctic_20_daily_monthly\daily\1961\22113.csv.gz
22113,daily,1962,https://data.meteostat.net/daily/1962/22113.csv.gz,C:\Users\LL1urace\OneDrive\Рабочий стол\meteostat_bulk_downloader_pack\meteostat_arctic_20_daily_monthly\daily\1962\22113.csv.gz
22113,daily,1963,https://data.meteostat.net/daily/1963/22113.csv.gz,C:\Users\LL1urace\OneDrive\Рабочий стол\meteostat_bulk_downloader_pack\meteostat_arctic_20_daily_monthly\daily\1963\22113.csv.gz
22113,daily,1964,https://data.meteostat.net/daily/1964/22113.csv.gz,C:\Users\LL1urace\OneDrive\Рабочий стол\meteostat_bulk_downloader_pack\meteostat_arctic_20_daily_monthly\daily\1964\22113.csv.gz
22113,daily,1965,https://data.meteostat.net/daily/1965/22113.csv.gz,C:\Users\LL1urace\OneDrive\Рабочий стол\meteostat_bulk_downloader_pack\meteostat_arctic_20_daily_monthly\daily\1965\22113.csv.gz
22113,daily,1966,https://data.meteostat.net/daily/1966/22113.csv.gz,C:\Users\LL1urace\OneDrive\Рабочий стол\meteostat_bulk_downloader_pack\meteostat_arctic_20_daily_monthly\daily\1966\22113.csv.gz
22113,daily,1967,https://data.meteostat.net/daily/1967/22113.csv.gz,C:\Users\LL1urace\OneDrive\Рабочий стол\meteostat_bulk_downloader_pack\meteostat_arctic_20_daily_monthly\daily\1967\22113.csv.gz
22113,daily,1968,https://data.meteostat.net/daily/1968/22113.csv.gz,C:\Users\LL1urace\OneDrive\Рабочий стол\meteostat_bulk_downloader_pack\meteostat_arctic_20_daily_monthly\daily\1968\22113.csv.gz
22113,daily,1969,https://data.meteostat.net/daily/1969/22113.csv.gz,C:\Users\LL1urace\OneDrive\Рабочий стол\meteostat_bulk_downloader_pack\meteostat_arctic_20_daily_monthly\daily\1969\22113.csv.gz
22113,daily,1970,https://data.meteostat.net/daily/1970/22113.csv.gz,C:\Users\LL1urace\OneDrive\Рабочий стол\meteostat_bulk_downloader_pack\meteostat_arctic_20_daily_monthly\daily\1970\22113.csv.gz
22113,daily,1971,https://data.meteostat.net/daily/1971/22113.csv.gz,C:\Users\LL1urace\OneDrive\Рабочий стол\meteostat_bulk_downloader_pack\meteostat_arctic_20_daily_monthly\daily\1971\22113.csv.gz
22113,daily,1972,https://data.meteostat.net/daily/1972/22113.csv.gz,C:\Users\LL1urace\OneDrive\Рабочий стол\meteostat_bulk_downloader_pack\meteostat_arctic_20_daily_monthly\daily\1972\22113.csv.gz
22113,daily,1973,https://data.meteostat.net/daily/1973/22113.csv.gz,C:\Users\LL1urace\OneDrive\Рабочий стол\meteostat_bulk_downloader_pack\meteostat_arctic_20_daily_monthly\daily\1973\22113.csv.gz
22113,daily,1974,https://data.meteostat.net/daily/1974/22113.csv.gz,C:\Users\LL1urace\OneDrive\Рабочий стол\meteostat_bulk_downloader_pack\meteostat_arctic_20_daily_monthly\daily\1974\22113.csv.gz
22113,daily,1975,https://data.meteostat.net/daily/1975/22113.csv.gz,C:\Users\LL1urace\OneDrive\Рабочий стол\meteostat_bulk_downloader_pack\meteostat_arctic_20_daily_monthly\daily\1975\22113.csv.gz
22113,daily,1976,https://data.meteostat.net/daily/1976/22113.csv.gz,C:\Users\LL1urace\OneDrive\Рабочий стол\meteostat_bulk_downloader_pack\meteostat_arctic_20_daily_monthly\daily\1976\22113.csv.gz
22113,daily,1977,https://data.meteostat.net/daily/1977/22113.csv.gz,C:\Users\LL1urace\OneDrive\Рабочий стол\meteostat_bulk_downloader_pack\meteostat_arctic_20_daily_monthly\daily\1977\22113.csv.gz
22113,daily,1978,https://data.meteostat.net/daily/1978/22113.csv.gz,C:\Users\LL1urace\OneDrive\Рабочий стол\meteostat_bulk_downloader_pack\meteostat_arctic_20_daily_monthly\daily\1978\22113.csv.gz
22113,daily,1979,https://data.meteostat.net/daily/1979/22113.csv.gz,C:\Users\LL1urace\OneDrive\Рабочий стол\meteostat_bulk_downloader_pack\meteostat_arctic_20_daily_monthly\daily\1979\22113.csv.gz
22113,daily,1980,https://data.meteostat.net/daily/1980/22113.csv.gz,C:\Users\LL1urace\OneDrive\Рабочий стол\meteostat_bulk_downloader_pack\meteostat_arctic_20_daily_monthly\daily\1980\22113.csv.gz
22113,daily,1981,https://data.meteostat.net/daily/1981/22113.csv.gz,C:\Users\LL1urace\OneDrive\Рабочий стол\meteostat_bulk_downloader_pack\meteostat_arctic_20_daily_monthly\daily\1981\22113.csv.gz
22113,daily,1982,https://data.meteostat.net/daily/1982/22113.csv.gz,C:\Users\LL1urace\OneDrive\Рабочий стол\meteostat_bulk_downloader_pack\meteostat_arctic_20_daily_monthly\daily\1982\22113.csv.gz
22113,daily,1983,https://data.meteostat.net/daily/1983/22113.csv.gz,C:\Users\LL1urace\OneDrive\Рабочий стол\meteostat_bulk_downloader_pack\meteostat_arctic_20_daily_monthly\daily\1983\22113.csv.gz
22113,daily,1984,https://data.meteostat.net/daily/1984/22113.csv.gz,C:\Users\LL1urace\OneDrive\Рабочий стол\meteostat_bulk_downloader_pack\meteostat_arctic_20_daily_monthly\daily\1984\22113.csv.gz
22113,daily,1985,https://data.meteostat.net/daily/1985/22113.csv.gz,C:\Users\LL1urace\OneDrive\Рабочий стол\meteostat_bulk_downloader_pack\meteostat_arctic_20_daily_monthly\daily\1985\22113.csv.gz
22113,daily,1986,https://data.meteostat.net/daily/1986/22113.csv.gz,C:\Users\LL1urace\OneDrive\Рабочий стол\meteostat_bulk_downloader_pack\meteostat_arctic_20_daily_monthly\daily\1986\22113.csv.gz
22113,daily,1987,https://data.meteostat.net/daily/1987/22113.csv.gz,C:\Users\LL1urace\OneDrive\Рабочий стол\meteostat_bulk_downloader_pack\meteostat_arctic_20_daily_monthly\daily\1987\22113.csv.gz
22113,daily,1988,https://data.meteostat.net/daily/1988/22113.csv.gz,C:\Users\LL1urace\OneDrive\Рабочий стол\meteostat_bulk_downloader_pack\meteostat_arctic_20_daily_monthly\daily\1988\22113.csv.gz
22113,daily,1989,https://data.meteostat.net/daily/1989/22113.csv.gz,C:\Users\LL1urace\OneDrive\Рабочий стол\meteostat_bulk_downloader_pack\meteostat_arctic_20_daily_monthly\daily\1989\22113.csv.gz
22113,daily,1990,https://data.meteostat.net/daily/1990/22113.csv.gz,C:\Users\LL1urace\OneDrive\Рабочий стол\meteostat_bulk_downloader_pack\meteostat_arctic_20_daily_monthly\daily\1990\22113.csv.gz
22113,daily,1991,https://data.meteostat.net/daily/1991/22113.csv.gz,C:\Users\LL1urace\OneDrive\Рабочий стол\meteostat_bulk_downloader_pack\meteostat_arctic_20_daily_monthly\daily\1991\22113.csv.gz
22113,daily,1992,https://data.meteostat.net/daily/1992/22113.csv.gz,C:\Users\LL1urace\OneDrive\Рабочий стол\meteostat_bulk_downloader_pack\meteostat_arctic_20_daily_monthly\daily\1992\22113.csv.gz
22113,daily,1993,https://data.meteostat.net/daily/1993/22113.csv.gz,C:\Users\LL1urace\OneDrive\Рабочий стол\meteostat_bulk_downloader_pack\meteostat_arctic_20_daily_monthly\daily\1993\22113.csv.gz
22113,daily,1994,https://data.meteostat.net/daily/1994/22113.csv.gz,C:\Users\LL1urace\OneDrive\Рабочий стол\meteostat_bulk_downloader_pack\meteostat_arctic_20_daily_monthly\daily\1994\22113.csv.gz
22113,daily,1995,https://data.meteostat.net/daily/1995/22113.csv.gz,C:\Users\LL1urace\OneDrive\Рабочий стол\meteostat_bulk_downloader_pack\meteostat_arctic_20_daily_monthly\daily\1995\22113.csv.gz
22113,daily,1996,https://data.meteostat.net/daily/1996/22113.csv.gz,C:\Users\LL1urace\OneDrive\Рабочий стол\meteostat_bulk_downloader_pack\meteostat_arctic_20_daily_monthly\daily\1996\22113.csv.gz
22113,daily,1997,https://data.meteostat.net/daily/1997/22113.csv.gz,C:\Users\LL1urace\OneDrive\Рабочий стол\meteostat_bulk_downloader_pack\meteostat_arctic_20_daily_monthly\daily\1997\22113.csv.gz
22113,daily,1998,https://data.meteostat.net/daily/1998/22113.csv.gz,C:\Users\LL1urace\OneDrive\Рабочий стол\meteostat_bulk_downloader_pack\meteostat_arctic_20_daily_monthly\daily\1998\22113.csv.gz
22113,daily,1999,https://data.meteostat.net/daily/1999/22113.csv.gz,C:\Users\LL1urace\OneDrive\Рабочий стол\meteostat_bulk_downloader_pack\meteostat_arctic_20_daily_monthly\daily\1999\22113.csv.gz
22113,daily,2000,https://data.meteostat.net/daily/2000/22113.csv.gz,C:\Users\LL1urace\OneDrive\Рабочий стол\meteostat_bulk_downloader_pack\meteostat_arctic_20_daily_monthly\daily\2000\22113.csv.gz
22113,daily,2001,https://data.meteostat.net/daily/2001/22113.csv.gz,C:\Users\LL1urace\OneDrive\Рабочий стол\meteostat_bulk_downloader_pack\meteostat_arctic_20_daily_monthly\daily\2001\22113.csv.gz
22113,daily,2002,https://data.meteostat.net/daily/2002/22113.csv.gz,C:\Users\LL1urace\OneDrive\Рабочий стол\meteostat_bulk_downloader_pack\meteostat_arctic_20_daily_monthly\daily\2002\22113.csv.gz
22113,daily,2003,https://data.meteostat.net/daily/2003/22113.csv.gz,C:\Users\LL1urace\OneDrive\Рабочий стол\meteostat_bulk_downloader_pack\meteostat_arctic_20_daily_monthly\daily\2003\22113.csv.gz
22113,daily,2004,https://data.meteostat.net/daily/2004/22113.csv.gz,C:\Users\LL1urace\OneDrive\Рабочий стол\meteostat_bulk_downloader_pack\meteostat_arctic_20_daily_monthly\daily\2004\22113.csv.gz
22113,daily,2005,https://data.meteostat.net/daily/2005/22113.csv.gz,C:\Users\LL1urace\OneDrive\Рабочий стол\meteostat_bulk_downloader_pack\meteostat_arctic_20_daily_monthly\daily\2005\22113.csv.gz
22113,daily,2006,https://data.meteostat.net/daily/2006/22113.csv.gz,C:\Users\LL1urace\OneDrive\Рабочий стол\meteostat_bulk_downloader_pack\meteostat_arctic_20_daily_monthly\daily\2006\22113.csv.gz
22113,daily,2007,https://data.meteostat.net/daily/2007/22113.csv.gz,C:\Users\LL1urace\OneDrive\Рабочий стол\meteostat_bulk_downloader_pack\meteostat_arctic_20_daily_monthly\daily\2007\22113.csv.gz
22113,daily,2008,https://data.meteostat.net/daily/2008/22113.csv.gz,C:\Users\LL1urace\OneDrive\Рабочий стол\meteostat_bulk_downloader_pack\meteostat_arctic_20_daily_monthly\daily\2008\22113.csv.gz
22113,daily,2009,https://data.meteostat.net/daily/2009/22113.csv.gz,C:\Users\LL1urace\OneDrive\Рабочий стол\meteostat_bulk_downloader_pack\meteostat_arctic_20_daily_monthly\daily\2009\22113.csv.gz
22113,daily,2010,https://data.meteostat.net/daily/2010/22113.csv.gz,C:\Users\LL1urace\OneDrive\Рабочий стол\meteostat_bulk_downloader_pack\meteostat_arctic_20_daily_monthly\daily\2010\22113.csv.gz
22113,daily,2011,https://data.meteostat.net/daily/2011/22113.csv.gz,C:\Users\LL1urace\OneDrive\Рабочий стол\meteostat_bulk_downloader_pack\meteostat_arctic_20_daily_monthly\daily\2011\22113.csv.gz
22113,daily,2012,https://data.meteostat.net/daily/2012/22113.csv.gz,C:\Users\LL1urace\OneDrive\Рабочий стол\meteostat_bulk_downloader_pack\meteostat_arctic_20_daily_monthly\daily\2012\22113.csv.gz
22113,daily,2013,https://data.meteostat.net/daily/2013/22113.csv.gz,C:\Users\LL1urace\OneDrive\Рабочий стол\meteostat_bulk_downloader_pack\meteostat_arctic_20_daily_monthly\daily\2013\22113.csv.gz
22113,daily,2014,https://data.meteostat.net/daily/2014/22113.csv.gz,C:\Users\LL1urace\OneDrive\Рабочий стол\meteostat_bulk_downloader_pack\meteostat_arctic_20_daily_monthly\daily\2014\22113.csv.gz
22113,daily,2015,https://data.meteostat.net/daily/2015/22113.csv.gz,C:\Users\LL1urace\OneDrive\Рабочий стол\meteostat_bulk_downloader_pack\meteostat_arctic_20_daily_monthly\daily\2015\22113.csv.gz
22113,daily,2016,https://data.meteostat.net/daily/2016/22113.csv.gz,C:\Users\LL1urace\OneDrive\Рабочий стол\meteostat_bulk_downloader_pack\meteostat_arctic_20_daily_monthly\daily\2016\22113.csv.gz
22113,daily,2017,https://data.meteostat.net/daily/2017/22113.csv.gz,C:\Users\LL1urace\OneDrive\Рабочий стол\meteostat_bulk_downloader_pack\meteostat_arctic_20_daily_monthly\daily\2017\22113.csv.gz
22113,daily,2018,https://data.meteostat.net/daily/2018/22113.csv.gz,C:\Users\LL1urace\OneDrive\Рабочий стол\meteostat_bulk_downloader_pack\meteostat_arctic_20_daily_monthly\daily\2018\22113.csv.gz
22113,daily,2019,https://data.meteostat.net/daily/2019/22113.csv.gz,C:\Users\LL1urace\OneDrive\Рабочий стол\meteostat_bulk_downloader_pack\meteostat_arctic_20_daily_monthly\daily\2019\22113.csv.gz
22113,daily,2020,https://data.meteostat.net/daily/2020/22113.csv.gz,C:\Users\LL1urace\OneDrive\Рабочий стол\meteostat_bulk_downloader_pack\meteostat_arctic_20_daily_monthly\daily\2020\22113.csv.gz
22113,daily,2021,https://data.meteostat.net/daily/2021/22113.csv.gz,C:\Users\LL1urace\OneDrive\Рабочий стол\meteostat_bulk_downloader_pack\meteostat_arctic_20_daily_monthly\daily\2021\22113.csv.gz
22113,daily,2022,https://data.meteostat.net/daily/2022/22113.csv.gz,C:\Users\LL1urace\OneDrive\Рабочий стол\meteostat_bulk_downloader_pack\meteostat_arctic_20_daily_monthly\daily\2022\22113.csv.gz
22113,daily,2023,https://data.meteostat.net/daily/2023/22113.csv.gz,C:\Users\LL1urace\OneDrive\Рабочий стол\meteostat_bulk_downloader_pack\meteostat_arctic_20_daily_monthly\daily\2023\22113.csv.gz
22113,daily,2024,https://data.meteostat.net/daily/2024/22113.csv.gz,C:\Users\LL1urace\OneDrive\Рабочий стол\meteostat_bulk_downloader_pack\meteostat_arctic_20_daily_monthly\daily\2024\22113.csv.gz
22113,daily,2025,https://data.meteostat.net/daily/2025/22113.csv.gz,C:\Users\LL1urace\OneDrive\Рабочий стол\meteostat_bulk_downloader_pack\meteostat_arctic_20_daily_monthly\daily\2025\22113.csv.gz
22113,daily,2026,https://data.meteostat.net/daily/2026/22113.csv.gz,C:\Users\LL1urace\OneDrive\Рабочий стол\meteostat_bulk_downloader_pack\meteostat_arctic_20_daily_monthly\daily\2026\22113.csv.gz
20744,monthly,,https://data.meteostat.net/monthly/20744.csv.gz,C:\Users\LL1urace\OneDrive\Рабочий стол\meteostat_bulk_downloader_pack\meteostat_arctic_20_daily_monthly\monthly\20744.csv.gz
20744,daily,1900,https://data.meteostat.net/daily/1900/20744.csv.gz,C:\Users\LL1urace\OneDrive\Рабочий стол\meteostat_bulk_downloader_pack\meteostat_arctic_20_daily_monthly\daily\1900\20744.csv.gz
20744,daily,1901,https://data.meteostat.net/daily/1901/20744.csv.gz,C:\Users\LL1urace\OneDrive\Рабочий стол\meteostat_bulk_downloader_pack\meteostat_arctic_20_daily_monthly\daily\1901\20744.csv.gz
20744,daily,1902,https://data.meteostat.net/daily/1902/20744.csv.gz,C:\Users\LL1urace\OneDrive\Рабочий стол\meteostat_bulk_downloader_pack\meteostat_arctic_20_daily_monthly\daily\1902\20744.csv.gz
20744,daily,1903,https://data.meteostat.net/daily/1903/20744.csv.gz,C:\Users\LL1urace\OneDrive\Рабочий стол\meteostat_bulk_downloader_pack\meteostat_arctic_20_daily_monthly\daily\1903\20744.csv.gz
20744,daily,1904,https://data.meteostat.net/daily/1904/20744.csv.gz,C:\Users\LL1urace\OneDrive\Рабочий стол\meteostat_bulk_downloader_pack\meteostat_arctic_20_daily_monthly\daily\1904\20744.csv.gz
20744,daily,1905,https://data.meteostat.net/daily/1905/20744.csv.gz,C:\Users\LL1urace\OneDrive\Рабочий стол\meteostat_bulk_downloader_pack\meteostat_arctic_20_daily_monthly\daily\1905\20744.csv.gz
20744,daily,1906,https://data.meteostat.net/daily/1906/20744.csv.gz,C:\Users\LL1urace\OneDrive\Рабочий стол\meteostat_bulk_downloader_pack\meteostat_arctic_20_daily_monthly\daily\1906\20744.csv.gz
20744,daily,1907,https://data.meteostat.net/daily/1907/20744.csv.gz,C:\Users\LL1urace\OneDrive\Рабочий стол\meteostat_bulk_downloader_pack\meteostat_arctic_20_daily_monthly\daily\1907\20744.csv.gz
20744,daily,1908,https://data.meteostat.net/daily/1908/20744.csv.gz,C:\Users\LL1urace\OneDrive\Рабочий стол\meteostat_bulk_downloader_pack\meteostat_arctic_20_daily_monthly\daily\1908\20744.csv.gz
20744,daily,1909,https://data.meteostat.net/daily/1909/20744.csv.gz,C:\Users\LL1urace\OneDrive\Рабочий стол\meteostat_bulk_downloader_pack\meteostat_arctic_20_daily_monthly\daily\1909\20744.csv.gz
20744,daily,1910,https://data.meteostat.net/daily/1910/20744.csv.gz,C:\Users\LL1urace\OneDrive\Рабочий стол\meteostat_bulk_downloader_pack\meteostat_arctic_20_daily_monthly\daily\1910\20744.csv.gz
20744,daily,1911,https://data.meteostat.net/daily/1911/20744.csv.gz,C:\Users\LL1urace\OneDrive\Рабочий стол\meteostat_bulk_downloader_pack\meteostat_arctic_20_daily_monthly\daily\1911\20744.csv.gz
20744,daily,1912,https://data.meteostat.net/daily/1912/20744.csv.gz,C:\Users\LL1urace\OneDrive\Рабочий стол\meteostat_bulk_downloader_pack\meteostat_arctic_20_daily_monthly\daily\1912\20744.csv.gz
20744,daily,1913,https://data.meteostat.net/daily/1913/20744.csv.gz,C:\Users\LL1urace\OneDrive\Рабочий стол\meteostat_bulk_downloader_pack\meteostat_arctic_20_daily_monthly\daily\1913\20744.csv.gz
20744,daily,1914,https://data.meteostat.net/daily/1914/20744.csv.gz,C:\Users\LL1urace\OneDrive\Рабочий стол\meteostat_bulk_downloader_pack\meteostat_arctic_20_daily_monthly\daily\1914\20744.csv.gz
20744,daily,1915,https://data.meteostat.net/daily/1915/20744.csv.gz,C:\Users\LL1urace\OneDrive\Рабочий стол\meteostat_bulk_downloader_pack\meteostat_arctic_20_daily_monthly\daily\1915\20744.csv.gz
20744,daily,1916,https://data.meteostat.net/daily/1916/20744.csv.gz,C:\Users\LL1urace\OneDrive\Рабочий стол\meteostat_bulk_downloader_pack\meteostat_arctic_20_daily_monthly\daily\1916\20744.csv.gz
20744,daily,1917,https://data.meteostat.net/daily/1917/20744.csv.gz,C:\Users\LL1urace\OneDrive\Рабочий стол\meteostat_bulk_downloader_pack\meteostat_arctic_20_daily_monthly\daily\1917\20744.csv.gz
20744,daily,1918,https://data.meteostat.net/daily/1918/20744.csv.gz,C:\Users\LL1urace\OneDrive\Рабочий стол\meteostat_bulk_downloader_pack\meteostat_arctic_20_daily_monthly\daily\1918\20744.csv.gz
20744,daily,1919,https://data.meteostat.net/daily/1919/20744.csv.gz,C:\Users\LL1urace\OneDrive\Рабочий стол\meteostat_bulk_downloader_pack\meteostat_arctic_20_daily_monthly\daily\1919\20744.csv.gz
20744,daily,1920,https://data.meteostat.net/daily/1920/20744.csv.gz,C:\Users\LL1urace\OneDrive\Рабочий стол\meteostat_bulk_downloader_pack\meteostat_arctic_20_daily_monthly\daily\1920\20744.csv.gz
20744,daily,1921,https://data.meteostat.net/daily/1921/20744.csv.gz,C:\Users\LL1urace\OneDrive\Рабочий стол\meteostat_bulk_downloader_pack\meteostat_arctic_20_daily_monthly\daily\1921\20744.csv.gz
20744,daily,1922,https://data.meteostat.net/daily/1922/20744.csv.gz,C:\Users\LL1urace\OneDrive\Рабочий стол\meteostat_bulk_downloader_pack\meteostat_arctic_20_daily_monthly\daily\1922\20744.csv.gz
20744,daily,1923,https://data.meteostat.net/daily/1923/20744.csv.gz,C:\Users\LL1urace\OneDrive\Рабочий стол\meteostat_bulk_downloader_pack\meteostat_arctic_20_daily_monthly\daily\1923\20744.csv.gz
20744,daily,1924,https://data.meteostat.net/daily/1924/20744.csv.gz,C:\Users\LL1urace\OneDrive\Рабочий стол\meteostat_bulk_downloader_pack\meteostat_arctic_20_daily_monthly\daily\1924\20744.csv.gz
20744,daily,1925,https://data.meteostat.net/daily/1925/20744.csv.gz,C:\Users\LL1urace\OneDrive\Рабочий стол\meteostat_bulk_downloader_pack\meteostat_arctic_20_daily_monthly\daily\1925\20744.csv.gz
20744,daily,1926,https://data.meteostat.net/daily/1926/20744.csv.gz,C:\Users\LL1urace\OneDrive\Рабочий стол\meteostat_bulk_downloader_pack\meteostat_arctic_20_daily_monthly\daily\1926\20744.csv.gz
20744,daily,1927,https://data.meteostat.net/daily/1927/20744.csv.gz,C:\Users\LL1urace\OneDrive\Рабочий стол\meteostat_bulk_downloader_pack\meteostat_arctic_20_daily_monthly\daily\1927\20744.csv.gz
20744,daily,1928,https://data.meteostat.net/daily/1928/20744.csv.gz,C:\Users\LL1urace\OneDrive\Рабочий стол\meteostat_bulk_downloader_pack\meteostat_arctic_20_daily_monthly\daily\1928\20744.csv.gz
20744,daily,1929,https://data.meteostat.net/daily/1929/20744.csv.gz,C:\Users\LL1urace\OneDrive\Рабочий стол\meteostat_bulk_downloader_pack\meteostat_arctic_20_daily_monthly\daily\1929\20744.csv.gz
20744,daily,1930,https://data.meteostat.net/daily/1930/20744.csv.gz,C:\Users\LL1urace\OneDrive\Рабочий стол\meteostat_bulk_downloader_pack\meteostat_arctic_20_daily_monthly\daily\1930\20744.csv.gz
20744,daily,1931,https://data.meteostat.net/daily/1931/20744.csv.gz,C:\Users\LL1urace\OneDrive\Рабочий стол\meteostat_bulk_downloader_pack\meteostat_arctic_20_daily_monthly\daily\1931\20744.csv.gz
20744,daily,1932,https://data.meteostat.net/daily/1932/20744.csv.gz,C:\Users\LL1urace\OneDrive\Рабочий стол\meteostat_bulk_downloader_pack\meteostat_arctic_20_daily_monthly\daily\1932\20744.csv.gz
20744,daily,1933,https://data.meteostat.net/daily/1933/20744.csv.gz,C:\Users\LL1urace\OneDrive\Рабочий стол\meteostat_bulk_downloader_pack\meteostat_arctic_20_daily_monthly\daily\1933\20744.csv.gz
20744,daily,1934,https://data.meteostat.net/daily/1934/20744.csv.gz,C:\Users\LL1urace\OneDrive\Рабочий стол\meteostat_bulk_downloader_pack\meteostat_arctic_20_daily_monthly\daily\1934\20744.csv.gz
20744,daily,1935,https://data.meteostat.net/daily/1935/20744.csv.gz,C:\Users\LL1urace\OneDrive\Рабочий стол\meteostat_bulk_downloader_pack\meteostat_arctic_20_daily_monthly\daily\1935\20744.csv.gz
20744,daily,1936,https://data.meteostat.net/daily/1936/20744.csv.gz,C:\Users\LL1urace\OneDrive\Рабочий стол\meteostat_bulk_downloader_pack\meteostat_arctic_20_daily_monthly\daily\1936\20744.csv.gz
20744,daily,1937,https://data.meteostat.net/daily/1937/20744.csv.gz,C:\Users\LL1urace\OneDrive\Рабочий стол\meteostat_bulk_downloader_pack\meteostat_arctic_20_daily_monthly\daily\1937\20744.csv.gz
20744,daily,1938,https://data.meteostat.net/daily/1938/20744.csv.gz,C:\Users\LL1urace\OneDrive\Рабочий стол\meteostat_bulk_downloader_pack\meteostat_arctic_20_daily_monthly\daily\1938\20744.csv.gz
20744,daily,1939,https://data.meteostat.net/daily/1939/20744.csv.gz,C:\Users\LL1urace\OneDrive\Рабочий стол\meteostat_bulk_downloader_pack\meteostat_arctic_20_daily_monthly\daily\1939\20744.csv.gz
20744,daily,1940,https://data.meteostat.net/daily/1940/20744.csv.gz,C:\Users\LL1urace\OneDrive\Рабочий стол\meteostat_bulk_downloader_pack\meteostat_arctic_20_daily_monthly\daily\1940\20744.csv.gz
20744,daily,1941,https://data.meteostat.net/daily/1941/20744.csv.gz,C:\Users\LL1urace\OneDrive\Рабочий стол\meteostat_bulk_downloader_pack\meteostat_arctic_20_daily_monthly\daily\1941\20744.csv.gz
20744,daily,1942,https://data.meteostat.net/daily/1942/20744.csv.gz,C:\Users\LL1urace\OneDrive\Рабочий стол\meteostat_bulk_downloader_pack\meteostat_arctic_20_daily_monthly\daily\1942\20744.csv.gz
20744,daily,1943,https://data.meteostat.net/daily/1943/20744.csv.gz,C:\Users\LL1urace\OneDrive\Рабочий стол\meteostat_bulk_downloader_pack\meteostat_arctic_20_daily_monthly\daily\1943\20744.csv.gz
20744,daily,1944,https://data.meteostat.net/daily/1944/20744.csv.gz,C:\Users\LL1urace\OneDrive\Рабочий стол\meteostat_bulk_downloader_pack\meteostat_arctic_20_daily_monthly\daily\1944\20744.csv.gz
20744,daily,1945,https://data.meteostat.net/daily/1945/20744.csv.gz,C:\Users\LL1urace\OneDrive\Рабочий стол\meteostat_bulk_downloader_pack\meteostat_arctic_20_daily_monthly\daily\1945\20744.csv.gz
20744,daily,1946,https://data.meteostat.net/daily/1946/20744.csv.gz,C:\Users\LL1urace\OneDrive\Рабочий стол\meteostat_bulk_downloader_pack\meteostat_arctic_20_daily_monthly\daily\1946\20744.csv.gz
20744,daily,1947,https://data.meteostat.net/daily/1947/20744.csv.gz,C:\Users\LL1urace\OneDrive\Рабочий стол\meteostat_bulk_downloader_pack\meteostat_arctic_20_daily_monthly\daily\1947\20744.csv.gz
20744,daily,1948,https://data.meteostat.net/daily/1948/20744.csv.gz,C:\Users\LL1urace\OneDrive\Рабочий стол\meteostat_bulk_downloader_pack\meteostat_arctic_20_daily_monthly\daily\1948\20744.csv.gz
20744,daily,1949,https://data.meteostat.net/daily/1949/20744.csv.gz,C:\Users\LL1urace\OneDrive\Рабочий стол\meteostat_bulk_downloader_pack\meteostat_arctic_20_daily_monthly\daily\1949\20744.csv.gz
20744,daily,1950,https://data.meteostat.net/daily/1950/20744.csv.gz,C:\Users\LL1urace\OneDrive\Рабочий стол\meteostat_bulk_downloader_pack\meteostat_arctic_20_daily_monthly\daily\1950\20744.csv.gz
20744,daily,1951,https://data.meteostat.net/daily/1951/20744.csv.gz,C:\Users\LL1urace\OneDrive\Рабочий стол\meteostat_bulk_downloader_pack\meteostat_arctic_20_daily_monthly\daily\1951\20744.csv.gz
20744,daily,1952,https://data.meteostat.net/daily/1952/20744.csv.gz,C:\Users\LL1urace\OneDrive\Рабочий стол\meteostat_bulk_downloader_pack\meteostat_arctic_20_daily_monthly\daily\1952\20744.csv.gz
20744,daily,1953,https://data.meteostat.net/daily/1953/20744.csv.gz,C:\Users\LL1urace\OneDrive\Рабочий стол\meteostat_bulk_downloader_pack\meteostat_arctic_20_daily_monthly\daily\1953\20744.csv.gz
20744,daily,1954,https://data.meteostat.net/daily/1954/20744.csv.gz,C:\Users\LL1urace\OneDrive\Рабочий стол\meteostat_bulk_downloader_pack\meteostat_arctic_20_daily_monthly\daily\1954\20744.csv.gz
20744,daily,1955,https://data.meteostat.net/daily/1955/20744.csv.gz,C:\Users\LL1urace\OneDrive\Рабочий стол\meteostat_bulk_downloader_pack\meteostat_arctic_20_daily_monthly\daily\1955\20744.csv.gz
20744,daily,1956,https://data.meteostat.net/daily/1956/20744.csv.gz,C:\Users\LL1urace\OneDrive\Рабочий стол\meteostat_bulk_downloader_pack\meteostat_arctic_20_daily_monthly\daily\1956\20744.csv.gz
20744,daily,1957,https://data.meteostat.net/daily/1957/20744.csv.gz,C:\Users\LL1urace\OneDrive\Рабочий стол\meteostat_bulk_downloader_pack\meteostat_arctic_20_daily_monthly\daily\1957\20744.csv.gz
20744,daily,1958,https://data.meteostat.net/daily/1958/20744.csv.gz,C:\Users\LL1urace\OneDrive\Рабочий стол\meteostat_bulk_downloader_pack\meteostat_arctic_20_daily_monthly\daily\1958\20744.csv.gz
20744,daily,1959,https://data.meteostat.net/daily/1959/20744.csv.gz,C:\Users\LL1urace\OneDrive\Рабочий стол\meteostat_bulk_downloader_pack\meteostat_arctic_20_daily_monthly\daily\1959\20744.csv.gz
20744,daily,1960,https://data.meteostat.net/daily/1960/20744.csv.gz,C:\Users\LL1urace\OneDrive\Рабочий стол\meteostat_bulk_downloader_pack\meteostat_arctic_20_daily_monthly\daily\1960\20744.csv.gz
20744,daily,1961,https://data.meteostat.net/daily/1961/20744.csv.gz,C:\Users\LL1urace\OneDrive\Рабочий стол\meteostat_bulk_downloader_pack\meteostat_arctic_20_daily_monthly\daily\1961\20744.csv.gz
20744,daily,1962,https://data.meteostat.net/daily/1962/20744.csv.gz,C:\Users\LL1urace\OneDrive\Рабочий стол\meteostat_bulk_downloader_pack\meteostat_arctic_20_daily_monthly\daily\1962\20744.csv.gz
20744,daily,1963,https://data.meteostat.net/daily/1963/20744.csv.gz,C:\Users\LL1urace\OneDrive\Рабочий стол\meteostat_bulk_downloader_pack\meteostat_arctic_20_daily_monthly\daily\1963\20744.csv.gz
20744,daily,1964,https://data.meteostat.net/daily/1964/20744.csv.gz,C:\Users\LL1urace\OneDrive\Рабочий стол\meteostat_bulk_downloader_pack\meteostat_arctic_20_daily_monthly\daily\1964\20744.csv.gz
20744,daily,1965,https://data.meteostat.net/daily/1965/20744.csv.gz,C:\Users\LL1urace\OneDrive\Рабочий стол\meteostat_bulk_downloader_pack\meteostat_arctic_20_daily_monthly\daily\1965\20744.csv.gz
20744,daily,1966,https://data.meteostat.net/daily/1966/20744.csv.gz,C:\Users\LL1urace\OneDrive\Рабочий стол\meteostat_bulk_downloader_pack\meteostat_arctic_20_daily_monthly\daily\1966\20744.csv.gz
20744,daily,1967,https://data.meteostat.net/daily/1967/20744.csv.gz,C:\Users\LL1urace\OneDrive\Рабочий стол\meteostat_bulk_downloader_pack\meteostat_arctic_20_daily_monthly\daily\1967\20744.csv.gz
20744,daily,1968,https://data.meteostat.net/daily/1968/20744.csv.gz,C:\Users\LL1urace\OneDrive\Рабочий стол\meteostat_bulk_downloader_pack\meteostat_arctic_20_daily_monthly\daily\1968\20744.csv.gz
20744,daily,1969,https://data.meteostat.net/daily/1969/20744.csv.gz,C:\Users\LL1urace\OneDrive\Рабочий стол\meteostat_bulk_downloader_pack\meteostat_arctic_20_daily_monthly\daily\1969\20744.csv.gz
20744,daily,1970,https://data.meteostat.net/daily/1970/20744.csv.gz,C:\Users\LL1urace\OneDrive\Рабочий стол\meteostat_bulk_downloader_pack\meteostat_arctic_20_daily_monthly\daily\1970\20744.csv.gz
20744,daily,1971,https://data.meteostat.net/daily/1971/20744.csv.gz,C:\Users\LL1urace\OneDrive\Рабочий стол\meteostat_bulk_downloader_pack\meteostat_arctic_20_daily_monthly\daily\1971\20744.csv.gz
20744,daily,1972,https://data.meteostat.net/daily/1972/20744.csv.gz,C:\Users\LL1urace\OneDrive\Рабочий стол\meteostat_bulk_downloader_pack\meteostat_arctic_20_daily_monthly\daily\1972\20744.csv.gz
20744,daily,1973,https://data.meteostat.net/daily/1973/20744.csv.gz,C:\Users\LL1urace\OneDrive\Рабочий стол\meteostat_bulk_downloader_pack\meteostat_arctic_20_daily_monthly\daily\1973\20744.csv.gz
20744,daily,1974,https://data.meteostat.net/daily/1974/20744.csv.gz,C:\Users\LL1urace\OneDrive\Рабочий стол\meteostat_bulk_downloader_pack\meteostat_arctic_20_daily_monthly\daily\1974\20744.csv.gz
20744,daily,1975,https://data.meteostat.net/daily/1975/20744.csv.gz,C:\Users\LL1urace\OneDrive\Рабочий стол\meteostat_bulk_downloader_pack\meteostat_arctic_20_daily_monthly\daily\1975\20744.csv.gz
20744,daily,1976,https://data.meteostat.net/daily/1976/20744.csv.gz,C:\Users\LL1urace\OneDrive\Рабочий стол\meteostat_bulk_downloader_pack\meteostat_arctic_20_daily_monthly\daily\1976\20744.csv.gz
20744,daily,1977,https://data.meteostat.net/daily/1977/20744.csv.gz,C:\Users\LL1urace\OneDrive\Рабочий стол\meteostat_bulk_downloader_pack\meteostat_arctic_20_daily_monthly\daily\1977\20744.csv.gz
20744,daily,1978,https://data.meteostat.net/daily/1978/20744.csv.gz,C:\Users\LL1urace\OneDrive\Рабочий стол\meteostat_bulk_downloader_pack\meteostat_arctic_20_daily_monthly\daily\1978\20744.csv.gz
20744,daily,1979,https://data.meteostat.net/daily/1979/20744.csv.gz,C:\Users\LL1urace\OneDrive\Рабочий стол\meteostat_bulk_downloader_pack\meteostat_arctic_20_daily_monthly\daily\1979\20744.csv.gz
20744,daily,1980,https://data.meteostat.net/daily/1980/20744.csv.gz,C:\Users\LL1urace\OneDrive\Рабочий стол\meteostat_bulk_downloader_pack\meteostat_arctic_20_daily_monthly\daily\1980\20744.csv.gz
20744,daily,1981,https://data.meteostat.net/daily/1981/20744.csv.gz,C:\Users\LL1urace\OneDrive\Рабочий стол\meteostat_bulk_downloader_pack\meteostat_arctic_20_daily_monthly\daily\1981\20744.csv.gz
20744,daily,1982,https://data.meteostat.net/daily/1982/20744.csv.gz,C:\Users\LL1urace\OneDrive\Рабочий стол\meteostat_bulk_downloader_pack\meteostat_arctic_20_daily_monthly\daily\1982\20744.csv.gz
20744,daily,1983,https://data.meteostat.net/daily/1983/20744.csv.gz,C:\Users\LL1urace\OneDrive\Рабочий стол\meteostat_bulk_downloader_pack\meteostat_arctic_20_daily_monthly\daily\1983\20744.csv.gz
20744,daily,1984,https://data.meteostat.net/daily/1984/20744.csv.gz,C:\Users\LL1urace\OneDrive\Рабочий стол\meteostat_bulk_downloader_pack\meteostat_arctic_20_daily_monthly\daily\1984\20744.csv.gz
20744,daily,1985,https://data.meteostat.net/daily/1985/20744.csv.gz,C:\Users\LL1urace\OneDrive\Рабочий стол\meteostat_bulk_downloader_pack\meteostat_arctic_20_daily_monthly\daily\1985\20744.csv.gz
20744,daily,1986,https://data.meteostat.net/daily/1986/20744.csv.gz,C:\Users\LL1urace\OneDrive\Рабочий стол\meteostat_bulk_downloader_pack\meteostat_arctic_20_daily_monthly\daily\1986\20744.csv.gz
20744,daily,1987,https://data.meteostat.net/daily/1987/20744.csv.gz,C:\Users\LL1urace\OneDrive\Рабочий стол\meteostat_bulk_downloader_pack\meteostat_arctic_20_daily_monthly\daily\1987\20744.csv.gz
20744,daily,1988,https://data.meteostat.net/daily/1988/20744.csv.gz,C:\Users\LL1urace\OneDrive\Рабочий стол\meteostat_bulk_downloader_pack\meteostat_arctic_20_daily_monthly\daily\1988\20744.csv.gz
20744,daily,1989,https://data.meteostat.net/daily/1989/20744.csv.gz,C:\Users\LL1urace\OneDrive\Рабочий стол\meteostat_bulk_downloader_pack\meteostat_arctic_20_daily_monthly\daily\1989\20744.csv.gz
20744,daily,1990,https://data.meteostat.net/daily/1990/20744.csv.gz,C:\Users\LL1urace\OneDrive\Рабочий стол\meteostat_bulk_downloader_pack\meteostat_arctic_20_daily_monthly\daily\1990\20744.csv.gz
20744,daily,1991,https://data.meteostat.net/daily/1991/20744.csv.gz,C:\Users\LL1urace\OneDrive\Рабочий стол\meteostat_bulk_downloader_pack\meteostat_arctic_20_daily_monthly\daily\1991\20744.csv.gz
20744,daily,1992,https://data.meteostat.net/daily/1992/20744.csv.gz,C:\Users\LL1urace\OneDrive\Рабочий стол\meteostat_bulk_downloader_pack\meteostat_arctic_20_daily_monthly\daily\1992\20744.csv.gz
20744,daily,1993,https://data.meteostat.net/daily/1993/20744.csv.gz,C:\Users\LL1urace\OneDrive\Рабочий стол\meteostat_bulk_downloader_pack\meteostat_arctic_20_daily_monthly\daily\1993\20744.csv.gz
20744,daily,1994,https://data.meteostat.net/daily/1994/20744.csv.gz,C:\Users\LL1urace\OneDrive\Рабочий стол\meteostat_bulk_downloader_pack\meteostat_arctic_20_daily_monthly\daily\1994\20744.csv.gz
20744,daily,1995,https://data.meteostat.net/daily/1995/20744.csv.gz,C:\Users\LL1urace\OneDrive\Рабочий стол\meteostat_bulk_downloader_pack\meteostat_arctic_20_daily_monthly\daily\1995\20744.csv.gz
20744,daily,1996,https://data.meteostat.net/daily/1996/20744.csv.gz,C:\Users\LL1urace\OneDrive\Рабочий стол\meteostat_bulk_downloader_pack\meteostat_arctic_20_daily_monthly\daily\1996\20744.csv.gz
20744,daily,1997,https://data.meteostat.net/daily/1997/20744.csv.gz,C:\Users\LL1urace\OneDrive\Рабочий стол\meteostat_bulk_downloader_pack\meteostat_arctic_20_daily_monthly\daily\1997\20744.csv.gz
20744,daily,1998,https://data.meteostat.net/daily/1998/20744.csv.gz,C:\Users\LL1urace\OneDrive\Рабочий стол\meteostat_bulk_downloader_pack\meteostat_arctic_20_daily_monthly\daily\1998\20744.csv.gz
20744,daily,1999,https://data.meteostat.net/daily/1999/20744.csv.gz,C:\Users\LL1urace\OneDrive\Рабочий стол\meteostat_bulk_downloader_pack\meteostat_arctic_20_daily_monthly\daily\1999\20744.csv.gz
20744,daily,2000,https://data.meteostat.net/daily/2000/20744.csv.gz,C:\Users\LL1urace\OneDrive\Рабочий стол\meteostat_bulk_downloader_pack\meteostat_arctic_20_daily_monthly\daily\2000\20744.csv.gz
20744,daily,2001,https://data.meteostat.net/daily/2001/20744.csv.gz,C:\Users\LL1urace\OneDrive\Рабочий стол\meteostat_bulk_downloader_pack\meteostat_arctic_20_daily_monthly\daily\2001\20744.csv.gz
20744,daily,2002,https://data.meteostat.net/daily/2002/20744.csv.gz,C:\Users\LL1urace\OneDrive\Рабочий стол\meteostat_bulk_downloader_pack\meteostat_arctic_20_daily_monthly\daily\2002\20744.csv.gz
20744,daily,2003,https://data.meteostat.net/daily/2003/20744.csv.gz,C:\Users\LL1urace\OneDrive\Рабочий стол\meteostat_bulk_downloader_pack\meteostat_arctic_20_daily_monthly\daily\2003\20744.csv.gz
20744,daily,2004,https://data.meteostat.net/daily/2004/20744.csv.gz,C:\Users\LL1urace\OneDrive\Рабочий стол\meteostat_bulk_downloader_pack\meteostat_arctic_20_daily_monthly\daily\2004\20744.csv.gz
20744,daily,2005,https://data.meteostat.net/daily/2005/20744.csv.gz,C:\Users\LL1urace\OneDrive\Рабочий стол\meteostat_bulk_downloader_pack\meteostat_arctic_20_daily_monthly\daily\2005\20744.csv.gz
20744,daily,2006,https://data.meteostat.net/daily/2006/20744.csv.gz,C:\Users\LL1urace\OneDrive\Рабочий стол\meteostat_bulk_downloader_pack\meteostat_arctic_20_daily_monthly\daily\2006\20744.csv.gz
20744,daily,2007,https://data.meteostat.net/daily/2007/20744.csv.gz,C:\Users\LL1urace\OneDrive\Рабочий стол\meteostat_bulk_downloader_pack\meteostat_arctic_20_daily_monthly\daily\2007\20744.csv.gz
20744,daily,2008,https://data.meteostat.net/daily/2008/20744.csv.gz,C:\Users\LL1urace\OneDrive\Рабочий стол\meteostat_bulk_downloader_pack\meteostat_arctic_20_daily_monthly\daily\2008\20744.csv.gz
20744,daily,2009,https://data.meteostat.net/daily/2009/20744.csv.gz,C:\Users\LL1urace\OneDrive\Рабочий стол\meteostat_bulk_downloader_pack\meteostat_arctic_20_daily_monthly\daily\2009\20744.csv.gz
20744,daily,2010,https://data.meteostat.net/daily/2010/20744.csv.gz,C:\Users\LL1urace\OneDrive\Рабочий стол\meteostat_bulk_downloader_pack\meteostat_arctic_20_daily_monthly\daily\2010\20744.csv.gz
20744,daily,2011,https://data.meteostat.net/daily/2011/20744.csv.gz,C:\Users\LL1urace\OneDrive\Рабочий стол\meteostat_bulk_downloader_pack\meteostat_arctic_20_daily_monthly\daily\2011\20744.csv.gz
20744,daily,2012,https://data.meteostat.net/daily/2012/20744.csv.gz,C:\Users\LL1urace\OneDrive\Рабочий стол\meteostat_bulk_downloader_pack\meteostat_arctic_20_daily_monthly\daily\2012\20744.csv.gz
20744,daily,2013,https://data.meteostat.net/daily/2013/20744.csv.gz,C:\Users\LL1urace\OneDrive\Рабочий стол\meteostat_bulk_downloader_pack\meteostat_arctic_20_daily_monthly\daily\2013\20744.csv.gz
20744,daily,2014,https://data.meteostat.net/daily/2014/20744.csv.gz,C:\Users\LL1urace\OneDrive\Рабочий стол\meteostat_bulk_downloader_pack\meteostat_arctic_20_daily_monthly\daily\2014\20744.csv.gz
20744,daily,2015,https://data.meteostat.net/daily/2015/20744.csv.gz,C:\Users\LL1urace\OneDrive\Рабочий стол\meteostat_bulk_downloader_pack\meteostat_arctic_20_daily_monthly\daily\2015\20744.csv.gz
20744,daily,2016,https://data.meteostat.net/daily/2016/20744.csv.gz,C:\Users\LL1urace\OneDrive\Рабочий стол\meteostat_bulk_downloader_pack\meteostat_arctic_20_daily_monthly\daily\2016\20744.csv.gz
20744,daily,2017,https://data.meteostat.net/daily/2017/20744.csv.gz,C:\Users\LL1urace\OneDrive\Рабочий стол\meteostat_bulk_downloader_pack\meteostat_arctic_20_daily_monthly\daily\2017\20744.csv.gz
20744,daily,2018,https://data.meteostat.net/daily/2018/20744.csv.gz,C:\Users\LL1urace\OneDrive\Рабочий стол\meteostat_bulk_downloader_pack\meteostat_arctic_20_daily_monthly\daily\2018\20744.csv.gz
20744,daily,2019,https://data.meteostat.net/daily/2019/20744.csv.gz,C:\Users\LL1urace\OneDrive\Рабочий стол\meteostat_bulk_downloader_pack\meteostat_arctic_20_daily_monthly\daily\2019\20744.csv.gz
20744,daily,2020,https://data.meteostat.net/daily/2020/20744.csv.gz,C:\Users\LL1urace\OneDrive\Рабочий стол\meteostat_bulk_downloader_pack\meteostat_arctic_20_daily_monthly\daily\2020\20744.csv.gz
20744,daily,2021,https://data.meteostat.net/daily/2021/20744.csv.gz,C:\Users\LL1urace\OneDrive\Рабочий стол\meteostat_bulk_downloader_pack\meteostat_arctic_20_daily_monthly\daily\2021\20744.csv.gz
20744,daily,2022,https://data.meteostat.net/daily/2022/20744.csv.gz,C:\Users\LL1urace\OneDrive\Рабочий стол\meteostat_bulk_downloader_pack\meteostat_arctic_20_daily_monthly\daily\2022\20744.csv.gz
20744,daily,2023,https://data.meteostat.net/daily/2023/20744.csv.gz,C:\Users\LL1urace\OneDrive\Рабочий стол\meteostat_bulk_downloader_pack\meteostat_arctic_20_daily_monthly\daily\2023\20744.csv.gz
20744,daily,2024,https://data.meteostat.net/daily/2024/20744.csv.gz,C:\Users\LL1urace\OneDrive\Рабочий стол\meteostat_bulk_downloader_pack\meteostat_arctic_20_daily_monthly\daily\2024\20744.csv.gz
20744,daily,2025,https://data.meteostat.net/daily/2025/20744.csv.gz,C:\Users\LL1urace\OneDrive\Рабочий стол\meteostat_bulk_downloader_pack\meteostat_arctic_20_daily_monthly\daily\2025\20744.csv.gz
20744,daily,2026,https://data.meteostat.net/daily/2026/20744.csv.gz,C:\Users\LL1urace\OneDrive\Рабочий стол\meteostat_bulk_downloader_pack\meteostat_arctic_20_daily_monthly\daily\2026\20744.csv.gz
23205,monthly,,https://data.meteostat.net/monthly/23205.csv.gz,C:\Users\LL1urace\OneDrive\Рабочий стол\meteostat_bulk_downloader_pack\meteostat_arctic_20_daily_monthly\monthly\23205.csv.gz
23205,daily,1900,https://data.meteostat.net/daily/1900/23205.csv.gz,C:\Users\LL1urace\OneDrive\Рабочий стол\meteostat_bulk_downloader_pack\meteostat_arctic_20_daily_monthly\daily\1900\23205.csv.gz
23205,daily,1901,https://data.meteostat.net/daily/1901/23205.csv.gz,C:\Users\LL1urace\OneDrive\Рабочий стол\meteostat_bulk_downloader_pack\meteostat_arctic_20_daily_monthly\daily\1901\23205.csv.gz
23205,daily,1902,https://data.meteostat.net/daily/1902/23205.csv.gz,C:\Users\LL1urace\OneDrive\Рабочий стол\meteostat_bulk_downloader_pack\meteostat_arctic_20_daily_monthly\daily\1902\23205.csv.gz
23205,daily,1903,https://data.meteostat.net/daily/1903/23205.csv.gz,C:\Users\LL1urace\OneDrive\Рабочий стол\meteostat_bulk_downloader_pack\meteostat_arctic_20_daily_monthly\daily\1903\23205.csv.gz
23205,daily,1904,https://data.meteostat.net/daily/1904/23205.csv.gz,C:\Users\LL1urace\OneDrive\Рабочий стол\meteostat_bulk_downloader_pack\meteostat_arctic_20_daily_monthly\daily\1904\23205.csv.gz
23205,daily,1905,https://data.meteostat.net/daily/1905/23205.csv.gz,C:\Users\LL1urace\OneDrive\Рабочий стол\meteostat_bulk_downloader_pack\meteostat_arctic_20_daily_monthly\daily\1905\23205.csv.gz
23205,daily,1906,https://data.meteostat.net/daily/1906/23205.csv.gz,C:\Users\LL1urace\OneDrive\Рабочий стол\meteostat_bulk_downloader_pack\meteostat_arctic_20_daily_monthly\daily\1906\23205.csv.gz
23205,daily,1907,https://data.meteostat.net/daily/1907/23205.csv.gz,C:\Users\LL1urace\OneDrive\Рабочий стол\meteostat_bulk_downloader_pack\meteostat_arctic_20_daily_monthly\daily\1907\23205.csv.gz
23205,daily,1908,https://data.meteostat.net/daily/1908/23205.csv.gz,C:\Users\LL1urace\OneDrive\Рабочий стол\meteostat_bulk_downloader_pack\meteostat_arctic_20_daily_monthly\daily\1908\23205.csv.gz
23205,daily,1909,https://data.meteostat.net/daily/1909/23205.csv.gz,C:\Users\LL1urace\OneDrive\Рабочий стол\meteostat_bulk_downloader_pack\meteostat_arctic_20_daily_monthly\daily\1909\23205.csv.gz
23205,daily,1910,https://data.meteostat.net/daily/1910/23205.csv.gz,C:\Users\LL1urace\OneDrive\Рабочий стол\meteostat_bulk_downloader_pack\meteostat_arctic_20_daily_monthly\daily\1910\23205.csv.gz
23205,daily,1911,https://data.meteostat.net/daily/1911/23205.csv.gz,C:\Users\LL1urace\OneDrive\Рабочий стол\meteostat_bulk_downloader_pack\meteostat_arctic_20_daily_monthly\daily\1911\23205.csv.gz
23205,daily,1912,https://data.meteostat.net/daily/1912/23205.csv.gz,C:\Users\LL1urace\OneDrive\Рабочий стол\meteostat_bulk_downloader_pack\meteostat_arctic_20_daily_monthly\daily\1912\23205.csv.gz
23205,daily,1913,https://data.meteostat.net/daily/1913/23205.csv.gz,C:\Users\LL1urace\OneDrive\Рабочий стол\meteostat_bulk_downloader_pack\meteostat_arctic_20_daily_monthly\daily\1913\23205.csv.gz
23205,daily,1914,https://data.meteostat.net/daily/1914/23205.csv.gz,C:\Users\LL1urace\OneDrive\Рабочий стол\meteostat_bulk_downloader_pack\meteostat_arctic_20_daily_monthly\daily\1914\23205.csv.gz
23205,daily,1915,https://data.meteostat.net/daily/1915/23205.csv.gz,C:\Users\LL1urace\OneDrive\Рабочий стол\meteostat_bulk_downloader_pack\meteostat_arctic_20_daily_monthly\daily\1915\23205.csv.gz
23205,daily,1916,https://data.meteostat.net/daily/1916/23205.csv.gz,C:\Users\LL1urace\OneDrive\Рабочий стол\meteostat_bulk_downloader_pack\meteostat_arctic_20_daily_monthly\daily\1916\23205.csv.gz
23205,daily,1917,https://data.meteostat.net/daily/1917/23205.csv.gz,C:\Users\LL1urace\OneDrive\Рабочий стол\meteostat_bulk_downloader_pack\meteostat_arctic_20_daily_monthly\daily\1917\23205.csv.gz
23205,daily,1918,https://data.meteostat.net/daily/1918/23205.csv.gz,C:\Users\LL1urace\OneDrive\Рабочий стол\meteostat_bulk_downloader_pack\meteostat_arctic_20_daily_monthly\daily\1918\23205.csv.gz
23205,daily,1919,https://data.meteostat.net/daily/1919/23205.csv.gz,C:\Users\LL1urace\OneDrive\Рабочий стол\meteostat_bulk_downloader_pack\meteostat_arctic_20_daily_monthly\daily\1919\23205.csv.gz
23205,daily,1920,https://data.meteostat.net/daily/1920/23205.csv.gz,C:\Users\LL1urace\OneDrive\Рабочий стол\meteostat_bulk_downloader_pack\meteostat_arctic_20_daily_monthly\daily\1920\23205.csv.gz
23205,daily,1921,https://data.meteostat.net/daily/1921/23205.csv.gz,C:\Users\LL1urace\OneDrive\Рабочий стол\meteostat_bulk_downloader_pack\meteostat_arctic_20_daily_monthly\daily\1921\23205.csv.gz
23205,daily,1922,https://data.meteostat.net/daily/1922/23205.csv.gz,C:\Users\LL1urace\OneDrive\Рабочий стол\meteostat_bulk_downloader_pack\meteostat_arctic_20_daily_monthly\daily\1922\23205.csv.gz
23205,daily,1923,https://data.meteostat.net/daily/1923/23205.csv.gz,C:\Users\LL1urace\OneDrive\Рабочий стол\meteostat_bulk_downloader_pack\meteostat_arctic_20_daily_monthly\daily\1923\23205.csv.gz
23205,daily,1924,https://data.meteostat.net/daily/1924/23205.csv.gz,C:\Users\LL1urace\OneDrive\Рабочий стол\meteostat_bulk_downloader_pack\meteostat_arctic_20_daily_monthly\daily\1924\23205.csv.gz
23205,daily,1925,https://data.meteostat.net/daily/1925/23205.csv.gz,C:\Users\LL1urace\OneDrive\Рабочий стол\meteostat_bulk_downloader_pack\meteostat_arctic_20_daily_monthly\daily\1925\23205.csv.gz
23205,daily,1926,https://data.meteostat.net/daily/1926/23205.csv.gz,C:\Users\LL1urace\OneDrive\Рабочий стол\meteostat_bulk_downloader_pack\meteostat_arctic_20_daily_monthly\daily\1926\23205.csv.gz
23205,daily,1927,https://data.meteostat.net/daily/1927/23205.csv.gz,C:\Users\LL1urace\OneDrive\Рабочий стол\meteostat_bulk_downloader_pack\meteostat_arctic_20_daily_monthly\daily\1927\23205.csv.gz
23205,daily,1928,https://data.meteostat.net/daily/1928/23205.csv.gz,C:\Users\LL1urace\OneDrive\Рабочий стол\meteostat_bulk_downloader_pack\meteostat_arctic_20_daily_monthly\daily\1928\23205.csv.gz
23205,daily,1929,https://data.meteostat.net/daily/1929/23205.csv.gz,C:\Users\LL1urace\OneDrive\Рабочий стол\meteostat_bulk_downloader_pack\meteostat_arctic_20_daily_monthly\daily\1929\23205.csv.gz
23205,daily,1930,https://data.meteostat.net/daily/1930/23205.csv.gz,C:\Users\LL1urace\OneDrive\Рабочий стол\meteostat_bulk_downloader_pack\meteostat_arctic_20_daily_monthly\daily\1930\23205.csv.gz
23205,daily,1931,https://data.meteostat.net/daily/1931/23205.csv.gz,C:\Users\LL1urace\OneDrive\Рабочий стол\meteostat_bulk_downloader_pack\meteostat_arctic_20_daily_monthly\daily\1931\23205.csv.gz
23205,daily,1932,https://data.meteostat.net/daily/1932/23205.csv.gz,C:\Users\LL1urace\OneDrive\Рабочий стол\meteostat_bulk_downloader_pack\meteostat_arctic_20_daily_monthly\daily\1932\23205.csv.gz
23205,daily,1933,https://data.meteostat.net/daily/1933/23205.csv.gz,C:\Users\LL1urace\OneDrive\Рабочий стол\meteostat_bulk_downloader_pack\meteostat_arctic_20_daily_monthly\daily\1933\23205.csv.gz
23205,daily,1934,https://data.meteostat.net/daily/1934/23205.csv.gz,C:\Users\LL1urace\OneDrive\Рабочий стол\meteostat_bulk_downloader_pack\meteostat_arctic_20_daily_monthly\daily\1934\23205.csv.gz
23205,daily,1935,https://data.meteostat.net/daily/1935/23205.csv.gz,C:\Users\LL1urace\OneDrive\Рабочий стол\meteostat_bulk_downloader_pack\meteostat_arctic_20_daily_monthly\daily\1935\23205.csv.gz
23205,daily,1936,https://data.meteostat.net/daily/1936/23205.csv.gz,C:\Users\LL1urace\OneDrive\Рабочий стол\meteostat_bulk_downloader_pack\meteostat_arctic_20_daily_monthly\daily\1936\23205.csv.gz
23205,daily,1937,https://data.meteostat.net/daily/1937/23205.csv.gz,C:\Users\LL1urace\OneDrive\Рабочий стол\meteostat_bulk_downloader_pack\meteostat_arctic_20_daily_monthly\daily\1937\23205.csv.gz
23205,daily,1938,https://data.meteostat.net/daily/1938/23205.csv.gz,C:\Users\LL1urace\OneDrive\Рабочий стол\meteostat_bulk_downloader_pack\meteostat_arctic_20_daily_monthly\daily\1938\23205.csv.gz
23205,daily,1939,https://data.meteostat.net/daily/1939/23205.csv.gz,C:\Users\LL1urace\OneDrive\Рабочий стол\meteostat_bulk_downloader_pack\meteostat_arctic_20_daily_monthly\daily\1939\23205.csv.gz
23205,daily,1940,https://data.meteostat.net/daily/1940/23205.csv.gz,C:\Users\LL1urace\OneDrive\Рабочий стол\meteostat_bulk_downloader_pack\meteostat_arctic_20_daily_monthly\daily\1940\23205.csv.gz
23205,daily,1941,https://data.meteostat.net/daily/1941/23205.csv.gz,C:\Users\LL1urace\OneDrive\Рабочий стол\meteostat_bulk_downloader_pack\meteostat_arctic_20_daily_monthly\daily\1941\23205.csv.gz
23205,daily,1942,https://data.meteostat.net/daily/1942/23205.csv.gz,C:\Users\LL1urace\OneDrive\Рабочий стол\meteostat_bulk_downloader_pack\meteostat_arctic_20_daily_monthly\daily\1942\23205.csv.gz
23205,daily,1943,https://data.meteostat.net/daily/1943/23205.csv.gz,C:\Users\LL1urace\OneDrive\Рабочий стол\meteostat_bulk_downloader_pack\meteostat_arctic_20_daily_monthly\daily\1943\23205.csv.gz
23205,daily,1944,https://data.meteostat.net/daily/1944/23205.csv.gz,C:\Users\LL1urace\OneDrive\Рабочий стол\meteostat_bulk_downloader_pack\meteostat_arctic_20_daily_monthly\daily\1944\23205.csv.gz
23205,daily,1945,https://data.meteostat.net/daily/1945/23205.csv.gz,C:\Users\LL1urace\OneDrive\Рабочий стол\meteostat_bulk_downloader_pack\meteostat_arctic_20_daily_monthly\daily\1945\23205.csv.gz
23205,daily,1946,https://data.meteostat.net/daily/1946/23205.csv.gz,C:\Users\LL1urace\OneDrive\Рабочий стол\meteostat_bulk_downloader_pack\meteostat_arctic_20_daily_monthly\daily\1946\23205.csv.gz
23205,daily,1947,https://data.meteostat.net/daily/1947/23205.csv.gz,C:\Users\LL1urace\OneDrive\Рабочий стол\meteostat_bulk_downloader_pack\meteostat_arctic_20_daily_monthly\daily\1947\23205.csv.gz
23205,daily,1948,https://data.meteostat.net/daily/1948/23205.csv.gz,C:\Users\LL1urace\OneDrive\Рабочий стол\meteostat_bulk_downloader_pack\meteostat_arctic_20_daily_monthly\daily\1948\23205.csv.gz
23205,daily,1949,https://data.meteostat.net/daily/1949/23205.csv.gz,C:\Users\LL1urace\OneDrive\Рабочий стол\meteostat_bulk_downloader_pack\meteostat_arctic_20_daily_monthly\daily\1949\23205.csv.gz
23205,daily,1950,https://data.meteostat.net/daily/1950/23205.csv.gz,C:\Users\LL1urace\OneDrive\Рабочий стол\meteostat_bulk_downloader_pack\meteostat_arctic_20_daily_monthly\daily\1950\23205.csv.gz
23205,daily,1951,https://data.meteostat.net/daily/1951/23205.csv.gz,C:\Users\LL1urace\OneDrive\Рабочий стол\meteostat_bulk_downloader_pack\meteostat_arctic_20_daily_monthly\daily\1951\23205.csv.gz
23205,daily,1952,https://data.meteostat.net/daily/1952/23205.csv.gz,C:\Users\LL1urace\OneDrive\Рабочий стол\meteostat_bulk_downloader_pack\meteostat_arctic_20_daily_monthly\daily\1952\23205.csv.gz
23205,daily,1953,https://data.meteostat.net/daily/1953/23205.csv.gz,C:\Users\LL1urace\OneDrive\Рабочий стол\meteostat_bulk_downloader_pack\meteostat_arctic_20_daily_monthly\daily\1953\23205.csv.gz
23205,daily,1954,https://data.meteostat.net/daily/1954/23205.csv.gz,C:\Users\LL1urace\OneDrive\Рабочий стол\meteostat_bulk_downloader_pack\meteostat_arctic_20_daily_monthly\daily\1954\23205.csv.gz
23205,daily,1955,https://data.meteostat.net/daily/1955/23205.csv.gz,C:\Users\LL1urace\OneDrive\Рабочий стол\meteostat_bulk_downloader_pack\meteostat_arctic_20_daily_monthly\daily\1955\23205.csv.gz
23205,daily,1956,https://data.meteostat.net/daily/1956/23205.csv.gz,C:\Users\LL1urace\OneDrive\Рабочий стол\meteostat_bulk_downloader_pack\meteostat_arctic_20_daily_monthly\daily\1956\23205.csv.gz
23205,daily,1957,https://data.meteostat.net/daily/1957/23205.csv.gz,C:\Users\LL1urace\OneDrive\Рабочий стол\meteostat_bulk_downloader_pack\meteostat_arctic_20_daily_monthly\daily\1957\23205.csv.gz
23205,daily,1958,https://data.meteostat.net/daily/1958/23205.csv.gz,C:\Users\LL1urace\OneDrive\Рабочий стол\meteostat_bulk_downloader_pack\meteostat_arctic_20_daily_monthly\daily\1958\23205.csv.gz
23205,daily,1959,https://data.meteostat.net/daily/1959/23205.csv.gz,C:\Users\LL1urace\OneDrive\Рабочий стол\meteostat_bulk_downloader_pack\meteostat_arctic_20_daily_monthly\daily\1959\23205.csv.gz
23205,daily,1960,https://data.meteostat.net/daily/1960/23205.csv.gz,C:\Users\LL1urace\OneDrive\Рабочий стол\meteostat_bulk_downloader_pack\meteostat_arctic_20_daily_monthly\daily\1960\23205.csv.gz
23205,daily,1961,https://data.meteostat.net/daily/1961/23205.csv.gz,C:\Users\LL1urace\OneDrive\Рабочий стол\meteostat_bulk_downloader_pack\meteostat_arctic_20_daily_monthly\daily\1961\23205.csv.gz
23205,daily,1962,https://data.meteostat.net/daily/1962/23205.csv.gz,C:\Users\LL1urace\OneDrive\Рабочий стол\meteostat_bulk_downloader_pack\meteostat_arctic_20_daily_monthly\daily\1962\23205.csv.gz
23205,daily,1963,https://data.meteostat.net/daily/1963/23205.csv.gz,C:\Users\LL1urace\OneDrive\Рабочий стол\meteostat_bulk_downloader_pack\meteostat_arctic_20_daily_monthly\daily\1963\23205.csv.gz
23205,daily,1964,https://data.meteostat.net/daily/1964/23205.csv.gz,C:\Users\LL1urace\OneDrive\Рабочий стол\meteostat_bulk_downloader_pack\meteostat_arctic_20_daily_monthly\daily\1964\23205.csv.gz
23205,daily,1965,https://data.meteostat.net/daily/1965/23205.csv.gz,C:\Users\LL1urace\OneDrive\Рабочий стол\meteostat_bulk_downloader_pack\meteostat_arctic_20_daily_monthly\daily\1965\23205.csv.gz
23205,daily,1966,https://data.meteostat.net/daily/1966/23205.csv.gz,C:\Users\LL1urace\OneDrive\Рабочий стол\meteostat_bulk_downloader_pack\meteostat_arctic_20_daily_monthly\daily\1966\23205.csv.gz
23205,daily,1967,https://data.meteostat.net/daily/1967/23205.csv.gz,C:\Users\LL1urace\OneDrive\Рабочий стол\meteostat_bulk_downloader_pack\meteostat_arctic_20_daily_monthly\daily\1967\23205.csv.gz
23205,daily,1968,https://data.meteostat.net/daily/1968/23205.csv.gz,C:\Users\LL1urace\OneDrive\Рабочий стол\meteostat_bulk_downloader_pack\meteostat_arctic_20_daily_monthly\daily\1968\23205.csv.gz
23205,daily,1969,https://data.meteostat.net/daily/1969/23205.csv.gz,C:\Users\LL1urace\OneDrive\Рабочий стол\meteostat_bulk_downloader_pack\meteostat_arctic_20_daily_monthly\daily\1969\23205.csv.gz
23205,daily,1970,https://data.meteostat.net/daily/1970/23205.csv.gz,C:\Users\LL1urace\OneDrive\Рабочий стол\meteostat_bulk_downloader_pack\meteostat_arctic_20_daily_monthly\daily\1970\23205.csv.gz
23205,daily,1971,https://data.meteostat.net/daily/1971/23205.csv.gz,C:\Users\LL1urace\OneDrive\Рабочий стол\meteostat_bulk_downloader_pack\meteostat_arctic_20_daily_monthly\daily\1971\23205.csv.gz
23205,daily,1972,https://data.meteostat.net/daily/1972/23205.csv.gz,C:\Users\LL1urace\OneDrive\Рабочий стол\meteostat_bulk_downloader_pack\meteostat_arctic_20_daily_monthly\daily\1972\23205.csv.gz
23205,daily,1973,https://data.meteostat.net/daily/1973/23205.csv.gz,C:\Users\LL1urace\OneDrive\Рабочий стол\meteostat_bulk_downloader_pack\meteostat_arctic_20_daily_monthly\daily\1973\23205.csv.gz
23205,daily,1974,https://data.meteostat.net/daily/1974/23205.csv.gz,C:\Users\LL1urace\OneDrive\Рабочий стол\meteostat_bulk_downloader_pack\meteostat_arctic_20_daily_monthly\daily\1974\23205.csv.gz
23205,daily,1975,https://data.meteostat.net/daily/1975/23205.csv.gz,C:\Users\LL1urace\OneDrive\Рабочий стол\meteostat_bulk_downloader_pack\meteostat_arctic_20_daily_monthly\daily\1975\23205.csv.gz
23205,daily,1976,https://data.meteostat.net/daily/1976/23205.csv.gz,C:\Users\LL1urace\OneDrive\Рабочий стол\meteostat_bulk_downloader_pack\meteostat_arctic_20_daily_monthly\daily\1976\23205.csv.gz
23205,daily,1977,https://data.meteostat.net/daily/1977/23205.csv.gz,C:\Users\LL1urace\OneDrive\Рабочий стол\meteostat_bulk_downloader_pack\meteostat_arctic_20_daily_monthly\daily\1977\23205.csv.gz
23205,daily,1978,https://data.meteostat.net/daily/1978/23205.csv.gz,C:\Users\LL1urace\OneDrive\Рабочий стол\meteostat_bulk_downloader_pack\meteostat_arctic_20_daily_monthly\daily\1978\23205.csv.gz
23205,daily,1979,https://data.meteostat.net/daily/1979/23205.csv.gz,C:\Users\LL1urace\OneDrive\Рабочий стол\meteostat_bulk_downloader_pack\meteostat_arctic_20_daily_monthly\daily\1979\23205.csv.gz
23205,daily,1980,https://data.meteostat.net/daily/1980/23205.csv.gz,C:\Users\LL1urace\OneDrive\Рабочий стол\meteostat_bulk_downloader_pack\meteostat_arctic_20_daily_monthly\daily\1980\23205.csv.gz
23205,daily,1981,https://data.meteostat.net/daily/1981/23205.csv.gz,C:\Users\LL1urace\OneDrive\Рабочий стол\meteostat_bulk_downloader_pack\meteostat_arctic_20_daily_monthly\daily\1981\23205.csv.gz
23205,daily,1982,https://data.meteostat.net/daily/1982/23205.csv.gz,C:\Users\LL1urace\OneDrive\Рабочий стол\meteostat_bulk_downloader_pack\meteostat_arctic_20_daily_monthly\daily\1982\23205.csv.gz
23205,daily,1983,https://data.meteostat.net/daily/1983/23205.csv.gz,C:\Users\LL1urace\OneDrive\Рабочий стол\meteostat_bulk_downloader_pack\meteostat_arctic_20_daily_monthly\daily\1983\23205.csv.gz
23205,daily,1984,https://data.meteostat.net/daily/1984/23205.csv.gz,C:\Users\LL1urace\OneDrive\Рабочий стол\meteostat_bulk_downloader_pack\meteostat_arctic_20_daily_monthly\daily\1984\23205.csv.gz
23205,daily,1985,https://data.meteostat.net/daily/1985/23205.csv.gz,C:\Users\LL1urace\OneDrive\Рабочий стол\meteostat_bulk_downloader_pack\meteostat_arctic_20_daily_monthly\daily\1985\23205.csv.gz
23205,daily,1986,https://data.meteostat.net/daily/1986/23205.csv.gz,C:\Users\LL1urace\OneDrive\Рабочий стол\meteostat_bulk_downloader_pack\meteostat_arctic_20_daily_monthly\daily\1986\23205.csv.gz
23205,daily,1987,https://data.meteostat.net/daily/1987/23205.csv.gz,C:\Users\LL1urace\OneDrive\Рабочий стол\meteostat_bulk_downloader_pack\meteostat_arctic_20_daily_monthly\daily\1987\23205.csv.gz
23205,daily,1988,https://data.meteostat.net/daily/1988/23205.csv.gz,C:\Users\LL1urace\OneDrive\Рабочий стол\meteostat_bulk_downloader_pack\meteostat_arctic_20_daily_monthly\daily\1988\23205.csv.gz
23205,daily,1989,https://data.meteostat.net/daily/1989/23205.csv.gz,C:\Users\LL1urace\OneDrive\Рабочий стол\meteostat_bulk_downloader_pack\meteostat_arctic_20_daily_monthly\daily\1989\23205.csv.gz
23205,daily,1990,https://data.meteostat.net/daily/1990/23205.csv.gz,C:\Users\LL1urace\OneDrive\Рабочий стол\meteostat_bulk_downloader_pack\meteostat_arctic_20_daily_monthly\daily\1990\23205.csv.gz
23205,daily,1991,https://data.meteostat.net/daily/1991/23205.csv.gz,C:\Users\LL1urace\OneDrive\Рабочий стол\meteostat_bulk_downloader_pack\meteostat_arctic_20_daily_monthly\daily\1991\23205.csv.gz
23205,daily,1992,https://data.meteostat.net/daily/1992/23205.csv.gz,C:\Users\LL1urace\OneDrive\Рабочий стол\meteostat_bulk_downloader_pack\meteostat_arctic_20_daily_monthly\daily\1992\23205.csv.gz
23205,daily,1993,https://data.meteostat.net/daily/1993/23205.csv.gz,C:\Users\LL1urace\OneDrive\Рабочий стол\meteostat_bulk_downloader_pack\meteostat_arctic_20_daily_monthly\daily\1993\23205.csv.gz
23205,daily,1994,https://data.meteostat.net/daily/1994/23205.csv.gz,C:\Users\LL1urace\OneDrive\Рабочий стол\meteostat_bulk_downloader_pack\meteostat_arctic_20_daily_monthly\daily\1994\23205.csv.gz
23205,daily,1995,https://data.meteostat.net/daily/1995/23205.csv.gz,C:\Users\LL1urace\OneDrive\Рабочий стол\meteostat_bulk_downloader_pack\meteostat_arctic_20_daily_monthly\daily\1995\23205.csv.gz
23205,daily,1996,https://data.meteostat.net/daily/1996/23205.csv.gz,C:\Users\LL1urace\OneDrive\Рабочий стол\meteostat_bulk_downloader_pack\meteostat_arctic_20_daily_monthly\daily\1996\23205.csv.gz
23205,daily,1997,https://data.meteostat.net/daily/1997/23205.csv.gz,C:\Users\LL1urace\OneDrive\Рабочий стол\meteostat_bulk_downloader_pack\meteostat_arctic_20_daily_monthly\daily\1997\23205.csv.gz
23205,daily,1998,https://data.meteostat.net/daily/1998/23205.csv.gz,C:\Users\LL1urace\OneDrive\Рабочий стол\meteostat_bulk_downloader_pack\meteostat_arctic_20_daily_monthly\daily\1998\23205.csv.gz
23205,daily,1999,https://data.meteostat.net/daily/1999/23205.csv.gz,C:\Users\LL1urace\OneDrive\Рабочий стол\meteostat_bulk_downloader_pack\meteostat_arctic_20_daily_monthly\daily\1999\23205.csv.gz
23205,daily,2000,https://data.meteostat.net/daily/2000/23205.csv.gz,C:\Users\LL1urace\OneDrive\Рабочий стол\meteostat_bulk_downloader_pack\meteostat_arctic_20_daily_monthly\daily\2000\23205.csv.gz
23205,daily,2001,https://data.meteostat.net/daily/2001/23205.csv.gz,C:\Users\LL1urace\OneDrive\Рабочий стол\meteostat_bulk_downloader_pack\meteostat_arctic_20_daily_monthly\daily\2001\23205.csv.gz
23205,daily,2002,https://data.meteostat.net/daily/2002/23205.csv.gz,C:\Users\LL1urace\OneDrive\Рабочий стол\meteostat_bulk_downloader_pack\meteostat_arctic_20_daily_monthly\daily\2002\23205.csv.gz
23205,daily,2003,https://data.meteostat.net/daily/2003/23205.csv.gz,C:\Users\LL1urace\OneDrive\Рабочий стол\meteostat_bulk_downloader_pack\meteostat_arctic_20_daily_monthly\daily\2003\23205.csv.gz
23205,daily,2004,https://data.meteostat.net/daily/2004/23205.csv.gz,C:\Users\LL1urace\OneDrive\Рабочий стол\meteostat_bulk_downloader_pack\meteostat_arctic_20_daily_monthly\daily\2004\23205.csv.gz
23205,daily,2005,https://data.meteostat.net/daily/2005/23205.csv.gz,C:\Users\LL1urace\OneDrive\Рабочий стол\meteostat_bulk_downloader_pack\meteostat_arctic_20_daily_monthly\daily\2005\23205.csv.gz
23205,daily,2006,https://data.meteostat.net/daily/2006/23205.csv.gz,C:\Users\LL1urace\OneDrive\Рабочий стол\meteostat_bulk_downloader_pack\meteostat_arctic_20_daily_monthly\daily\2006\23205.csv.gz
23205,daily,2007,https://data.meteostat.net/daily/2007/23205.csv.gz,C:\Users\LL1urace\OneDrive\Рабочий стол\meteostat_bulk_downloader_pack\meteostat_arctic_20_daily_monthly\daily\2007\23205.csv.gz
23205,daily,2008,https://data.meteostat.net/daily/2008/23205.csv.gz,C:\Users\LL1urace\OneDrive\Рабочий стол\meteostat_bulk_downloader_pack\meteostat_arctic_20_daily_monthly\daily\2008\23205.csv.gz
23205,daily,2009,https://data.meteostat.net/daily/2009/23205.csv.gz,C:\Users\LL1urace\OneDrive\Рабочий стол\meteostat_bulk_downloader_pack\meteostat_arctic_20_daily_monthly\daily\2009\23205.csv.gz
23205,daily,2010,https://data.meteostat.net/daily/2010/23205.csv.gz,C:\Users\LL1urace\OneDrive\Рабочий стол\meteostat_bulk_downloader_pack\meteostat_arctic_20_daily_monthly\daily\2010\23205.csv.gz
23205,daily,2011,https://data.meteostat.net/daily/2011/23205.csv.gz,C:\Users\LL1urace\OneDrive\Рабочий стол\meteostat_bulk_downloader_pack\meteostat_arctic_20_daily_monthly\daily\2011\23205.csv.gz
23205,daily,2012,https://data.meteostat.net/daily/2012/23205.csv.gz,C:\Users\LL1urace\OneDrive\Рабочий стол\meteostat_bulk_downloader_pack\meteostat_arctic_20_daily_monthly\daily\2012\23205.csv.gz
23205,daily,2013,https://data.meteostat.net/daily/2013/23205.csv.gz,C:\Users\LL1urace\OneDrive\Рабочий стол\meteostat_bulk_downloader_pack\meteostat_arctic_20_daily_monthly\daily\2013\23205.csv.gz
23205,daily,2014,https://data.meteostat.net/daily/2014/23205.csv.gz,C:\Users\LL1urace\OneDrive\Рабочий стол\meteostat_bulk_downloader_pack\meteostat_arctic_20_daily_monthly\daily\2014\23205.csv.gz
23205,daily,2015,https://data.meteostat.net/daily/2015/23205.csv.gz,C:\Users\LL1urace\OneDrive\Рабочий стол\meteostat_bulk_downloader_pack\meteostat_arctic_20_daily_monthly\daily\2015\23205.csv.gz
23205,daily,2016,https://data.meteostat.net/daily/2016/23205.csv.gz,C:\Users\LL1urace\OneDrive\Рабочий стол\meteostat_bulk_downloader_pack\meteostat_arctic_20_daily_monthly\daily\2016\23205.csv.gz
23205,daily,2017,https://data.meteostat.net/daily/2017/23205.csv.gz,C:\Users\LL1urace\OneDrive\Рабочий стол\meteostat_bulk_downloader_pack\meteostat_arctic_20_daily_monthly\daily\2017\23205.csv.gz
23205,daily,2018,https://data.meteostat.net/daily/2018/23205.csv.gz,C:\Users\LL1urace\OneDrive\Рабочий стол\meteostat_bulk_downloader_pack\meteostat_arctic_20_daily_monthly\daily\2018\23205.csv.gz
23205,daily,2019,https://data.meteostat.net/daily/2019/23205.csv.gz,C:\Users\LL1urace\OneDrive\Рабочий стол\meteostat_bulk_downloader_pack\meteostat_arctic_20_daily_monthly\daily\2019\23205.csv.gz
23205,daily,2020,https://data.meteostat.net/daily/2020/23205.csv.gz,C:\Users\LL1urace\OneDrive\Рабочий стол\meteostat_bulk_downloader_pack\meteostat_arctic_20_daily_monthly\daily\2020\23205.csv.gz
23205,daily,2021,https://data.meteostat.net/daily/2021/23205.csv.gz,C:\Users\LL1urace\OneDrive\Рабочий стол\meteostat_bulk_downloader_pack\meteostat_arctic_20_daily_monthly\daily\2021\23205.csv.gz
23205,daily,2022,https://data.meteostat.net/daily/2022/23205.csv.gz,C:\Users\LL1urace\OneDrive\Рабочий стол\meteostat_bulk_downloader_pack\meteostat_arctic_20_daily_monthly\daily\2022\23205.csv.gz
23205,daily,2023,https://data.meteostat.net/daily/2023/23205.csv.gz,C:\Users\LL1urace\OneDrive\Рабочий стол\meteostat_bulk_downloader_pack\meteostat_arctic_20_daily_monthly\daily\2023\23205.csv.gz
23205,daily,2024,https://data.meteostat.net/daily/2024/23205.csv.gz,C:\Users\LL1urace\OneDrive\Рабочий стол\meteostat_bulk_downloader_pack\meteostat_arctic_20_daily_monthly\daily\2024\23205.csv.gz
23205,daily,2025,https://data.meteostat.net/daily/2025/23205.csv.gz,C:\Users\LL1urace\OneDrive\Рабочий стол\meteostat_bulk_downloader_pack\meteostat_arctic_20_daily_monthly\daily\2025\23205.csv.gz
23205,daily,2026,https://data.meteostat.net/daily/2026/23205.csv.gz,C:\Users\LL1urace\OneDrive\Рабочий стол\meteostat_bulk_downloader_pack\meteostat_arctic_20_daily_monthly\daily\2026\23205.csv.gz
23022,monthly,,https://data.meteostat.net/monthly/23022.csv.gz,C:\Users\LL1urace\OneDrive\Рабочий стол\meteostat_bulk_downloader_pack\meteostat_arctic_20_daily_monthly\monthly\23022.csv.gz
23022,daily,1900,https://data.meteostat.net/daily/1900/23022.csv.gz,C:\Users\LL1urace\OneDrive\Рабочий стол\meteostat_bulk_downloader_pack\meteostat_arctic_20_daily_monthly\daily\1900\23022.csv.gz
23022,daily,1901,https://data.meteostat.net/daily/1901/23022.csv.gz,C:\Users\LL1urace\OneDrive\Рабочий стол\meteostat_bulk_downloader_pack\meteostat_arctic_20_daily_monthly\daily\1901\23022.csv.gz
23022,daily,1902,https://data.meteostat.net/daily/1902/23022.csv.gz,C:\Users\LL1urace\OneDrive\Рабочий стол\meteostat_bulk_downloader_pack\meteostat_arctic_20_daily_monthly\daily\1902\23022.csv.gz
23022,daily,1903,https://data.meteostat.net/daily/1903/23022.csv.gz,C:\Users\LL1urace\OneDrive\Рабочий стол\meteostat_bulk_downloader_pack\meteostat_arctic_20_daily_monthly\daily\1903\23022.csv.gz
23022,daily,1904,https://data.meteostat.net/daily/1904/23022.csv.gz,C:\Users\LL1urace\OneDrive\Рабочий стол\meteostat_bulk_downloader_pack\meteostat_arctic_20_daily_monthly\daily\1904\23022.csv.gz
23022,daily,1905,https://data.meteostat.net/daily/1905/23022.csv.gz,C:\Users\LL1urace\OneDrive\Рабочий стол\meteostat_bulk_downloader_pack\meteostat_arctic_20_daily_monthly\daily\1905\23022.csv.gz
23022,daily,1906,https://data.meteostat.net/daily/1906/23022.csv.gz,C:\Users\LL1urace\OneDrive\Рабочий стол\meteostat_bulk_downloader_pack\meteostat_arctic_20_daily_monthly\daily\1906\23022.csv.gz
23022,daily,1907,https://data.meteostat.net/daily/1907/23022.csv.gz,C:\Users\LL1urace\OneDrive\Рабочий стол\meteostat_bulk_downloader_pack\meteostat_arctic_20_daily_monthly\daily\1907\23022.csv.gz
23022,daily,1908,https://data.meteostat.net/daily/1908/23022.csv.gz,C:\Users\LL1urace\OneDrive\Рабочий стол\meteostat_bulk_downloader_pack\meteostat_arctic_20_daily_monthly\daily\1908\23022.csv.gz
23022,daily,1909,https://data.meteostat.net/daily/1909/23022.csv.gz,C:\Users\LL1urace\OneDrive\Рабочий стол\meteostat_bulk_downloader_pack\meteostat_arctic_20_daily_monthly\daily\1909\23022.csv.gz
23022,daily,1910,https://data.meteostat.net/daily/1910/23022.csv.gz,C:\Users\LL1urace\OneDrive\Рабочий стол\meteostat_bulk_downloader_pack\meteostat_arctic_20_daily_monthly\daily\1910\23022.csv.gz
23022,daily,1911,https://data.meteostat.net/daily/1911/23022.csv.gz,C:\Users\LL1urace\OneDrive\Рабочий стол\meteostat_bulk_downloader_pack\meteostat_arctic_20_daily_monthly\daily\1911\23022.csv.gz
23022,daily,1912,https://data.meteostat.net/daily/1912/23022.csv.gz,C:\Users\LL1urace\OneDrive\Рабочий стол\meteostat_bulk_downloader_pack\meteostat_arctic_20_daily_monthly\daily\1912\23022.csv.gz
23022,daily,1913,https://data.meteostat.net/daily/1913/23022.csv.gz,C:\Users\LL1urace\OneDrive\Рабочий стол\meteostat_bulk_downloader_pack\meteostat_arctic_20_daily_monthly\daily\1913\23022.csv.gz
23022,daily,1914,https://data.meteostat.net/daily/1914/23022.csv.gz,C:\Users\LL1urace\OneDrive\Рабочий стол\meteostat_bulk_downloader_pack\meteostat_arctic_20_daily_monthly\daily\1914\23022.csv.gz
23022,daily,1915,https://data.meteostat.net/daily/1915/23022.csv.gz,C:\Users\LL1urace\OneDrive\Рабочий стол\meteostat_bulk_downloader_pack\meteostat_arctic_20_daily_monthly\daily\1915\23022.csv.gz
23022,daily,1916,https://data.meteostat.net/daily/1916/23022.csv.gz,C:\Users\LL1urace\OneDrive\Рабочий стол\meteostat_bulk_downloader_pack\meteostat_arctic_20_daily_monthly\daily\1916\23022.csv.gz
23022,daily,1917,https://data.meteostat.net/daily/1917/23022.csv.gz,C:\Users\LL1urace\OneDrive\Рабочий стол\meteostat_bulk_downloader_pack\meteostat_arctic_20_daily_monthly\daily\1917\23022.csv.gz
23022,daily,1918,https://data.meteostat.net/daily/1918/23022.csv.gz,C:\Users\LL1urace\OneDrive\Рабочий стол\meteostat_bulk_downloader_pack\meteostat_arctic_20_daily_monthly\daily\1918\23022.csv.gz
23022,daily,1919,https://data.meteostat.net/daily/1919/23022.csv.gz,C:\Users\LL1urace\OneDrive\Рабочий стол\meteostat_bulk_downloader_pack\meteostat_arctic_20_daily_monthly\daily\1919\23022.csv.gz
23022,daily,1920,https://data.meteostat.net/daily/1920/23022.csv.gz,C:\Users\LL1urace\OneDrive\Рабочий стол\meteostat_bulk_downloader_pack\meteostat_arctic_20_daily_monthly\daily\1920\23022.csv.gz
23022,daily,1921,https://data.meteostat.net/daily/1921/23022.csv.gz,C:\Users\LL1urace\OneDrive\Рабочий стол\meteostat_bulk_downloader_pack\meteostat_arctic_20_daily_monthly\daily\1921\23022.csv.gz
23022,daily,1922,https://data.meteostat.net/daily/1922/23022.csv.gz,C:\Users\LL1urace\OneDrive\Рабочий стол\meteostat_bulk_downloader_pack\meteostat_arctic_20_daily_monthly\daily\1922\23022.csv.gz
23022,daily,1923,https://data.meteostat.net/daily/1923/23022.csv.gz,C:\Users\LL1urace\OneDrive\Рабочий стол\meteostat_bulk_downloader_pack\meteostat_arctic_20_daily_monthly\daily\1923\23022.csv.gz
23022,daily,1924,https://data.meteostat.net/daily/1924/23022.csv.gz,C:\Users\LL1urace\OneDrive\Рабочий стол\meteostat_bulk_downloader_pack\meteostat_arctic_20_daily_monthly\daily\1924\23022.csv.gz
23022,daily,1925,https://data.meteostat.net/daily/1925/23022.csv.gz,C:\Users\LL1urace\OneDrive\Рабочий стол\meteostat_bulk_downloader_pack\meteostat_arctic_20_daily_monthly\daily\1925\23022.csv.gz
23022,daily,1926,https://data.meteostat.net/daily/1926/23022.csv.gz,C:\Users\LL1urace\OneDrive\Рабочий стол\meteostat_bulk_downloader_pack\meteostat_arctic_20_daily_monthly\daily\1926\23022.csv.gz
23022,daily,1927,https://data.meteostat.net/daily/1927/23022.csv.gz,C:\Users\LL1urace\OneDrive\Рабочий стол\meteostat_bulk_downloader_pack\meteostat_arctic_20_daily_monthly\daily\1927\23022.csv.gz
23022,daily,1928,https://data.meteostat.net/daily/1928/23022.csv.gz,C:\Users\LL1urace\OneDrive\Рабочий стол\meteostat_bulk_downloader_pack\meteostat_arctic_20_daily_monthly\daily\1928\23022.csv.gz
23022,daily,1929,https://data.meteostat.net/daily/1929/23022.csv.gz,C:\Users\LL1urace\OneDrive\Рабочий стол\meteostat_bulk_downloader_pack\meteostat_arctic_20_daily_monthly\daily\1929\23022.csv.gz
23022,daily,1930,https://data.meteostat.net/daily/1930/23022.csv.gz,C:\Users\LL1urace\OneDrive\Рабочий стол\meteostat_bulk_downloader_pack\meteostat_arctic_20_daily_monthly\daily\1930\23022.csv.gz
23022,daily,1931,https://data.meteostat.net/daily/1931/23022.csv.gz,C:\Users\LL1urace\OneDrive\Рабочий стол\meteostat_bulk_downloader_pack\meteostat_arctic_20_daily_monthly\daily\1931\23022.csv.gz
23022,daily,1932,https://data.meteostat.net/daily/1932/23022.csv.gz,C:\Users\LL1urace\OneDrive\Рабочий стол\meteostat_bulk_downloader_pack\meteostat_arctic_20_daily_monthly\daily\1932\23022.csv.gz
23022,daily,1933,https://data.meteostat.net/daily/1933/23022.csv.gz,C:\Users\LL1urace\OneDrive\Рабочий стол\meteostat_bulk_downloader_pack\meteostat_arctic_20_daily_monthly\daily\1933\23022.csv.gz
23022,daily,1934,https://data.meteostat.net/daily/1934/23022.csv.gz,C:\Users\LL1urace\OneDrive\Рабочий стол\meteostat_bulk_downloader_pack\meteostat_arctic_20_daily_monthly\daily\1934\23022.csv.gz
23022,daily,1935,https://data.meteostat.net/daily/1935/23022.csv.gz,C:\Users\LL1urace\OneDrive\Рабочий стол\meteostat_bulk_downloader_pack\meteostat_arctic_20_daily_monthly\daily\1935\23022.csv.gz
23022,daily,1936,https://data.meteostat.net/daily/1936/23022.csv.gz,C:\Users\LL1urace\OneDrive\Рабочий стол\meteostat_bulk_downloader_pack\meteostat_arctic_20_daily_monthly\daily\1936\23022.csv.gz
23022,daily,1937,https://data.meteostat.net/daily/1937/23022.csv.gz,C:\Users\LL1urace\OneDrive\Рабочий стол\meteostat_bulk_downloader_pack\meteostat_arctic_20_daily_monthly\daily\1937\23022.csv.gz
23022,daily,1938,https://data.meteostat.net/daily/1938/23022.csv.gz,C:\Users\LL1urace\OneDrive\Рабочий стол\meteostat_bulk_downloader_pack\meteostat_arctic_20_daily_monthly\daily\1938\23022.csv.gz
23022,daily,1939,https://data.meteostat.net/daily/1939/23022.csv.gz,C:\Users\LL1urace\OneDrive\Рабочий стол\meteostat_bulk_downloader_pack\meteostat_arctic_20_daily_monthly\daily\1939\23022.csv.gz
23022,daily,1940,https://data.meteostat.net/daily/1940/23022.csv.gz,C:\Users\LL1urace\OneDrive\Рабочий стол\meteostat_bulk_downloader_pack\meteostat_arctic_20_daily_monthly\daily\1940\23022.csv.gz
23022,daily,1941,https://data.meteostat.net/daily/1941/23022.csv.gz,C:\Users\LL1urace\OneDrive\Рабочий стол\meteostat_bulk_downloader_pack\meteostat_arctic_20_daily_monthly\daily\1941\23022.csv.gz
23022,daily,1942,https://data.meteostat.net/daily/1942/23022.csv.gz,C:\Users\LL1urace\OneDrive\Рабочий стол\meteostat_bulk_downloader_pack\meteostat_arctic_20_daily_monthly\daily\1942\23022.csv.gz
23022,daily,1943,https://data.meteostat.net/daily/1943/23022.csv.gz,C:\Users\LL1urace\OneDrive\Рабочий стол\meteostat_bulk_downloader_pack\meteostat_arctic_20_daily_monthly\daily\1943\23022.csv.gz
23022,daily,1944,https://data.meteostat.net/daily/1944/23022.csv.gz,C:\Users\LL1urace\OneDrive\Рабочий стол\meteostat_bulk_downloader_pack\meteostat_arctic_20_daily_monthly\daily\1944\23022.csv.gz
23022,daily,1945,https://data.meteostat.net/daily/1945/23022.csv.gz,C:\Users\LL1urace\OneDrive\Рабочий стол\meteostat_bulk_downloader_pack\meteostat_arctic_20_daily_monthly\daily\1945\23022.csv.gz
23022,daily,1946,https://data.meteostat.net/daily/1946/23022.csv.gz,C:\Users\LL1urace\OneDrive\Рабочий стол\meteostat_bulk_downloader_pack\meteostat_arctic_20_daily_monthly\daily\1946\23022.csv.gz
23022,daily,1947,https://data.meteostat.net/daily/1947/23022.csv.gz,C:\Users\LL1urace\OneDrive\Рабочий стол\meteostat_bulk_downloader_pack\meteostat_arctic_20_daily_monthly\daily\1947\23022.csv.gz
23022,daily,1948,https://data.meteostat.net/daily/1948/23022.csv.gz,C:\Users\LL1urace\OneDrive\Рабочий стол\meteostat_bulk_downloader_pack\meteostat_arctic_20_daily_monthly\daily\1948\23022.csv.gz
23022,daily,1949,https://data.meteostat.net/daily/1949/23022.csv.gz,C:\Users\LL1urace\OneDrive\Рабочий стол\meteostat_bulk_downloader_pack\meteostat_arctic_20_daily_monthly\daily\1949\23022.csv.gz
23022,daily,1950,https://data.meteostat.net/daily/1950/23022.csv.gz,C:\Users\LL1urace\OneDrive\Рабочий стол\meteostat_bulk_downloader_pack\meteostat_arctic_20_daily_monthly\daily\1950\23022.csv.gz
23022,daily,1951,https://data.meteostat.net/daily/1951/23022.csv.gz,C:\Users\LL1urace\OneDrive\Рабочий стол\meteostat_bulk_downloader_pack\meteostat_arctic_20_daily_monthly\daily\1951\23022.csv.gz
23022,daily,1952,https://data.meteostat.net/daily/1952/23022.csv.gz,C:\Users\LL1urace\OneDrive\Рабочий стол\meteostat_bulk_downloader_pack\meteostat_arctic_20_daily_monthly\daily\1952\23022.csv.gz
23022,daily,1953,https://data.meteostat.net/daily/1953/23022.csv.gz,C:\Users\LL1urace\OneDrive\Рабочий стол\meteostat_bulk_downloader_pack\meteostat_arctic_20_daily_monthly\daily\1953\23022.csv.gz
23022,daily,1954,https://data.meteostat.net/daily/1954/23022.csv.gz,C:\Users\LL1urace\OneDrive\Рабочий стол\meteostat_bulk_downloader_pack\meteostat_arctic_20_daily_monthly\daily\1954\23022.csv.gz
23022,daily,1955,https://data.meteostat.net/daily/1955/23022.csv.gz,C:\Users\LL1urace\OneDrive\Рабочий стол\meteostat_bulk_downloader_pack\meteostat_arctic_20_daily_monthly\daily\1955\23022.csv.gz
23022,daily,1956,https://data.meteostat.net/daily/1956/23022.csv.gz,C:\Users\LL1urace\OneDrive\Рабочий стол\meteostat_bulk_downloader_pack\meteostat_arctic_20_daily_monthly\daily\1956\23022.csv.gz
23022,daily,1957,https://data.meteostat.net/daily/1957/23022.csv.gz,C:\Users\LL1urace\OneDrive\Рабочий стол\meteostat_bulk_downloader_pack\meteostat_arctic_20_daily_monthly\daily\1957\23022.csv.gz
23022,daily,1958,https://data.meteostat.net/daily/1958/23022.csv.gz,C:\Users\LL1urace\OneDrive\Рабочий стол\meteostat_bulk_downloader_pack\meteostat_arctic_20_daily_monthly\daily\1958\23022.csv.gz
23022,daily,1959,https://data.meteostat.net/daily/1959/23022.csv.gz,C:\Users\LL1urace\OneDrive\Рабочий стол\meteostat_bulk_downloader_pack\meteostat_arctic_20_daily_monthly\daily\1959\23022.csv.gz
23022,daily,1960,https://data.meteostat.net/daily/1960/23022.csv.gz,C:\Users\LL1urace\OneDrive\Рабочий стол\meteostat_bulk_downloader_pack\meteostat_arctic_20_daily_monthly\daily\1960\23022.csv.gz
23022,daily,1961,https://data.meteostat.net/daily/1961/23022.csv.gz,C:\Users\LL1urace\OneDrive\Рабочий стол\meteostat_bulk_downloader_pack\meteostat_arctic_20_daily_monthly\daily\1961\23022.csv.gz
23022,daily,1962,https://data.meteostat.net/daily/1962/23022.csv.gz,C:\Users\LL1urace\OneDrive\Рабочий стол\meteostat_bulk_downloader_pack\meteostat_arctic_20_daily_monthly\daily\1962\23022.csv.gz
23022,daily,1963,https://data.meteostat.net/daily/1963/23022.csv.gz,C:\Users\LL1urace\OneDrive\Рабочий стол\meteostat_bulk_downloader_pack\meteostat_arctic_20_daily_monthly\daily\1963\23022.csv.gz
23022,daily,1964,https://data.meteostat.net/daily/1964/23022.csv.gz,C:\Users\LL1urace\OneDrive\Рабочий стол\meteostat_bulk_downloader_pack\meteostat_arctic_20_daily_monthly\daily\1964\23022.csv.gz
23022,daily,1965,https://data.meteostat.net/daily/1965/23022.csv.gz,C:\Users\LL1urace\OneDrive\Рабочий стол\meteostat_bulk_downloader_pack\meteostat_arctic_20_daily_monthly\daily\1965\23022.csv.gz
23022,daily,1966,https://data.meteostat.net/daily/1966/23022.csv.gz,C:\Users\LL1urace\OneDrive\Рабочий стол\meteostat_bulk_downloader_pack\meteostat_arctic_20_daily_monthly\daily\1966\23022.csv.gz
23022,daily,1967,https://data.meteostat.net/daily/1967/23022.csv.gz,C:\Users\LL1urace\OneDrive\Рабочий стол\meteostat_bulk_downloader_pack\meteostat_arctic_20_daily_monthly\daily\1967\23022.csv.gz
23022,daily,1968,https://data.meteostat.net/daily/1968/23022.csv.gz,C:\Users\LL1urace\OneDrive\Рабочий стол\meteostat_bulk_downloader_pack\meteostat_arctic_20_daily_monthly\daily\1968\23022.csv.gz
23022,daily,1969,https://data.meteostat.net/daily/1969/23022.csv.gz,C:\Users\LL1urace\OneDrive\Рабочий стол\meteostat_bulk_downloader_pack\meteostat_arctic_20_daily_monthly\daily\1969\23022.csv.gz
23022,daily,1970,https://data.meteostat.net/daily/1970/23022.csv.gz,C:\Users\LL1urace\OneDrive\Рабочий стол\meteostat_bulk_downloader_pack\meteostat_arctic_20_daily_monthly\daily\1970\23022.csv.gz
23022,daily,1971,https://data.meteostat.net/daily/1971/23022.csv.gz,C:\Users\LL1urace\OneDrive\Рабочий стол\meteostat_bulk_downloader_pack\meteostat_arctic_20_daily_monthly\daily\1971\23022.csv.gz
23022,daily,1972,https://data.meteostat.net/daily/1972/23022.csv.gz,C:\Users\LL1urace\OneDrive\Рабочий стол\meteostat_bulk_downloader_pack\meteostat_arctic_20_daily_monthly\daily\1972\23022.csv.gz
23022,daily,1973,https://data.meteostat.net/daily/1973/23022.csv.gz,C:\Users\LL1urace\OneDrive\Рабочий стол\meteostat_bulk_downloader_pack\meteostat_arctic_20_daily_monthly\daily\1973\23022.csv.gz
23022,daily,1974,https://data.meteostat.net/daily/1974/23022.csv.gz,C:\Users\LL1urace\OneDrive\Рабочий стол\meteostat_bulk_downloader_pack\meteostat_arctic_20_daily_monthly\daily\1974\23022.csv.gz
23022,daily,1975,https://data.meteostat.net/daily/1975/23022.csv.gz,C:\Users\LL1urace\OneDrive\Рабочий стол\meteostat_bulk_downloader_pack\meteostat_arctic_20_daily_monthly\daily\1975\23022.csv.gz
23022,daily,1976,https://data.meteostat.net/daily/1976/23022.csv.gz,C:\Users\LL1urace\OneDrive\Рабочий стол\meteostat_bulk_downloader_pack\meteostat_arctic_20_daily_monthly\daily\1976\23022.csv.gz
23022,daily,1977,https://data.meteostat.net/daily/1977/23022.csv.gz,C:\Users\LL1urace\OneDrive\Рабочий стол\meteostat_bulk_downloader_pack\meteostat_arctic_20_daily_monthly\daily\1977\23022.csv.gz
23022,daily,1978,https://data.meteostat.net/daily/1978/23022.csv.gz,C:\Users\LL1urace\OneDrive\Рабочий стол\meteostat_bulk_downloader_pack\meteostat_arctic_20_daily_monthly\daily\1978\23022.csv.gz
23022,daily,1979,https://data.meteostat.net/daily/1979/23022.csv.gz,C:\Users\LL1urace\OneDrive\Рабочий стол\meteostat_bulk_downloader_pack\meteostat_arctic_20_daily_monthly\daily\1979\23022.csv.gz
23022,daily,1980,https://data.meteostat.net/daily/1980/23022.csv.gz,C:\Users\LL1urace\OneDrive\Рабочий стол\meteostat_bulk_downloader_pack\meteostat_arctic_20_daily_monthly\daily\1980\23022.csv.gz
23022,daily,1981,https://data.meteostat.net/daily/1981/23022.csv.gz,C:\Users\LL1urace\OneDrive\Рабочий стол\meteostat_bulk_downloader_pack\meteostat_arctic_20_daily_monthly\daily\1981\23022.csv.gz
23022,daily,1982,https://data.meteostat.net/daily/1982/23022.csv.gz,C:\Users\LL1urace\OneDrive\Рабочий стол\meteostat_bulk_downloader_pack\meteostat_arctic_20_daily_monthly\daily\1982\23022.csv.gz
23022,daily,1983,https://data.meteostat.net/daily/1983/23022.csv.gz,C:\Users\LL1urace\OneDrive\Рабочий стол\meteostat_bulk_downloader_pack\meteostat_arctic_20_daily_monthly\daily\1983\23022.csv.gz
23022,daily,1984,https://data.meteostat.net/daily/1984/23022.csv.gz,C:\Users\LL1urace\OneDrive\Рабочий стол\meteostat_bulk_downloader_pack\meteostat_arctic_20_daily_monthly\daily\1984\23022.csv.gz
23022,daily,1985,https://data.meteostat.net/daily/1985/23022.csv.gz,C:\Users\LL1urace\OneDrive\Рабочий стол\meteostat_bulk_downloader_pack\meteostat_arctic_20_daily_monthly\daily\1985\23022.csv.gz
23022,daily,1986,https://data.meteostat.net/daily/1986/23022.csv.gz,C:\Users\LL1urace\OneDrive\Рабочий стол\meteostat_bulk_downloader_pack\meteostat_arctic_20_daily_monthly\daily\1986\23022.csv.gz
23022,daily,1987,https://data.meteostat.net/daily/1987/23022.csv.gz,C:\Users\LL1urace\OneDrive\Рабочий стол\meteostat_bulk_downloader_pack\meteostat_arctic_20_daily_monthly\daily\1987\23022.csv.gz
23022,daily,1988,https://data.meteostat.net/daily/1988/23022.csv.gz,C:\Users\LL1urace\OneDrive\Рабочий стол\meteostat_bulk_downloader_pack\meteostat_arctic_20_daily_monthly\daily\1988\23022.csv.gz
23022,daily,1989,https://data.meteostat.net/daily/1989/23022.csv.gz,C:\Users\LL1urace\OneDrive\Рабочий стол\meteostat_bulk_downloader_pack\meteostat_arctic_20_daily_monthly\daily\1989\23022.csv.gz
23022,daily,1990,https://data.meteostat.net/daily/1990/23022.csv.gz,C:\Users\LL1urace\OneDrive\Рабочий стол\meteostat_bulk_downloader_pack\meteostat_arctic_20_daily_monthly\daily\1990\23022.csv.gz
23022,daily,1991,https://data.meteostat.net/daily/1991/23022.csv.gz,C:\Users\LL1urace\OneDrive\Рабочий стол\meteostat_bulk_downloader_pack\meteostat_arctic_20_daily_monthly\daily\1991\23022.csv.gz
23022,daily,1992,https://data.meteostat.net/daily/1992/23022.csv.gz,C:\Users\LL1urace\OneDrive\Рабочий стол\meteostat_bulk_downloader_pack\meteostat_arctic_20_daily_monthly\daily\1992\23022.csv.gz
23022,daily,1993,https://data.meteostat.net/daily/1993/23022.csv.gz,C:\Users\LL1urace\OneDrive\Рабочий стол\meteostat_bulk_downloader_pack\meteostat_arctic_20_daily_monthly\daily\1993\23022.csv.gz
23022,daily,1994,https://data.meteostat.net/daily/1994/23022.csv.gz,C:\Users\LL1urace\OneDrive\Рабочий стол\meteostat_bulk_downloader_pack\meteostat_arctic_20_daily_monthly\daily\1994\23022.csv.gz
23022,daily,1995,https://data.meteostat.net/daily/1995/23022.csv.gz,C:\Users\LL1urace\OneDrive\Рабочий стол\meteostat_bulk_downloader_pack\meteostat_arctic_20_daily_monthly\daily\1995\23022.csv.gz
23022,daily,1996,https://data.meteostat.net/daily/1996/23022.csv.gz,C:\Users\LL1urace\OneDrive\Рабочий стол\meteostat_bulk_downloader_pack\meteostat_arctic_20_daily_monthly\daily\1996\23022.csv.gz
23022,daily,1997,https://data.meteostat.net/daily/1997/23022.csv.gz,C:\Users\LL1urace\OneDrive\Рабочий стол\meteostat_bulk_downloader_pack\meteostat_arctic_20_daily_monthly\daily\1997\23022.csv.gz
23022,daily,1998,https://data.meteostat.net/daily/1998/23022.csv.gz,C:\Users\LL1urace\OneDrive\Рабочий стол\meteostat_bulk_downloader_pack\meteostat_arctic_20_daily_monthly\daily\1998\23022.csv.gz
23022,daily,1999,https://data.meteostat.net/daily/1999/23022.csv.gz,C:\Users\LL1urace\OneDrive\Рабочий стол\meteostat_bulk_downloader_pack\meteostat_arctic_20_daily_monthly\daily\1999\23022.csv.gz
23022,daily,2000,https://data.meteostat.net/daily/2000/23022.csv.gz,C:\Users\LL1urace\OneDrive\Рабочий стол\meteostat_bulk_downloader_pack\meteostat_arctic_20_daily_monthly\daily\2000\23022.csv.gz
23022,daily,2001,https://data.meteostat.net/daily/2001/23022.csv.gz,C:\Users\LL1urace\OneDrive\Рабочий стол\meteostat_bulk_downloader_pack\meteostat_arctic_20_daily_monthly\daily\2001\23022.csv.gz
23022,daily,2002,https://data.meteostat.net/daily/2002/23022.csv.gz,C:\Users\LL1urace\OneDrive\Рабочий стол\meteostat_bulk_downloader_pack\meteostat_arctic_20_daily_monthly\daily\2002\23022.csv.gz
23022,daily,2003,https://data.meteostat.net/daily/2003/23022.csv.gz,C:\Users\LL1urace\OneDrive\Рабочий стол\meteostat_bulk_downloader_pack\meteostat_arctic_20_daily_monthly\daily\2003\23022.csv.gz
23022,daily,2004,https://data.meteostat.net/daily/2004/23022.csv.gz,C:\Users\LL1urace\OneDrive\Рабочий стол\meteostat_bulk_downloader_pack\meteostat_arctic_20_daily_monthly\daily\2004\23022.csv.gz
23022,daily,2005,https://data.meteostat.net/daily/2005/23022.csv.gz,C:\Users\LL1urace\OneDrive\Рабочий стол\meteostat_bulk_downloader_pack\meteostat_arctic_20_daily_monthly\daily\2005\23022.csv.gz
23022,daily,2006,https://data.meteostat.net/daily/2006/23022.csv.gz,C:\Users\LL1urace\OneDrive\Рабочий стол\meteostat_bulk_downloader_pack\meteostat_arctic_20_daily_monthly\daily\2006\23022.csv.gz
23022,daily,2007,https://data.meteostat.net/daily/2007/23022.csv.gz,C:\Users\LL1urace\OneDrive\Рабочий стол\meteostat_bulk_downloader_pack\meteostat_arctic_20_daily_monthly\daily\2007\23022.csv.gz
23022,daily,2008,https://data.meteostat.net/daily/2008/23022.csv.gz,C:\Users\LL1urace\OneDrive\Рабочий стол\meteostat_bulk_downloader_pack\meteostat_arctic_20_daily_monthly\daily\2008\23022.csv.gz
23022,daily,2009,https://data.meteostat.net/daily/2009/23022.csv.gz,C:\Users\LL1urace\OneDrive\Рабочий стол\meteostat_bulk_downloader_pack\meteostat_arctic_20_daily_monthly\daily\2009\23022.csv.gz
23022,daily,2010,https://data.meteostat.net/daily/2010/23022.csv.gz,C:\Users\LL1urace\OneDrive\Рабочий стол\meteostat_bulk_downloader_pack\meteostat_arctic_20_daily_monthly\daily\2010\23022.csv.gz
23022,daily,2011,https://data.meteostat.net/daily/2011/23022.csv.gz,C:\Users\LL1urace\OneDrive\Рабочий стол\meteostat_bulk_downloader_pack\meteostat_arctic_20_daily_monthly\daily\2011\23022.csv.gz
23022,daily,2012,https://data.meteostat.net/daily/2012/23022.csv.gz,C:\Users\LL1urace\OneDrive\Рабочий стол\meteostat_bulk_downloader_pack\meteostat_arctic_20_daily_monthly\daily\2012\23022.csv.gz
23022,daily,2013,https://data.meteostat.net/daily/2013/23022.csv.gz,C:\Users\LL1urace\OneDrive\Рабочий стол\meteostat_bulk_downloader_pack\meteostat_arctic_20_daily_monthly\daily\2013\23022.csv.gz
23022,daily,2014,https://data.meteostat.net/daily/2014/23022.csv.gz,C:\Users\LL1urace\OneDrive\Рабочий стол\meteostat_bulk_downloader_pack\meteostat_arctic_20_daily_monthly\daily\2014\23022.csv.gz
23022,daily,2015,https://data.meteostat.net/daily/2015/23022.csv.gz,C:\Users\LL1urace\OneDrive\Рабочий стол\meteostat_bulk_downloader_pack\meteostat_arctic_20_daily_monthly\daily\2015\23022.csv.gz
23022,daily,2016,https://data.meteostat.net/daily/2016/23022.csv.gz,C:\Users\LL1urace\OneDrive\Рабочий стол\meteostat_bulk_downloader_pack\meteostat_arctic_20_daily_monthly\daily\2016\23022.csv.gz
23022,daily,2017,https://data.meteostat.net/daily/2017/23022.csv.gz,C:\Users\LL1urace\OneDrive\Рабочий стол\meteostat_bulk_downloader_pack\meteostat_arctic_20_daily_monthly\daily\2017\23022.csv.gz
23022,daily,2018,https://data.meteostat.net/daily/2018/23022.csv.gz,C:\Users\LL1urace\OneDrive\Рабочий стол\meteostat_bulk_downloader_pack\meteostat_arctic_20_daily_monthly\daily\2018\23022.csv.gz
23022,daily,2019,https://data.meteostat.net/daily/2019/23022.csv.gz,C:\Users\LL1urace\OneDrive\Рабочий стол\meteostat_bulk_downloader_pack\meteostat_arctic_20_daily_monthly\daily\2019\23022.csv.gz
23022,daily,2020,https://data.meteostat.net/daily/2020/23022.csv.gz,C:\Users\LL1urace\OneDrive\Рабочий стол\meteostat_bulk_downloader_pack\meteostat_arctic_20_daily_monthly\daily\2020\23022.csv.gz
23022,daily,2021,https://data.meteostat.net/daily/2021/23022.csv.gz,C:\Users\LL1urace\OneDrive\Рабочий стол\meteostat_bulk_downloader_pack\meteostat_arctic_20_daily_monthly\daily\2021\23022.csv.gz
23022,daily,2022,https://data.meteostat.net/daily/2022/23022.csv.gz,C:\Users\LL1urace\OneDrive\Рабочий стол\meteostat_bulk_downloader_pack\meteostat_arctic_20_daily_monthly\daily\2022\23022.csv.gz
23022,daily,2023,https://data.meteostat.net/daily/2023/23022.csv.gz,C:\Users\LL1urace\OneDrive\Рабочий стол\meteostat_bulk_downloader_pack\meteostat_arctic_20_daily_monthly\daily\2023\23022.csv.gz
23022,daily,2024,https://data.meteostat.net/daily/2024/23022.csv.gz,C:\Users\LL1urace\OneDrive\Рабочий стол\meteostat_bulk_downloader_pack\meteostat_arctic_20_daily_monthly\daily\2024\23022.csv.gz
23022,daily,2025,https://data.meteostat.net/daily/2025/23022.csv.gz,C:\Users\LL1urace\OneDrive\Рабочий стол\meteostat_bulk_downloader_pack\meteostat_arctic_20_daily_monthly\daily\2025\23022.csv.gz
23022,daily,2026,https://data.meteostat.net/daily/2026/23022.csv.gz,C:\Users\LL1urace\OneDrive\Рабочий стол\meteostat_bulk_downloader_pack\meteostat_arctic_20_daily_monthly\daily\2026\23022.csv.gz
23330,monthly,,https://data.meteostat.net/monthly/23330.csv.gz,C:\Users\LL1urace\OneDrive\Рабочий стол\meteostat_bulk_downloader_pack\meteostat_arctic_20_daily_monthly\monthly\23330.csv.gz
23330,daily,1900,https://data.meteostat.net/daily/1900/23330.csv.gz,C:\Users\LL1urace\OneDrive\Рабочий стол\meteostat_bulk_downloader_pack\meteostat_arctic_20_daily_monthly\daily\1900\23330.csv.gz
23330,daily,1901,https://data.meteostat.net/daily/1901/23330.csv.gz,C:\Users\LL1urace\OneDrive\Рабочий стол\meteostat_bulk_downloader_pack\meteostat_arctic_20_daily_monthly\daily\1901\23330.csv.gz
23330,daily,1902,https://data.meteostat.net/daily/1902/23330.csv.gz,C:\Users\LL1urace\OneDrive\Рабочий стол\meteostat_bulk_downloader_pack\meteostat_arctic_20_daily_monthly\daily\1902\23330.csv.gz
23330,daily,1903,https://data.meteostat.net/daily/1903/23330.csv.gz,C:\Users\LL1urace\OneDrive\Рабочий стол\meteostat_bulk_downloader_pack\meteostat_arctic_20_daily_monthly\daily\1903\23330.csv.gz
23330,daily,1904,https://data.meteostat.net/daily/1904/23330.csv.gz,C:\Users\LL1urace\OneDrive\Рабочий стол\meteostat_bulk_downloader_pack\meteostat_arctic_20_daily_monthly\daily\1904\23330.csv.gz
23330,daily,1905,https://data.meteostat.net/daily/1905/23330.csv.gz,C:\Users\LL1urace\OneDrive\Рабочий стол\meteostat_bulk_downloader_pack\meteostat_arctic_20_daily_monthly\daily\1905\23330.csv.gz
23330,daily,1906,https://data.meteostat.net/daily/1906/23330.csv.gz,C:\Users\LL1urace\OneDrive\Рабочий стол\meteostat_bulk_downloader_pack\meteostat_arctic_20_daily_monthly\daily\1906\23330.csv.gz
23330,daily,1907,https://data.meteostat.net/daily/1907/23330.csv.gz,C:\Users\LL1urace\OneDrive\Рабочий стол\meteostat_bulk_downloader_pack\meteostat_arctic_20_daily_monthly\daily\1907\23330.csv.gz
23330,daily,1908,https://data.meteostat.net/daily/1908/23330.csv.gz,C:\Users\LL1urace\OneDrive\Рабочий стол\meteostat_bulk_downloader_pack\meteostat_arctic_20_daily_monthly\daily\1908\23330.csv.gz
23330,daily,1909,https://data.meteostat.net/daily/1909/23330.csv.gz,C:\Users\LL1urace\OneDrive\Рабочий стол\meteostat_bulk_downloader_pack\meteostat_arctic_20_daily_monthly\daily\1909\23330.csv.gz
23330,daily,1910,https://data.meteostat.net/daily/1910/23330.csv.gz,C:\Users\LL1urace\OneDrive\Рабочий стол\meteostat_bulk_downloader_pack\meteostat_arctic_20_daily_monthly\daily\1910\23330.csv.gz
23330,daily,1911,https://data.meteostat.net/daily/1911/23330.csv.gz,C:\Users\LL1urace\OneDrive\Рабочий стол\meteostat_bulk_downloader_pack\meteostat_arctic_20_daily_monthly\daily\1911\23330.csv.gz
23330,daily,1912,https://data.meteostat.net/daily/1912/23330.csv.gz,C:\Users\LL1urace\OneDrive\Рабочий стол\meteostat_bulk_downloader_pack\meteostat_arctic_20_daily_monthly\daily\1912\23330.csv.gz
23330,daily,1913,https://data.meteostat.net/daily/1913/23330.csv.gz,C:\Users\LL1urace\OneDrive\Рабочий стол\meteostat_bulk_downloader_pack\meteostat_arctic_20_daily_monthly\daily\1913\23330.csv.gz
23330,daily,1914,https://data.meteostat.net/daily/1914/23330.csv.gz,C:\Users\LL1urace\OneDrive\Рабочий стол\meteostat_bulk_downloader_pack\meteostat_arctic_20_daily_monthly\daily\1914\23330.csv.gz
23330,daily,1915,https://data.meteostat.net/daily/1915/23330.csv.gz,C:\Users\LL1urace\OneDrive\Рабочий стол\meteostat_bulk_downloader_pack\meteostat_arctic_20_daily_monthly\daily\1915\23330.csv.gz
23330,daily,1916,https://data.meteostat.net/daily/1916/23330.csv.gz,C:\Users\LL1urace\OneDrive\Рабочий стол\meteostat_bulk_downloader_pack\meteostat_arctic_20_daily_monthly\daily\1916\23330.csv.gz
23330,daily,1917,https://data.meteostat.net/daily/1917/23330.csv.gz,C:\Users\LL1urace\OneDrive\Рабочий стол\meteostat_bulk_downloader_pack\meteostat_arctic_20_daily_monthly\daily\1917\23330.csv.gz
23330,daily,1918,https://data.meteostat.net/daily/1918/23330.csv.gz,C:\Users\LL1urace\OneDrive\Рабочий стол\meteostat_bulk_downloader_pack\meteostat_arctic_20_daily_monthly\daily\1918\23330.csv.gz
23330,daily,1919,https://data.meteostat.net/daily/1919/23330.csv.gz,C:\Users\LL1urace\OneDrive\Рабочий стол\meteostat_bulk_downloader_pack\meteostat_arctic_20_daily_monthly\daily\1919\23330.csv.gz
23330,daily,1920,https://data.meteostat.net/daily/1920/23330.csv.gz,C:\Users\LL1urace\OneDrive\Рабочий стол\meteostat_bulk_downloader_pack\meteostat_arctic_20_daily_monthly\daily\1920\23330.csv.gz
23330,daily,1921,https://data.meteostat.net/daily/1921/23330.csv.gz,C:\Users\LL1urace\OneDrive\Рабочий стол\meteostat_bulk_downloader_pack\meteostat_arctic_20_daily_monthly\daily\1921\23330.csv.gz
23330,daily,1922,https://data.meteostat.net/daily/1922/23330.csv.gz,C:\Users\LL1urace\OneDrive\Рабочий стол\meteostat_bulk_downloader_pack\meteostat_arctic_20_daily_monthly\daily\1922\23330.csv.gz
23330,daily,1923,https://data.meteostat.net/daily/1923/23330.csv.gz,C:\Users\LL1urace\OneDrive\Рабочий стол\meteostat_bulk_downloader_pack\meteostat_arctic_20_daily_monthly\daily\1923\23330.csv.gz
23330,daily,1924,https://data.meteostat.net/daily/1924/23330.csv.gz,C:\Users\LL1urace\OneDrive\Рабочий стол\meteostat_bulk_downloader_pack\meteostat_arctic_20_daily_monthly\daily\1924\23330.csv.gz
23330,daily,1925,https://data.meteostat.net/daily/1925/23330.csv.gz,C:\Users\LL1urace\OneDrive\Рабочий стол\meteostat_bulk_downloader_pack\meteostat_arctic_20_daily_monthly\daily\1925\23330.csv.gz
23330,daily,1926,https://data.meteostat.net/daily/1926/23330.csv.gz,C:\Users\LL1urace\OneDrive\Рабочий стол\meteostat_bulk_downloader_pack\meteostat_arctic_20_daily_monthly\daily\1926\23330.csv.gz
23330,daily,1927,https://data.meteostat.net/daily/1927/23330.csv.gz,C:\Users\LL1urace\OneDrive\Рабочий стол\meteostat_bulk_downloader_pack\meteostat_arctic_20_daily_monthly\daily\1927\23330.csv.gz
23330,daily,1928,https://data.meteostat.net/daily/1928/23330.csv.gz,C:\Users\LL1urace\OneDrive\Рабочий стол\meteostat_bulk_downloader_pack\meteostat_arctic_20_daily_monthly\daily\1928\23330.csv.gz
23330,daily,1929,https://data.meteostat.net/daily/1929/23330.csv.gz,C:\Users\LL1urace\OneDrive\Рабочий стол\meteostat_bulk_downloader_pack\meteostat_arctic_20_daily_monthly\daily\1929\23330.csv.gz
23330,daily,1930,https://data.meteostat.net/daily/1930/23330.csv.gz,C:\Users\LL1urace\OneDrive\Рабочий стол\meteostat_bulk_downloader_pack\meteostat_arctic_20_daily_monthly\daily\1930\23330.csv.gz
23330,daily,1931,https://data.meteostat.net/daily/1931/23330.csv.gz,C:\Users\LL1urace\OneDrive\Рабочий стол\meteostat_bulk_downloader_pack\meteostat_arctic_20_daily_monthly\daily\1931\23330.csv.gz
23330,daily,1932,https://data.meteostat.net/daily/1932/23330.csv.gz,C:\Users\LL1urace\OneDrive\Рабочий стол\meteostat_bulk_downloader_pack\meteostat_arctic_20_daily_monthly\daily\1932\23330.csv.gz
23330,daily,1933,https://data.meteostat.net/daily/1933/23330.csv.gz,C:\Users\LL1urace\OneDrive\Рабочий стол\meteostat_bulk_downloader_pack\meteostat_arctic_20_daily_monthly\daily\1933\23330.csv.gz
23330,daily,1934,https://data.meteostat.net/daily/1934/23330.csv.gz,C:\Users\LL1urace\OneDrive\Рабочий стол\meteostat_bulk_downloader_pack\meteostat_arctic_20_daily_monthly\daily\1934\23330.csv.gz
23330,daily,1935,https://data.meteostat.net/daily/1935/23330.csv.gz,C:\Users\LL1urace\OneDrive\Рабочий стол\meteostat_bulk_downloader_pack\meteostat_arctic_20_daily_monthly\daily\1935\23330.csv.gz
23330,daily,1936,https://data.meteostat.net/daily/1936/23330.csv.gz,C:\Users\LL1urace\OneDrive\Рабочий стол\meteostat_bulk_downloader_pack\meteostat_arctic_20_daily_monthly\daily\1936\23330.csv.gz
23330,daily,1937,https://data.meteostat.net/daily/1937/23330.csv.gz,C:\Users\LL1urace\OneDrive\Рабочий стол\meteostat_bulk_downloader_pack\meteostat_arctic_20_daily_monthly\daily\1937\23330.csv.gz
23330,daily,1938,https://data.meteostat.net/daily/1938/23330.csv.gz,C:\Users\LL1urace\OneDrive\Рабочий стол\meteostat_bulk_downloader_pack\meteostat_arctic_20_daily_monthly\daily\1938\23330.csv.gz
23330,daily,1939,https://data.meteostat.net/daily/1939/23330.csv.gz,C:\Users\LL1urace\OneDrive\Рабочий стол\meteostat_bulk_downloader_pack\meteostat_arctic_20_daily_monthly\daily\1939\23330.csv.gz
23330,daily,1940,https://data.meteostat.net/daily/1940/23330.csv.gz,C:\Users\LL1urace\OneDrive\Рабочий стол\meteostat_bulk_downloader_pack\meteostat_arctic_20_daily_monthly\daily\1940\23330.csv.gz
23330,daily,1941,https://data.meteostat.net/daily/1941/23330.csv.gz,C:\Users\LL1urace\OneDrive\Рабочий стол\meteostat_bulk_downloader_pack\meteostat_arctic_20_daily_monthly\daily\1941\23330.csv.gz
23330,daily,1942,https://data.meteostat.net/daily/1942/23330.csv.gz,C:\Users\LL1urace\OneDrive\Рабочий стол\meteostat_bulk_downloader_pack\meteostat_arctic_20_daily_monthly\daily\1942\23330.csv.gz
23330,daily,1943,https://data.meteostat.net/daily/1943/23330.csv.gz,C:\Users\LL1urace\OneDrive\Рабочий стол\meteostat_bulk_downloader_pack\meteostat_arctic_20_daily_monthly\daily\1943\23330.csv.gz
23330,daily,1944,https://data.meteostat.net/daily/1944/23330.csv.gz,C:\Users\LL1urace\OneDrive\Рабочий стол\meteostat_bulk_downloader_pack\meteostat_arctic_20_daily_monthly\daily\1944\23330.csv.gz
23330,daily,1945,https://data.meteostat.net/daily/1945/23330.csv.gz,C:\Users\LL1urace\OneDrive\Рабочий стол\meteostat_bulk_downloader_pack\meteostat_arctic_20_daily_monthly\daily\1945\23330.csv.gz
23330,daily,1946,https://data.meteostat.net/daily/1946/23330.csv.gz,C:\Users\LL1urace\OneDrive\Рабочий стол\meteostat_bulk_downloader_pack\meteostat_arctic_20_daily_monthly\daily\1946\23330.csv.gz
23330,daily,1947,https://data.meteostat.net/daily/1947/23330.csv.gz,C:\Users\LL1urace\OneDrive\Рабочий стол\meteostat_bulk_downloader_pack\meteostat_arctic_20_daily_monthly\daily\1947\23330.csv.gz
23330,daily,1948,https://data.meteostat.net/daily/1948/23330.csv.gz,C:\Users\LL1urace\OneDrive\Рабочий стол\meteostat_bulk_downloader_pack\meteostat_arctic_20_daily_monthly\daily\1948\23330.csv.gz
23330,daily,1949,https://data.meteostat.net/daily/1949/23330.csv.gz,C:\Users\LL1urace\OneDrive\Рабочий стол\meteostat_bulk_downloader_pack\meteostat_arctic_20_daily_monthly\daily\1949\23330.csv.gz
23330,daily,1950,https://data.meteostat.net/daily/1950/23330.csv.gz,C:\Users\LL1urace\OneDrive\Рабочий стол\meteostat_bulk_downloader_pack\meteostat_arctic_20_daily_monthly\daily\1950\23330.csv.gz
23330,daily,1951,https://data.meteostat.net/daily/1951/23330.csv.gz,C:\Users\LL1urace\OneDrive\Рабочий стол\meteostat_bulk_downloader_pack\meteostat_arctic_20_daily_monthly\daily\1951\23330.csv.gz
23330,daily,1952,https://data.meteostat.net/daily/1952/23330.csv.gz,C:\Users\LL1urace\OneDrive\Рабочий стол\meteostat_bulk_downloader_pack\meteostat_arctic_20_daily_monthly\daily\1952\23330.csv.gz
23330,daily,1953,https://data.meteostat.net/daily/1953/23330.csv.gz,C:\Users\LL1urace\OneDrive\Рабочий стол\meteostat_bulk_downloader_pack\meteostat_arctic_20_daily_monthly\daily\1953\23330.csv.gz
23330,daily,1954,https://data.meteostat.net/daily/1954/23330.csv.gz,C:\Users\LL1urace\OneDrive\Рабочий стол\meteostat_bulk_downloader_pack\meteostat_arctic_20_daily_monthly\daily\1954\23330.csv.gz
23330,daily,1955,https://data.meteostat.net/daily/1955/23330.csv.gz,C:\Users\LL1urace\OneDrive\Рабочий стол\meteostat_bulk_downloader_pack\meteostat_arctic_20_daily_monthly\daily\1955\23330.csv.gz
23330,daily,1956,https://data.meteostat.net/daily/1956/23330.csv.gz,C:\Users\LL1urace\OneDrive\Рабочий стол\meteostat_bulk_downloader_pack\meteostat_arctic_20_daily_monthly\daily\1956\23330.csv.gz
23330,daily,1957,https://data.meteostat.net/daily/1957/23330.csv.gz,C:\Users\LL1urace\OneDrive\Рабочий стол\meteostat_bulk_downloader_pack\meteostat_arctic_20_daily_monthly\daily\1957\23330.csv.gz
23330,daily,1958,https://data.meteostat.net/daily/1958/23330.csv.gz,C:\Users\LL1urace\OneDrive\Рабочий стол\meteostat_bulk_downloader_pack\meteostat_arctic_20_daily_monthly\daily\1958\23330.csv.gz
23330,daily,1959,https://data.meteostat.net/daily/1959/23330.csv.gz,C:\Users\LL1urace\OneDrive\Рабочий стол\meteostat_bulk_downloader_pack\meteostat_arctic_20_daily_monthly\daily\1959\23330.csv.gz
23330,daily,1960,https://data.meteostat.net/daily/1960/23330.csv.gz,C:\Users\LL1urace\OneDrive\Рабочий стол\meteostat_bulk_downloader_pack\meteostat_arctic_20_daily_monthly\daily\1960\23330.csv.gz
23330,daily,1961,https://data.meteostat.net/daily/1961/23330.csv.gz,C:\Users\LL1urace\OneDrive\Рабочий стол\meteostat_bulk_downloader_pack\meteostat_arctic_20_daily_monthly\daily\1961\23330.csv.gz
23330,daily,1962,https://data.meteostat.net/daily/1962/23330.csv.gz,C:\Users\LL1urace\OneDrive\Рабочий стол\meteostat_bulk_downloader_pack\meteostat_arctic_20_daily_monthly\daily\1962\23330.csv.gz
23330,daily,1963,https://data.meteostat.net/daily/1963/23330.csv.gz,C:\Users\LL1urace\OneDrive\Рабочий стол\meteostat_bulk_downloader_pack\meteostat_arctic_20_daily_monthly\daily\1963\23330.csv.gz
23330,daily,1964,https://data.meteostat.net/daily/1964/23330.csv.gz,C:\Users\LL1urace\OneDrive\Рабочий стол\meteostat_bulk_downloader_pack\meteostat_arctic_20_daily_monthly\daily\1964\23330.csv.gz
23330,daily,1965,https://data.meteostat.net/daily/1965/23330.csv.gz,C:\Users\LL1urace\OneDrive\Рабочий стол\meteostat_bulk_downloader_pack\meteostat_arctic_20_daily_monthly\daily\1965\23330.csv.gz
23330,daily,1966,https://data.meteostat.net/daily/1966/23330.csv.gz,C:\Users\LL1urace\OneDrive\Рабочий стол\meteostat_bulk_downloader_pack\meteostat_arctic_20_daily_monthly\daily\1966\23330.csv.gz
23330,daily,1967,https://data.meteostat.net/daily/1967/23330.csv.gz,C:\Users\LL1urace\OneDrive\Рабочий стол\meteostat_bulk_downloader_pack\meteostat_arctic_20_daily_monthly\daily\1967\23330.csv.gz
23330,daily,1968,https://data.meteostat.net/daily/1968/23330.csv.gz,C:\Users\LL1urace\OneDrive\Рабочий стол\meteostat_bulk_downloader_pack\meteostat_arctic_20_daily_monthly\daily\1968\23330.csv.gz
23330,daily,1969,https://data.meteostat.net/daily/1969/23330.csv.gz,C:\Users\LL1urace\OneDrive\Рабочий стол\meteostat_bulk_downloader_pack\meteostat_arctic_20_daily_monthly\daily\1969\23330.csv.gz
23330,daily,1970,https://data.meteostat.net/daily/1970/23330.csv.gz,C:\Users\LL1urace\OneDrive\Рабочий стол\meteostat_bulk_downloader_pack\meteostat_arctic_20_daily_monthly\daily\1970\23330.csv.gz
23330,daily,1971,https://data.meteostat.net/daily/1971/23330.csv.gz,C:\Users\LL1urace\OneDrive\Рабочий стол\meteostat_bulk_downloader_pack\meteostat_arctic_20_daily_monthly\daily\1971\23330.csv.gz
23330,daily,1972,https://data.meteostat.net/daily/1972/23330.csv.gz,C:\Users\LL1urace\OneDrive\Рабочий стол\meteostat_bulk_downloader_pack\meteostat_arctic_20_daily_monthly\daily\1972\23330.csv.gz
23330,daily,1973,https://data.meteostat.net/daily/1973/23330.csv.gz,C:\Users\LL1urace\OneDrive\Рабочий стол\meteostat_bulk_downloader_pack\meteostat_arctic_20_daily_monthly\daily\1973\23330.csv.gz
23330,daily,1974,https://data.meteostat.net/daily/1974/23330.csv.gz,C:\Users\LL1urace\OneDrive\Рабочий стол\meteostat_bulk_downloader_pack\meteostat_arctic_20_daily_monthly\daily\1974\23330.csv.gz
23330,daily,1975,https://data.meteostat.net/daily/1975/23330.csv.gz,C:\Users\LL1urace\OneDrive\Рабочий стол\meteostat_bulk_downloader_pack\meteostat_arctic_20_daily_monthly\daily\1975\23330.csv.gz
23330,daily,1976,https://data.meteostat.net/daily/1976/23330.csv.gz,C:\Users\LL1urace\OneDrive\Рабочий стол\meteostat_bulk_downloader_pack\meteostat_arctic_20_daily_monthly\daily\1976\23330.csv.gz
23330,daily,1977,https://data.meteostat.net/daily/1977/23330.csv.gz,C:\Users\LL1urace\OneDrive\Рабочий стол\meteostat_bulk_downloader_pack\meteostat_arctic_20_daily_monthly\daily\1977\23330.csv.gz
23330,daily,1978,https://data.meteostat.net/daily/1978/23330.csv.gz,C:\Users\LL1urace\OneDrive\Рабочий стол\meteostat_bulk_downloader_pack\meteostat_arctic_20_daily_monthly\daily\1978\23330.csv.gz
23330,daily,1979,https://data.meteostat.net/daily/1979/23330.csv.gz,C:\Users\LL1urace\OneDrive\Рабочий стол\meteostat_bulk_downloader_pack\meteostat_arctic_20_daily_monthly\daily\1979\23330.csv.gz
23330,daily,1980,https://data.meteostat.net/daily/1980/23330.csv.gz,C:\Users\LL1urace\OneDrive\Рабочий стол\meteostat_bulk_downloader_pack\meteostat_arctic_20_daily_monthly\daily\1980\23330.csv.gz
23330,daily,1981,https://data.meteostat.net/daily/1981/23330.csv.gz,C:\Users\LL1urace\OneDrive\Рабочий стол\meteostat_bulk_downloader_pack\meteostat_arctic_20_daily_monthly\daily\1981\23330.csv.gz
23330,daily,1982,https://data.meteostat.net/daily/1982/23330.csv.gz,C:\Users\LL1urace\OneDrive\Рабочий стол\meteostat_bulk_downloader_pack\meteostat_arctic_20_daily_monthly\daily\1982\23330.csv.gz
23330,daily,1983,https://data.meteostat.net/daily/1983/23330.csv.gz,C:\Users\LL1urace\OneDrive\Рабочий стол\meteostat_bulk_downloader_pack\meteostat_arctic_20_daily_monthly\daily\1983\23330.csv.gz
23330,daily,1984,https://data.meteostat.net/daily/1984/23330.csv.gz,C:\Users\LL1urace\OneDrive\Рабочий стол\meteostat_bulk_downloader_pack\meteostat_arctic_20_daily_monthly\daily\1984\23330.csv.gz
23330,daily,1985,https://data.meteostat.net/daily/1985/23330.csv.gz,C:\Users\LL1urace\OneDrive\Рабочий стол\meteostat_bulk_downloader_pack\meteostat_arctic_20_daily_monthly\daily\1985\23330.csv.gz
23330,daily,1986,https://data.meteostat.net/daily/1986/23330.csv.gz,C:\Users\LL1urace\OneDrive\Рабочий стол\meteostat_bulk_downloader_pack\meteostat_arctic_20_daily_monthly\daily\1986\23330.csv.gz
23330,daily,1987,https://data.meteostat.net/daily/1987/23330.csv.gz,C:\Users\LL1urace\OneDrive\Рабочий стол\meteostat_bulk_downloader_pack\meteostat_arctic_20_daily_monthly\daily\1987\23330.csv.gz
23330,daily,1988,https://data.meteostat.net/daily/1988/23330.csv.gz,C:\Users\LL1urace\OneDrive\Рабочий стол\meteostat_bulk_downloader_pack\meteostat_arctic_20_daily_monthly\daily\1988\23330.csv.gz
23330,daily,1989,https://data.meteostat.net/daily/1989/23330.csv.gz,C:\Users\LL1urace\OneDrive\Рабочий стол\meteostat_bulk_downloader_pack\meteostat_arctic_20_daily_monthly\daily\1989\23330.csv.gz
23330,daily,1990,https://data.meteostat.net/daily/1990/23330.csv.gz,C:\Users\LL1urace\OneDrive\Рабочий стол\meteostat_bulk_downloader_pack\meteostat_arctic_20_daily_monthly\daily\1990\23330.csv.gz
23330,daily,1991,https://data.meteostat.net/daily/1991/23330.csv.gz,C:\Users\LL1urace\OneDrive\Рабочий стол\meteostat_bulk_downloader_pack\meteostat_arctic_20_daily_monthly\daily\1991\23330.csv.gz
23330,daily,1992,https://data.meteostat.net/daily/1992/23330.csv.gz,C:\Users\LL1urace\OneDrive\Рабочий стол\meteostat_bulk_downloader_pack\meteostat_arctic_20_daily_monthly\daily\1992\23330.csv.gz
23330,daily,1993,https://data.meteostat.net/daily/1993/23330.csv.gz,C:\Users\LL1urace\OneDrive\Рабочий стол\meteostat_bulk_downloader_pack\meteostat_arctic_20_daily_monthly\daily\1993\23330.csv.gz
23330,daily,1994,https://data.meteostat.net/daily/1994/23330.csv.gz,C:\Users\LL1urace\OneDrive\Рабочий стол\meteostat_bulk_downloader_pack\meteostat_arctic_20_daily_monthly\daily\1994\23330.csv.gz
23330,daily,1995,https://data.meteostat.net/daily/1995/23330.csv.gz,C:\Users\LL1urace\OneDrive\Рабочий стол\meteostat_bulk_downloader_pack\meteostat_arctic_20_daily_monthly\daily\1995\23330.csv.gz
23330,daily,1996,https://data.meteostat.net/daily/1996/23330.csv.gz,C:\Users\LL1urace\OneDrive\Рабочий стол\meteostat_bulk_downloader_pack\meteostat_arctic_20_daily_monthly\daily\1996\23330.csv.gz
23330,daily,1997,https://data.meteostat.net/daily/1997/23330.csv.gz,C:\Users\LL1urace\OneDrive\Рабочий стол\meteostat_bulk_downloader_pack\meteostat_arctic_20_daily_monthly\daily\1997\23330.csv.gz
23330,daily,1998,https://data.meteostat.net/daily/1998/23330.csv.gz,C:\Users\LL1urace\OneDrive\Рабочий стол\meteostat_bulk_downloader_pack\meteostat_arctic_20_daily_monthly\daily\1998\23330.csv.gz
23330,daily,1999,https://data.meteostat.net/daily/1999/23330.csv.gz,C:\Users\LL1urace\OneDrive\Рабочий стол\meteostat_bulk_downloader_pack\meteostat_arctic_20_daily_monthly\daily\1999\23330.csv.gz
23330,daily,2000,https://data.meteostat.net/daily/2000/23330.csv.gz,C:\Users\LL1urace\OneDrive\Рабочий стол\meteostat_bulk_downloader_pack\meteostat_arctic_20_daily_monthly\daily\2000\23330.csv.gz
23330,daily,2001,https://data.meteostat.net/daily/2001/23330.csv.gz,C:\Users\LL1urace\OneDrive\Рабочий стол\meteostat_bulk_downloader_pack\meteostat_arctic_20_daily_monthly\daily\2001\23330.csv.gz
23330,daily,2002,https://data.meteostat.net/daily/2002/23330.csv.gz,C:\Users\LL1urace\OneDrive\Рабочий стол\meteostat_bulk_downloader_pack\meteostat_arctic_20_daily_monthly\daily\2002\23330.csv.gz
23330,daily,2003,https://data.meteostat.net/daily/2003/23330.csv.gz,C:\Users\LL1urace\OneDrive\Рабочий стол\meteostat_bulk_downloader_pack\meteostat_arctic_20_daily_monthly\daily\2003\23330.csv.gz
23330,daily,2004,https://data.meteostat.net/daily/2004/23330.csv.gz,C:\Users\LL1urace\OneDrive\Рабочий стол\meteostat_bulk_downloader_pack\meteostat_arctic_20_daily_monthly\daily\2004\23330.csv.gz
23330,daily,2005,https://data.meteostat.net/daily/2005/23330.csv.gz,C:\Users\LL1urace\OneDrive\Рабочий стол\meteostat_bulk_downloader_pack\meteostat_arctic_20_daily_monthly\daily\2005\23330.csv.gz
23330,daily,2006,https://data.meteostat.net/daily/2006/23330.csv.gz,C:\Users\LL1urace\OneDrive\Рабочий стол\meteostat_bulk_downloader_pack\meteostat_arctic_20_daily_monthly\daily\2006\23330.csv.gz
23330,daily,2007,https://data.meteostat.net/daily/2007/23330.csv.gz,C:\Users\LL1urace\OneDrive\Рабочий стол\meteostat_bulk_downloader_pack\meteostat_arctic_20_daily_monthly\daily\2007\23330.csv.gz
23330,daily,2008,https://data.meteostat.net/daily/2008/23330.csv.gz,C:\Users\LL1urace\OneDrive\Рабочий стол\meteostat_bulk_downloader_pack\meteostat_arctic_20_daily_monthly\daily\2008\23330.csv.gz
23330,daily,2009,https://data.meteostat.net/daily/2009/23330.csv.gz,C:\Users\LL1urace\OneDrive\Рабочий стол\meteostat_bulk_downloader_pack\meteostat_arctic_20_daily_monthly\daily\2009\23330.csv.gz
23330,daily,2010,https://data.meteostat.net/daily/2010/23330.csv.gz,C:\Users\LL1urace\OneDrive\Рабочий стол\meteostat_bulk_downloader_pack\meteostat_arctic_20_daily_monthly\daily\2010\23330.csv.gz
23330,daily,2011,https://data.meteostat.net/daily/2011/23330.csv.gz,C:\Users\LL1urace\OneDrive\Рабочий стол\meteostat_bulk_downloader_pack\meteostat_arctic_20_daily_monthly\daily\2011\23330.csv.gz
23330,daily,2012,https://data.meteostat.net/daily/2012/23330.csv.gz,C:\Users\LL1urace\OneDrive\Рабочий стол\meteostat_bulk_downloader_pack\meteostat_arctic_20_daily_monthly\daily\2012\23330.csv.gz
23330,daily,2013,https://data.meteostat.net/daily/2013/23330.csv.gz,C:\Users\LL1urace\OneDrive\Рабочий стол\meteostat_bulk_downloader_pack\meteostat_arctic_20_daily_monthly\daily\2013\23330.csv.gz
23330,daily,2014,https://data.meteostat.net/daily/2014/23330.csv.gz,C:\Users\LL1urace\OneDrive\Рабочий стол\meteostat_bulk_downloader_pack\meteostat_arctic_20_daily_monthly\daily\2014\23330.csv.gz
23330,daily,2015,https://data.meteostat.net/daily/2015/23330.csv.gz,C:\Users\LL1urace\OneDrive\Рабочий стол\meteostat_bulk_downloader_pack\meteostat_arctic_20_daily_monthly\daily\2015\23330.csv.gz
23330,daily,2016,https://data.meteostat.net/daily/2016/23330.csv.gz,C:\Users\LL1urace\OneDrive\Рабочий стол\meteostat_bulk_downloader_pack\meteostat_arctic_20_daily_monthly\daily\2016\23330.csv.gz
23330,daily,2017,https://data.meteostat.net/daily/2017/23330.csv.gz,C:\Users\LL1urace\OneDrive\Рабочий стол\meteostat_bulk_downloader_pack\meteostat_arctic_20_daily_monthly\daily\2017\23330.csv.gz
23330,daily,2018,https://data.meteostat.net/daily/2018/23330.csv.gz,C:\Users\LL1urace\OneDrive\Рабочий стол\meteostat_bulk_downloader_pack\meteostat_arctic_20_daily_monthly\daily\2018\23330.csv.gz
23330,daily,2019,https://data.meteostat.net/daily/2019/23330.csv.gz,C:\Users\LL1urace\OneDrive\Рабочий стол\meteostat_bulk_downloader_pack\meteostat_arctic_20_daily_monthly\daily\2019\23330.csv.gz
23330,daily,2020,https://data.meteostat.net/daily/2020/23330.csv.gz,C:\Users\LL1urace\OneDrive\Рабочий стол\meteostat_bulk_downloader_pack\meteostat_arctic_20_daily_monthly\daily\2020\23330.csv.gz
23330,daily,2021,https://data.meteostat.net/daily/2021/23330.csv.gz,C:\Users\LL1urace\OneDrive\Рабочий стол\meteostat_bulk_downloader_pack\meteostat_arctic_20_daily_monthly\daily\2021\23330.csv.gz
23330,daily,2022,https://data.meteostat.net/daily/2022/23330.csv.gz,C:\Users\LL1urace\OneDrive\Рабочий стол\meteostat_bulk_downloader_pack\meteostat_arctic_20_daily_monthly\daily\2022\23330.csv.gz
23330,daily,2023,https://data.meteostat.net/daily/2023/23330.csv.gz,C:\Users\LL1urace\OneDrive\Рабочий стол\meteostat_bulk_downloader_pack\meteostat_arctic_20_daily_monthly\daily\2023\23330.csv.gz
23330,daily,2024,https://data.meteostat.net/daily/2024/23330.csv.gz,C:\Users\LL1urace\OneDrive\Рабочий стол\meteostat_bulk_downloader_pack\meteostat_arctic_20_daily_monthly\daily\2024\23330.csv.gz
23330,daily,2025,https://data.meteostat.net/daily/2025/23330.csv.gz,C:\Users\LL1urace\OneDrive\Рабочий стол\meteostat_bulk_downloader_pack\meteostat_arctic_20_daily_monthly\daily\2025\23330.csv.gz
23330,daily,2026,https://data.meteostat.net/daily/2026/23330.csv.gz,C:\Users\LL1urace\OneDrive\Рабочий стол\meteostat_bulk_downloader_pack\meteostat_arctic_20_daily_monthly\daily\2026\23330.csv.gz
20967,monthly,,https://data.meteostat.net/monthly/20967.csv.gz,C:\Users\LL1urace\OneDrive\Рабочий стол\meteostat_bulk_downloader_pack\meteostat_arctic_20_daily_monthly\monthly\20967.csv.gz
20967,daily,1900,https://data.meteostat.net/daily/1900/20967.csv.gz,C:\Users\LL1urace\OneDrive\Рабочий стол\meteostat_bulk_downloader_pack\meteostat_arctic_20_daily_monthly\daily\1900\20967.csv.gz
20967,daily,1901,https://data.meteostat.net/daily/1901/20967.csv.gz,C:\Users\LL1urace\OneDrive\Рабочий стол\meteostat_bulk_downloader_pack\meteostat_arctic_20_daily_monthly\daily\1901\20967.csv.gz
20967,daily,1902,https://data.meteostat.net/daily/1902/20967.csv.gz,C:\Users\LL1urace\OneDrive\Рабочий стол\meteostat_bulk_downloader_pack\meteostat_arctic_20_daily_monthly\daily\1902\20967.csv.gz
20967,daily,1903,https://data.meteostat.net/daily/1903/20967.csv.gz,C:\Users\LL1urace\OneDrive\Рабочий стол\meteostat_bulk_downloader_pack\meteostat_arctic_20_daily_monthly\daily\1903\20967.csv.gz
20967,daily,1904,https://data.meteostat.net/daily/1904/20967.csv.gz,C:\Users\LL1urace\OneDrive\Рабочий стол\meteostat_bulk_downloader_pack\meteostat_arctic_20_daily_monthly\daily\1904\20967.csv.gz
20967,daily,1905,https://data.meteostat.net/daily/1905/20967.csv.gz,C:\Users\LL1urace\OneDrive\Рабочий стол\meteostat_bulk_downloader_pack\meteostat_arctic_20_daily_monthly\daily\1905\20967.csv.gz
20967,daily,1906,https://data.meteostat.net/daily/1906/20967.csv.gz,C:\Users\LL1urace\OneDrive\Рабочий стол\meteostat_bulk_downloader_pack\meteostat_arctic_20_daily_monthly\daily\1906\20967.csv.gz
20967,daily,1907,https://data.meteostat.net/daily/1907/20967.csv.gz,C:\Users\LL1urace\OneDrive\Рабочий стол\meteostat_bulk_downloader_pack\meteostat_arctic_20_daily_monthly\daily\1907\20967.csv.gz
20967,daily,1908,https://data.meteostat.net/daily/1908/20967.csv.gz,C:\Users\LL1urace\OneDrive\Рабочий стол\meteostat_bulk_downloader_pack\meteostat_arctic_20_daily_monthly\daily\1908\20967.csv.gz
20967,daily,1909,https://data.meteostat.net/daily/1909/20967.csv.gz,C:\Users\LL1urace\OneDrive\Рабочий стол\meteostat_bulk_downloader_pack\meteostat_arctic_20_daily_monthly\daily\1909\20967.csv.gz
20967,daily,1910,https://data.meteostat.net/daily/1910/20967.csv.gz,C:\Users\LL1urace\OneDrive\Рабочий стол\meteostat_bulk_downloader_pack\meteostat_arctic_20_daily_monthly\daily\1910\20967.csv.gz
20967,daily,1911,https://data.meteostat.net/daily/1911/20967.csv.gz,C:\Users\LL1urace\OneDrive\Рабочий стол\meteostat_bulk_downloader_pack\meteostat_arctic_20_daily_monthly\daily\1911\20967.csv.gz
20967,daily,1912,https://data.meteostat.net/daily/1912/20967.csv.gz,C:\Users\LL1urace\OneDrive\Рабочий стол\meteostat_bulk_downloader_pack\meteostat_arctic_20_daily_monthly\daily\1912\20967.csv.gz
20967,daily,1913,https://data.meteostat.net/daily/1913/20967.csv.gz,C:\Users\LL1urace\OneDrive\Рабочий стол\meteostat_bulk_downloader_pack\meteostat_arctic_20_daily_monthly\daily\1913\20967.csv.gz
20967,daily,1914,https://data.meteostat.net/daily/1914/20967.csv.gz,C:\Users\LL1urace\OneDrive\Рабочий стол\meteostat_bulk_downloader_pack\meteostat_arctic_20_daily_monthly\daily\1914\20967.csv.gz
20967,daily,1915,https://data.meteostat.net/daily/1915/20967.csv.gz,C:\Users\LL1urace\OneDrive\Рабочий стол\meteostat_bulk_downloader_pack\meteostat_arctic_20_daily_monthly\daily\1915\20967.csv.gz
20967,daily,1916,https://data.meteostat.net/daily/1916/20967.csv.gz,C:\Users\LL1urace\OneDrive\Рабочий стол\meteostat_bulk_downloader_pack\meteostat_arctic_20_daily_monthly\daily\1916\20967.csv.gz
20967,daily,1917,https://data.meteostat.net/daily/1917/20967.csv.gz,C:\Users\LL1urace\OneDrive\Рабочий стол\meteostat_bulk_downloader_pack\meteostat_arctic_20_daily_monthly\daily\1917\20967.csv.gz
20967,daily,1918,https://data.meteostat.net/daily/1918/20967.csv.gz,C:\Users\LL1urace\OneDrive\Рабочий стол\meteostat_bulk_downloader_pack\meteostat_arctic_20_daily_monthly\daily\1918\20967.csv.gz
20967,daily,1919,https://data.meteostat.net/daily/1919/20967.csv.gz,C:\Users\LL1urace\OneDrive\Рабочий стол\meteostat_bulk_downloader_pack\meteostat_arctic_20_daily_monthly\daily\1919\20967.csv.gz
20967,daily,1920,https://data.meteostat.net/daily/1920/20967.csv.gz,C:\Users\LL1urace\OneDrive\Рабочий стол\meteostat_bulk_downloader_pack\meteostat_arctic_20_daily_monthly\daily\1920\20967.csv.gz
20967,daily,1921,https://data.meteostat.net/daily/1921/20967.csv.gz,C:\Users\LL1urace\OneDrive\Рабочий стол\meteostat_bulk_downloader_pack\meteostat_arctic_20_daily_monthly\daily\1921\20967.csv.gz
20967,daily,1922,https://data.meteostat.net/daily/1922/20967.csv.gz,C:\Users\LL1urace\OneDrive\Рабочий стол\meteostat_bulk_downloader_pack\meteostat_arctic_20_daily_monthly\daily\1922\20967.csv.gz
20967,daily,1923,https://data.meteostat.net/daily/1923/20967.csv.gz,C:\Users\LL1urace\OneDrive\Рабочий стол\meteostat_bulk_downloader_pack\meteostat_arctic_20_daily_monthly\daily\1923\20967.csv.gz
20967,daily,1924,https://data.meteostat.net/daily/1924/20967.csv.gz,C:\Users\LL1urace\OneDrive\Рабочий стол\meteostat_bulk_downloader_pack\meteostat_arctic_20_daily_monthly\daily\1924\20967.csv.gz
20967,daily,1925,https://data.meteostat.net/daily/1925/20967.csv.gz,C:\Users\LL1urace\OneDrive\Рабочий стол\meteostat_bulk_downloader_pack\meteostat_arctic_20_daily_monthly\daily\1925\20967.csv.gz
20967,daily,1926,https://data.meteostat.net/daily/1926/20967.csv.gz,C:\Users\LL1urace\OneDrive\Рабочий стол\meteostat_bulk_downloader_pack\meteostat_arctic_20_daily_monthly\daily\1926\20967.csv.gz
20967,daily,1927,https://data.meteostat.net/daily/1927/20967.csv.gz,C:\Users\LL1urace\OneDrive\Рабочий стол\meteostat_bulk_downloader_pack\meteostat_arctic_20_daily_monthly\daily\1927\20967.csv.gz
20967,daily,1928,https://data.meteostat.net/daily/1928/20967.csv.gz,C:\Users\LL1urace\OneDrive\Рабочий стол\meteostat_bulk_downloader_pack\meteostat_arctic_20_daily_monthly\daily\1928\20967.csv.gz
20967,daily,1929,https://data.meteostat.net/daily/1929/20967.csv.gz,C:\Users\LL1urace\OneDrive\Рабочий стол\meteostat_bulk_downloader_pack\meteostat_arctic_20_daily_monthly\daily\1929\20967.csv.gz
20967,daily,1930,https://data.meteostat.net/daily/1930/20967.csv.gz,C:\Users\LL1urace\OneDrive\Рабочий стол\meteostat_bulk_downloader_pack\meteostat_arctic_20_daily_monthly\daily\1930\20967.csv.gz
20967,daily,1931,https://data.meteostat.net/daily/1931/20967.csv.gz,C:\Users\LL1urace\OneDrive\Рабочий стол\meteostat_bulk_downloader_pack\meteostat_arctic_20_daily_monthly\daily\1931\20967.csv.gz
20967,daily,1932,https://data.meteostat.net/daily/1932/20967.csv.gz,C:\Users\LL1urace\OneDrive\Рабочий стол\meteostat_bulk_downloader_pack\meteostat_arctic_20_daily_monthly\daily\1932\20967.csv.gz
20967,daily,1933,https://data.meteostat.net/daily/1933/20967.csv.gz,C:\Users\LL1urace\OneDrive\Рабочий стол\meteostat_bulk_downloader_pack\meteostat_arctic_20_daily_monthly\daily\1933\20967.csv.gz
20967,daily,1934,https://data.meteostat.net/daily/1934/20967.csv.gz,C:\Users\LL1urace\OneDrive\Рабочий стол\meteostat_bulk_downloader_pack\meteostat_arctic_20_daily_monthly\daily\1934\20967.csv.gz
20967,daily,1935,https://data.meteostat.net/daily/1935/20967.csv.gz,C:\Users\LL1urace\OneDrive\Рабочий стол\meteostat_bulk_downloader_pack\meteostat_arctic_20_daily_monthly\daily\1935\20967.csv.gz
20967,daily,1936,https://data.meteostat.net/daily/1936/20967.csv.gz,C:\Users\LL1urace\OneDrive\Рабочий стол\meteostat_bulk_downloader_pack\meteostat_arctic_20_daily_monthly\daily\1936\20967.csv.gz
20967,daily,1937,https://data.meteostat.net/daily/1937/20967.csv.gz,C:\Users\LL1urace\OneDrive\Рабочий стол\meteostat_bulk_downloader_pack\meteostat_arctic_20_daily_monthly\daily\1937\20967.csv.gz
20967,daily,1938,https://data.meteostat.net/daily/1938/20967.csv.gz,C:\Users\LL1urace\OneDrive\Рабочий стол\meteostat_bulk_downloader_pack\meteostat_arctic_20_daily_monthly\daily\1938\20967.csv.gz
20967,daily,1939,https://data.meteostat.net/daily/1939/20967.csv.gz,C:\Users\LL1urace\OneDrive\Рабочий стол\meteostat_bulk_downloader_pack\meteostat_arctic_20_daily_monthly\daily\1939\20967.csv.gz
20967,daily,1940,https://data.meteostat.net/daily/1940/20967.csv.gz,C:\Users\LL1urace\OneDrive\Рабочий стол\meteostat_bulk_downloader_pack\meteostat_arctic_20_daily_monthly\daily\1940\20967.csv.gz
20967,daily,1941,https://data.meteostat.net/daily/1941/20967.csv.gz,C:\Users\LL1urace\OneDrive\Рабочий стол\meteostat_bulk_downloader_pack\meteostat_arctic_20_daily_monthly\daily\1941\20967.csv.gz
20967,daily,1942,https://data.meteostat.net/daily/1942/20967.csv.gz,C:\Users\LL1urace\OneDrive\Рабочий стол\meteostat_bulk_downloader_pack\meteostat_arctic_20_daily_monthly\daily\1942\20967.csv.gz
20967,daily,1943,https://data.meteostat.net/daily/1943/20967.csv.gz,C:\Users\LL1urace\OneDrive\Рабочий стол\meteostat_bulk_downloader_pack\meteostat_arctic_20_daily_monthly\daily\1943\20967.csv.gz
20967,daily,1944,https://data.meteostat.net/daily/1944/20967.csv.gz,C:\Users\LL1urace\OneDrive\Рабочий стол\meteostat_bulk_downloader_pack\meteostat_arctic_20_daily_monthly\daily\1944\20967.csv.gz
20967,daily,1945,https://data.meteostat.net/daily/1945/20967.csv.gz,C:\Users\LL1urace\OneDrive\Рабочий стол\meteostat_bulk_downloader_pack\meteostat_arctic_20_daily_monthly\daily\1945\20967.csv.gz
20967,daily,1946,https://data.meteostat.net/daily/1946/20967.csv.gz,C:\Users\LL1urace\OneDrive\Рабочий стол\meteostat_bulk_downloader_pack\meteostat_arctic_20_daily_monthly\daily\1946\20967.csv.gz
20967,daily,1947,https://data.meteostat.net/daily/1947/20967.csv.gz,C:\Users\LL1urace\OneDrive\Рабочий стол\meteostat_bulk_downloader_pack\meteostat_arctic_20_daily_monthly\daily\1947\20967.csv.gz
20967,daily,1948,https://data.meteostat.net/daily/1948/20967.csv.gz,C:\Users\LL1urace\OneDrive\Рабочий стол\meteostat_bulk_downloader_pack\meteostat_arctic_20_daily_monthly\daily\1948\20967.csv.gz
20967,daily,1949,https://data.meteostat.net/daily/1949/20967.csv.gz,C:\Users\LL1urace\OneDrive\Рабочий стол\meteostat_bulk_downloader_pack\meteostat_arctic_20_daily_monthly\daily\1949\20967.csv.gz
20967,daily,1950,https://data.meteostat.net/daily/1950/20967.csv.gz,C:\Users\LL1urace\OneDrive\Рабочий стол\meteostat_bulk_downloader_pack\meteostat_arctic_20_daily_monthly\daily\1950\20967.csv.gz
20967,daily,1951,https://data.meteostat.net/daily/1951/20967.csv.gz,C:\Users\LL1urace\OneDrive\Рабочий стол\meteostat_bulk_downloader_pack\meteostat_arctic_20_daily_monthly\daily\1951\20967.csv.gz
20967,daily,1952,https://data.meteostat.net/daily/1952/20967.csv.gz,C:\Users\LL1urace\OneDrive\Рабочий стол\meteostat_bulk_downloader_pack\meteostat_arctic_20_daily_monthly\daily\1952\20967.csv.gz
20967,daily,1953,https://data.meteostat.net/daily/1953/20967.csv.gz,C:\Users\LL1urace\OneDrive\Рабочий стол\meteostat_bulk_downloader_pack\meteostat_arctic_20_daily_monthly\daily\1953\20967.csv.gz
20967,daily,1954,https://data.meteostat.net/daily/1954/20967.csv.gz,C:\Users\LL1urace\OneDrive\Рабочий стол\meteostat_bulk_downloader_pack\meteostat_arctic_20_daily_monthly\daily\1954\20967.csv.gz
20967,daily,1955,https://data.meteostat.net/daily/1955/20967.csv.gz,C:\Users\LL1urace\OneDrive\Рабочий стол\meteostat_bulk_downloader_pack\meteostat_arctic_20_daily_monthly\daily\1955\20967.csv.gz
20967,daily,1956,https://data.meteostat.net/daily/1956/20967.csv.gz,C:\Users\LL1urace\OneDrive\Рабочий стол\meteostat_bulk_downloader_pack\meteostat_arctic_20_daily_monthly\daily\1956\20967.csv.gz
20967,daily,1957,https://data.meteostat.net/daily/1957/20967.csv.gz,C:\Users\LL1urace\OneDrive\Рабочий стол\meteostat_bulk_downloader_pack\meteostat_arctic_20_daily_monthly\daily\1957\20967.csv.gz
20967,daily,1958,https://data.meteostat.net/daily/1958/20967.csv.gz,C:\Users\LL1urace\OneDrive\Рабочий стол\meteostat_bulk_downloader_pack\meteostat_arctic_20_daily_monthly\daily\1958\20967.csv.gz
20967,daily,1959,https://data.meteostat.net/daily/1959/20967.csv.gz,C:\Users\LL1urace\OneDrive\Рабочий стол\meteostat_bulk_downloader_pack\meteostat_arctic_20_daily_monthly\daily\1959\20967.csv.gz
20967,daily,1960,https://data.meteostat.net/daily/1960/20967.csv.gz,C:\Users\LL1urace\OneDrive\Рабочий стол\meteostat_bulk_downloader_pack\meteostat_arctic_20_daily_monthly\daily\1960\20967.csv.gz
20967,daily,1961,https://data.meteostat.net/daily/1961/20967.csv.gz,C:\Users\LL1urace\OneDrive\Рабочий стол\meteostat_bulk_downloader_pack\meteostat_arctic_20_daily_monthly\daily\1961\20967.csv.gz
20967,daily,1962,https://data.meteostat.net/daily/1962/20967.csv.gz,C:\Users\LL1urace\OneDrive\Рабочий стол\meteostat_bulk_downloader_pack\meteostat_arctic_20_daily_monthly\daily\1962\20967.csv.gz
20967,daily,1963,https://data.meteostat.net/daily/1963/20967.csv.gz,C:\Users\LL1urace\OneDrive\Рабочий стол\meteostat_bulk_downloader_pack\meteostat_arctic_20_daily_monthly\daily\1963\20967.csv.gz
20967,daily,1964,https://data.meteostat.net/daily/1964/20967.csv.gz,C:\Users\LL1urace\OneDrive\Рабочий стол\meteostat_bulk_downloader_pack\meteostat_arctic_20_daily_monthly\daily\1964\20967.csv.gz
20967,daily,1965,https://data.meteostat.net/daily/1965/20967.csv.gz,C:\Users\LL1urace\OneDrive\Рабочий стол\meteostat_bulk_downloader_pack\meteostat_arctic_20_daily_monthly\daily\1965\20967.csv.gz
20967,daily,1966,https://data.meteostat.net/daily/1966/20967.csv.gz,C:\Users\LL1urace\OneDrive\Рабочий стол\meteostat_bulk_downloader_pack\meteostat_arctic_20_daily_monthly\daily\1966\20967.csv.gz
20967,daily,1967,https://data.meteostat.net/daily/1967/20967.csv.gz,C:\Users\LL1urace\OneDrive\Рабочий стол\meteostat_bulk_downloader_pack\meteostat_arctic_20_daily_monthly\daily\1967\20967.csv.gz
20967,daily,1968,https://data.meteostat.net/daily/1968/20967.csv.gz,C:\Users\LL1urace\OneDrive\Рабочий стол\meteostat_bulk_downloader_pack\meteostat_arctic_20_daily_monthly\daily\1968\20967.csv.gz
20967,daily,1969,https://data.meteostat.net/daily/1969/20967.csv.gz,C:\Users\LL1urace\OneDrive\Рабочий стол\meteostat_bulk_downloader_pack\meteostat_arctic_20_daily_monthly\daily\1969\20967.csv.gz
20967,daily,1970,https://data.meteostat.net/daily/1970/20967.csv.gz,C:\Users\LL1urace\OneDrive\Рабочий стол\meteostat_bulk_downloader_pack\meteostat_arctic_20_daily_monthly\daily\1970\20967.csv.gz
20967,daily,1971,https://data.meteostat.net/daily/1971/20967.csv.gz,C:\Users\LL1urace\OneDrive\Рабочий стол\meteostat_bulk_downloader_pack\meteostat_arctic_20_daily_monthly\daily\1971\20967.csv.gz
20967,daily,1972,https://data.meteostat.net/daily/1972/20967.csv.gz,C:\Users\LL1urace\OneDrive\Рабочий стол\meteostat_bulk_downloader_pack\meteostat_arctic_20_daily_monthly\daily\1972\20967.csv.gz
20967,daily,1973,https://data.meteostat.net/daily/1973/20967.csv.gz,C:\Users\LL1urace\OneDrive\Рабочий стол\meteostat_bulk_downloader_pack\meteostat_arctic_20_daily_monthly\daily\1973\20967.csv.gz
20967,daily,1974,https://data.meteostat.net/daily/1974/20967.csv.gz,C:\Users\LL1urace\OneDrive\Рабочий стол\meteostat_bulk_downloader_pack\meteostat_arctic_20_daily_monthly\daily\1974\20967.csv.gz
20967,daily,1975,https://data.meteostat.net/daily/1975/20967.csv.gz,C:\Users\LL1urace\OneDrive\Рабочий стол\meteostat_bulk_downloader_pack\meteostat_arctic_20_daily_monthly\daily\1975\20967.csv.gz
20967,daily,1976,https://data.meteostat.net/daily/1976/20967.csv.gz,C:\Users\LL1urace\OneDrive\Рабочий стол\meteostat_bulk_downloader_pack\meteostat_arctic_20_daily_monthly\daily\1976\20967.csv.gz
20967,daily,1977,https://data.meteostat.net/daily/1977/20967.csv.gz,C:\Users\LL1urace\OneDrive\Рабочий стол\meteostat_bulk_downloader_pack\meteostat_arctic_20_daily_monthly\daily\1977\20967.csv.gz
20967,daily,1978,https://data.meteostat.net/daily/1978/20967.csv.gz,C:\Users\LL1urace\OneDrive\Рабочий стол\meteostat_bulk_downloader_pack\meteostat_arctic_20_daily_monthly\daily\1978\20967.csv.gz
20967,daily,1979,https://data.meteostat.net/daily/1979/20967.csv.gz,C:\Users\LL1urace\OneDrive\Рабочий стол\meteostat_bulk_downloader_pack\meteostat_arctic_20_daily_monthly\daily\1979\20967.csv.gz
20967,daily,1980,https://data.meteostat.net/daily/1980/20967.csv.gz,C:\Users\LL1urace\OneDrive\Рабочий стол\meteostat_bulk_downloader_pack\meteostat_arctic_20_daily_monthly\daily\1980\20967.csv.gz
20967,daily,1981,https://data.meteostat.net/daily/1981/20967.csv.gz,C:\Users\LL1urace\OneDrive\Рабочий стол\meteostat_bulk_downloader_pack\meteostat_arctic_20_daily_monthly\daily\1981\20967.csv.gz
20967,daily,1982,https://data.meteostat.net/daily/1982/20967.csv.gz,C:\Users\LL1urace\OneDrive\Рабочий стол\meteostat_bulk_downloader_pack\meteostat_arctic_20_daily_monthly\daily\1982\20967.csv.gz
20967,daily,1983,https://data.meteostat.net/daily/1983/20967.csv.gz,C:\Users\LL1urace\OneDrive\Рабочий стол\meteostat_bulk_downloader_pack\meteostat_arctic_20_daily_monthly\daily\1983\20967.csv.gz
20967,daily,1984,https://data.meteostat.net/daily/1984/20967.csv.gz,C:\Users\LL1urace\OneDrive\Рабочий стол\meteostat_bulk_downloader_pack\meteostat_arctic_20_daily_monthly\daily\1984\20967.csv.gz
20967,daily,1985,https://data.meteostat.net/daily/1985/20967.csv.gz,C:\Users\LL1urace\OneDrive\Рабочий стол\meteostat_bulk_downloader_pack\meteostat_arctic_20_daily_monthly\daily\1985\20967.csv.gz
20967,daily,1986,https://data.meteostat.net/daily/1986/20967.csv.gz,C:\Users\LL1urace\OneDrive\Рабочий стол\meteostat_bulk_downloader_pack\meteostat_arctic_20_daily_monthly\daily\1986\20967.csv.gz
20967,daily,1987,https://data.meteostat.net/daily/1987/20967.csv.gz,C:\Users\LL1urace\OneDrive\Рабочий стол\meteostat_bulk_downloader_pack\meteostat_arctic_20_daily_monthly\daily\1987\20967.csv.gz
20967,daily,1988,https://data.meteostat.net/daily/1988/20967.csv.gz,C:\Users\LL1urace\OneDrive\Рабочий стол\meteostat_bulk_downloader_pack\meteostat_arctic_20_daily_monthly\daily\1988\20967.csv.gz
20967,daily,1989,https://data.meteostat.net/daily/1989/20967.csv.gz,C:\Users\LL1urace\OneDrive\Рабочий стол\meteostat_bulk_downloader_pack\meteostat_arctic_20_daily_monthly\daily\1989\20967.csv.gz
20967,daily,1990,https://data.meteostat.net/daily/1990/20967.csv.gz,C:\Users\LL1urace\OneDrive\Рабочий стол\meteostat_bulk_downloader_pack\meteostat_arctic_20_daily_monthly\daily\1990\20967.csv.gz
20967,daily,1991,https://data.meteostat.net/daily/1991/20967.csv.gz,C:\Users\LL1urace\OneDrive\Рабочий стол\meteostat_bulk_downloader_pack\meteostat_arctic_20_daily_monthly\daily\1991\20967.csv.gz
20967,daily,1992,https://data.meteostat.net/daily/1992/20967.csv.gz,C:\Users\LL1urace\OneDrive\Рабочий стол\meteostat_bulk_downloader_pack\meteostat_arctic_20_daily_monthly\daily\1992\20967.csv.gz
20967,daily,1993,https://data.meteostat.net/daily/1993/20967.csv.gz,C:\Users\LL1urace\OneDrive\Рабочий стол\meteostat_bulk_downloader_pack\meteostat_arctic_20_daily_monthly\daily\1993\20967.csv.gz
20967,daily,1994,https://data.meteostat.net/daily/1994/20967.csv.gz,C:\Users\LL1urace\OneDrive\Рабочий стол\meteostat_bulk_downloader_pack\meteostat_arctic_20_daily_monthly\daily\1994\20967.csv.gz
20967,daily,1995,https://data.meteostat.net/daily/1995/20967.csv.gz,C:\Users\LL1urace\OneDrive\Рабочий стол\meteostat_bulk_downloader_pack\meteostat_arctic_20_daily_monthly\daily\1995\20967.csv.gz
20967,daily,1996,https://data.meteostat.net/daily/1996/20967.csv.gz,C:\Users\LL1urace\OneDrive\Рабочий стол\meteostat_bulk_downloader_pack\meteostat_arctic_20_daily_monthly\daily\1996\20967.csv.gz
20967,daily,1997,https://data.meteostat.net/daily/1997/20967.csv.gz,C:\Users\LL1urace\OneDrive\Рабочий стол\meteostat_bulk_downloader_pack\meteostat_arctic_20_daily_monthly\daily\1997\20967.csv.gz
20967,daily,1998,https://data.meteostat.net/daily/1998/20967.csv.gz,C:\Users\LL1urace\OneDrive\Рабочий стол\meteostat_bulk_downloader_pack\meteostat_arctic_20_daily_monthly\daily\1998\20967.csv.gz
20967,daily,1999,https://data.meteostat.net/daily/1999/20967.csv.gz,C:\Users\LL1urace\OneDrive\Рабочий стол\meteostat_bulk_downloader_pack\meteostat_arctic_20_daily_monthly\daily\1999\20967.csv.gz
20967,daily,2000,https://data.meteostat.net/daily/2000/20967.csv.gz,C:\Users\LL1urace\OneDrive\Рабочий стол\meteostat_bulk_downloader_pack\meteostat_arctic_20_daily_monthly\daily\2000\20967.csv.gz
20967,daily,2001,https://data.meteostat.net/daily/2001/20967.csv.gz,C:\Users\LL1urace\OneDrive\Рабочий стол\meteostat_bulk_downloader_pack\meteostat_arctic_20_daily_monthly\daily\2001\20967.csv.gz
20967,daily,2002,https://data.meteostat.net/daily/2002/20967.csv.gz,C:\Users\LL1urace\OneDrive\Рабочий стол\meteostat_bulk_downloader_pack\meteostat_arctic_20_daily_monthly\daily\2002\20967.csv.gz
20967,daily,2003,https://data.meteostat.net/daily/2003/20967.csv.gz,C:\Users\LL1urace\OneDrive\Рабочий стол\meteostat_bulk_downloader_pack\meteostat_arctic_20_daily_monthly\daily\2003\20967.csv.gz
20967,daily,2004,https://data.meteostat.net/daily/2004/20967.csv.gz,C:\Users\LL1urace\OneDrive\Рабочий стол\meteostat_bulk_downloader_pack\meteostat_arctic_20_daily_monthly\daily\2004\20967.csv.gz
20967,daily,2005,https://data.meteostat.net/daily/2005/20967.csv.gz,C:\Users\LL1urace\OneDrive\Рабочий стол\meteostat_bulk_downloader_pack\meteostat_arctic_20_daily_monthly\daily\2005\20967.csv.gz
20967,daily,2006,https://data.meteostat.net/daily/2006/20967.csv.gz,C:\Users\LL1urace\OneDrive\Рабочий стол\meteostat_bulk_downloader_pack\meteostat_arctic_20_daily_monthly\daily\2006\20967.csv.gz
20967,daily,2007,https://data.meteostat.net/daily/2007/20967.csv.gz,C:\Users\LL1urace\OneDrive\Рабочий стол\meteostat_bulk_downloader_pack\meteostat_arctic_20_daily_monthly\daily\2007\20967.csv.gz
20967,daily,2008,https://data.meteostat.net/daily/2008/20967.csv.gz,C:\Users\LL1urace\OneDrive\Рабочий стол\meteostat_bulk_downloader_pack\meteostat_arctic_20_daily_monthly\daily\2008\20967.csv.gz
20967,daily,2009,https://data.meteostat.net/daily/2009/20967.csv.gz,C:\Users\LL1urace\OneDrive\Рабочий стол\meteostat_bulk_downloader_pack\meteostat_arctic_20_daily_monthly\daily\2009\20967.csv.gz
20967,daily,2010,https://data.meteostat.net/daily/2010/20967.csv.gz,C:\Users\LL1urace\OneDrive\Рабочий стол\meteostat_bulk_downloader_pack\meteostat_arctic_20_daily_monthly\daily\2010\20967.csv.gz
20967,daily,2011,https://data.meteostat.net/daily/2011/20967.csv.gz,C:\Users\LL1urace\OneDrive\Рабочий стол\meteostat_bulk_downloader_pack\meteostat_arctic_20_daily_monthly\daily\2011\20967.csv.gz
20967,daily,2012,https://data.meteostat.net/daily/2012/20967.csv.gz,C:\Users\LL1urace\OneDrive\Рабочий стол\meteostat_bulk_downloader_pack\meteostat_arctic_20_daily_monthly\daily\2012\20967.csv.gz
20967,daily,2013,https://data.meteostat.net/daily/2013/20967.csv.gz,C:\Users\LL1urace\OneDrive\Рабочий стол\meteostat_bulk_downloader_pack\meteostat_arctic_20_daily_monthly\daily\2013\20967.csv.gz
20967,daily,2014,https://data.meteostat.net/daily/2014/20967.csv.gz,C:\Users\LL1urace\OneDrive\Рабочий стол\meteostat_bulk_downloader_pack\meteostat_arctic_20_daily_monthly\daily\2014\20967.csv.gz
20967,daily,2015,https://data.meteostat.net/daily/2015/20967.csv.gz,C:\Users\LL1urace\OneDrive\Рабочий стол\meteostat_bulk_downloader_pack\meteostat_arctic_20_daily_monthly\daily\2015\20967.csv.gz
20967,daily,2016,https://data.meteostat.net/daily/2016/20967.csv.gz,C:\Users\LL1urace\OneDrive\Рабочий стол\meteostat_bulk_downloader_pack\meteostat_arctic_20_daily_monthly\daily\2016\20967.csv.gz
20967,daily,2017,https://data.meteostat.net/daily/2017/20967.csv.gz,C:\Users\LL1urace\OneDrive\Рабочий стол\meteostat_bulk_downloader_pack\meteostat_arctic_20_daily_monthly\daily\2017\20967.csv.gz
20967,daily,2018,https://data.meteostat.net/daily/2018/20967.csv.gz,C:\Users\LL1urace\OneDrive\Рабочий стол\meteostat_bulk_downloader_pack\meteostat_arctic_20_daily_monthly\daily\2018\20967.csv.gz
20967,daily,2019,https://data.meteostat.net/daily/2019/20967.csv.gz,C:\Users\LL1urace\OneDrive\Рабочий стол\meteostat_bulk_downloader_pack\meteostat_arctic_20_daily_monthly\daily\2019\20967.csv.gz
20967,daily,2020,https://data.meteostat.net/daily/2020/20967.csv.gz,C:\Users\LL1urace\OneDrive\Рабочий стол\meteostat_bulk_downloader_pack\meteostat_arctic_20_daily_monthly\daily\2020\20967.csv.gz
20967,daily,2021,https://data.meteostat.net/daily/2021/20967.csv.gz,C:\Users\LL1urace\OneDrive\Рабочий стол\meteostat_bulk_downloader_pack\meteostat_arctic_20_daily_monthly\daily\2021\20967.csv.gz
20967,daily,2022,https://data.meteostat.net/daily/2022/20967.csv.gz,C:\Users\LL1urace\OneDrive\Рабочий стол\meteostat_bulk_downloader_pack\meteostat_arctic_20_daily_monthly\daily\2022\20967.csv.gz
20967,daily,2023,https://data.meteostat.net/daily/2023/20967.csv.gz,C:\Users\LL1urace\OneDrive\Рабочий стол\meteostat_bulk_downloader_pack\meteostat_arctic_20_daily_monthly\daily\2023\20967.csv.gz
20967,daily,2024,https://data.meteostat.net/daily/2024/20967.csv.gz,C:\Users\LL1urace\OneDrive\Рабочий стол\meteostat_bulk_downloader_pack\meteostat_arctic_20_daily_monthly\daily\2024\20967.csv.gz
20967,daily,2025,https://data.meteostat.net/daily/2025/20967.csv.gz,C:\Users\LL1urace\OneDrive\Рабочий стол\meteostat_bulk_downloader_pack\meteostat_arctic_20_daily_monthly\daily\2025\20967.csv.gz
20967,daily,2026,https://data.meteostat.net/daily/2026/20967.csv.gz,C:\Users\LL1urace\OneDrive\Рабочий стол\meteostat_bulk_downloader_pack\meteostat_arctic_20_daily_monthly\daily\2026\20967.csv.gz
20674,monthly,,https://data.meteostat.net/monthly/20674.csv.gz,C:\Users\LL1urace\OneDrive\Рабочий стол\meteostat_bulk_downloader_pack\meteostat_arctic_20_daily_monthly\monthly\20674.csv.gz
20674,daily,1900,https://data.meteostat.net/daily/1900/20674.csv.gz,C:\Users\LL1urace\OneDrive\Рабочий стол\meteostat_bulk_downloader_pack\meteostat_arctic_20_daily_monthly\daily\1900\20674.csv.gz
20674,daily,1901,https://data.meteostat.net/daily/1901/20674.csv.gz,C:\Users\LL1urace\OneDrive\Рабочий стол\meteostat_bulk_downloader_pack\meteostat_arctic_20_daily_monthly\daily\1901\20674.csv.gz
20674,daily,1902,https://data.meteostat.net/daily/1902/20674.csv.gz,C:\Users\LL1urace\OneDrive\Рабочий стол\meteostat_bulk_downloader_pack\meteostat_arctic_20_daily_monthly\daily\1902\20674.csv.gz
20674,daily,1903,https://data.meteostat.net/daily/1903/20674.csv.gz,C:\Users\LL1urace\OneDrive\Рабочий стол\meteostat_bulk_downloader_pack\meteostat_arctic_20_daily_monthly\daily\1903\20674.csv.gz
20674,daily,1904,https://data.meteostat.net/daily/1904/20674.csv.gz,C:\Users\LL1urace\OneDrive\Рабочий стол\meteostat_bulk_downloader_pack\meteostat_arctic_20_daily_monthly\daily\1904\20674.csv.gz
20674,daily,1905,https://data.meteostat.net/daily/1905/20674.csv.gz,C:\Users\LL1urace\OneDrive\Рабочий стол\meteostat_bulk_downloader_pack\meteostat_arctic_20_daily_monthly\daily\1905\20674.csv.gz
20674,daily,1906,https://data.meteostat.net/daily/1906/20674.csv.gz,C:\Users\LL1urace\OneDrive\Рабочий стол\meteostat_bulk_downloader_pack\meteostat_arctic_20_daily_monthly\daily\1906\20674.csv.gz
20674,daily,1907,https://data.meteostat.net/daily/1907/20674.csv.gz,C:\Users\LL1urace\OneDrive\Рабочий стол\meteostat_bulk_downloader_pack\meteostat_arctic_20_daily_monthly\daily\1907\20674.csv.gz
20674,daily,1908,https://data.meteostat.net/daily/1908/20674.csv.gz,C:\Users\LL1urace\OneDrive\Рабочий стол\meteostat_bulk_downloader_pack\meteostat_arctic_20_daily_monthly\daily\1908\20674.csv.gz
20674,daily,1909,https://data.meteostat.net/daily/1909/20674.csv.gz,C:\Users\LL1urace\OneDrive\Рабочий стол\meteostat_bulk_downloader_pack\meteostat_arctic_20_daily_monthly\daily\1909\20674.csv.gz
20674,daily,1910,https://data.meteostat.net/daily/1910/20674.csv.gz,C:\Users\LL1urace\OneDrive\Рабочий стол\meteostat_bulk_downloader_pack\meteostat_arctic_20_daily_monthly\daily\1910\20674.csv.gz
20674,daily,1911,https://data.meteostat.net/daily/1911/20674.csv.gz,C:\Users\LL1urace\OneDrive\Рабочий стол\meteostat_bulk_downloader_pack\meteostat_arctic_20_daily_monthly\daily\1911\20674.csv.gz
20674,daily,1912,https://data.meteostat.net/daily/1912/20674.csv.gz,C:\Users\LL1urace\OneDrive\Рабочий стол\meteostat_bulk_downloader_pack\meteostat_arctic_20_daily_monthly\daily\1912\20674.csv.gz
20674,daily,1913,https://data.meteostat.net/daily/1913/20674.csv.gz,C:\Users\LL1urace\OneDrive\Рабочий стол\meteostat_bulk_downloader_pack\meteostat_arctic_20_daily_monthly\daily\1913\20674.csv.gz
20674,daily,1914,https://data.meteostat.net/daily/1914/20674.csv.gz,C:\Users\LL1urace\OneDrive\Рабочий стол\meteostat_bulk_downloader_pack\meteostat_arctic_20_daily_monthly\daily\1914\20674.csv.gz
20674,daily,1915,https://data.meteostat.net/daily/1915/20674.csv.gz,C:\Users\LL1urace\OneDrive\Рабочий стол\meteostat_bulk_downloader_pack\meteostat_arctic_20_daily_monthly\daily\1915\20674.csv.gz
20674,daily,1916,https://data.meteostat.net/daily/1916/20674.csv.gz,C:\Users\LL1urace\OneDrive\Рабочий стол\meteostat_bulk_downloader_pack\meteostat_arctic_20_daily_monthly\daily\1916\20674.csv.gz
20674,daily,1917,https://data.meteostat.net/daily/1917/20674.csv.gz,C:\Users\LL1urace\OneDrive\Рабочий стол\meteostat_bulk_downloader_pack\meteostat_arctic_20_daily_monthly\daily\1917\20674.csv.gz
20674,daily,1918,https://data.meteostat.net/daily/1918/20674.csv.gz,C:\Users\LL1urace\OneDrive\Рабочий стол\meteostat_bulk_downloader_pack\meteostat_arctic_20_daily_monthly\daily\1918\20674.csv.gz
20674,daily,1919,https://data.meteostat.net/daily/1919/20674.csv.gz,C:\Users\LL1urace\OneDrive\Рабочий стол\meteostat_bulk_downloader_pack\meteostat_arctic_20_daily_monthly\daily\1919\20674.csv.gz
20674,daily,1920,https://data.meteostat.net/daily/1920/20674.csv.gz,C:\Users\LL1urace\OneDrive\Рабочий стол\meteostat_bulk_downloader_pack\meteostat_arctic_20_daily_monthly\daily\1920\20674.csv.gz
20674,daily,1921,https://data.meteostat.net/daily/1921/20674.csv.gz,C:\Users\LL1urace\OneDrive\Рабочий стол\meteostat_bulk_downloader_pack\meteostat_arctic_20_daily_monthly\daily\1921\20674.csv.gz
20674,daily,1922,https://data.meteostat.net/daily/1922/20674.csv.gz,C:\Users\LL1urace\OneDrive\Рабочий стол\meteostat_bulk_downloader_pack\meteostat_arctic_20_daily_monthly\daily\1922\20674.csv.gz
20674,daily,1923,https://data.meteostat.net/daily/1923/20674.csv.gz,C:\Users\LL1urace\OneDrive\Рабочий стол\meteostat_bulk_downloader_pack\meteostat_arctic_20_daily_monthly\daily\1923\20674.csv.gz
20674,daily,1924,https://data.meteostat.net/daily/1924/20674.csv.gz,C:\Users\LL1urace\OneDrive\Рабочий стол\meteostat_bulk_downloader_pack\meteostat_arctic_20_daily_monthly\daily\1924\20674.csv.gz
20674,daily,1925,https://data.meteostat.net/daily/1925/20674.csv.gz,C:\Users\LL1urace\OneDrive\Рабочий стол\meteostat_bulk_downloader_pack\meteostat_arctic_20_daily_monthly\daily\1925\20674.csv.gz
20674,daily,1926,https://data.meteostat.net/daily/1926/20674.csv.gz,C:\Users\LL1urace\OneDrive\Рабочий стол\meteostat_bulk_downloader_pack\meteostat_arctic_20_daily_monthly\daily\1926\20674.csv.gz
20674,daily,1927,https://data.meteostat.net/daily/1927/20674.csv.gz,C:\Users\LL1urace\OneDrive\Рабочий стол\meteostat_bulk_downloader_pack\meteostat_arctic_20_daily_monthly\daily\1927\20674.csv.gz
20674,daily,1928,https://data.meteostat.net/daily/1928/20674.csv.gz,C:\Users\LL1urace\OneDrive\Рабочий стол\meteostat_bulk_downloader_pack\meteostat_arctic_20_daily_monthly\daily\1928\20674.csv.gz
20674,daily,1929,https://data.meteostat.net/daily/1929/20674.csv.gz,C:\Users\LL1urace\OneDrive\Рабочий стол\meteostat_bulk_downloader_pack\meteostat_arctic_20_daily_monthly\daily\1929\20674.csv.gz
20674,daily,1930,https://data.meteostat.net/daily/1930/20674.csv.gz,C:\Users\LL1urace\OneDrive\Рабочий стол\meteostat_bulk_downloader_pack\meteostat_arctic_20_daily_monthly\daily\1930\20674.csv.gz
20674,daily,1931,https://data.meteostat.net/daily/1931/20674.csv.gz,C:\Users\LL1urace\OneDrive\Рабочий стол\meteostat_bulk_downloader_pack\meteostat_arctic_20_daily_monthly\daily\1931\20674.csv.gz
20674,daily,1932,https://data.meteostat.net/daily/1932/20674.csv.gz,C:\Users\LL1urace\OneDrive\Рабочий стол\meteostat_bulk_downloader_pack\meteostat_arctic_20_daily_monthly\daily\1932\20674.csv.gz
20674,daily,1933,https://data.meteostat.net/daily/1933/20674.csv.gz,C:\Users\LL1urace\OneDrive\Рабочий стол\meteostat_bulk_downloader_pack\meteostat_arctic_20_daily_monthly\daily\1933\20674.csv.gz
20674,daily,1934,https://data.meteostat.net/daily/1934/20674.csv.gz,C:\Users\LL1urace\OneDrive\Рабочий стол\meteostat_bulk_downloader_pack\meteostat_arctic_20_daily_monthly\daily\1934\20674.csv.gz
20674,daily,1935,https://data.meteostat.net/daily/1935/20674.csv.gz,C:\Users\LL1urace\OneDrive\Рабочий стол\meteostat_bulk_downloader_pack\meteostat_arctic_20_daily_monthly\daily\1935\20674.csv.gz
20674,daily,1936,https://data.meteostat.net/daily/1936/20674.csv.gz,C:\Users\LL1urace\OneDrive\Рабочий стол\meteostat_bulk_downloader_pack\meteostat_arctic_20_daily_monthly\daily\1936\20674.csv.gz
20674,daily,1937,https://data.meteostat.net/daily/1937/20674.csv.gz,C:\Users\LL1urace\OneDrive\Рабочий стол\meteostat_bulk_downloader_pack\meteostat_arctic_20_daily_monthly\daily\1937\20674.csv.gz
20674,daily,1938,https://data.meteostat.net/daily/1938/20674.csv.gz,C:\Users\LL1urace\OneDrive\Рабочий стол\meteostat_bulk_downloader_pack\meteostat_arctic_20_daily_monthly\daily\1938\20674.csv.gz
20674,daily,1939,https://data.meteostat.net/daily/1939/20674.csv.gz,C:\Users\LL1urace\OneDrive\Рабочий стол\meteostat_bulk_downloader_pack\meteostat_arctic_20_daily_monthly\daily\1939\20674.csv.gz
20674,daily,1940,https://data.meteostat.net/daily/1940/20674.csv.gz,C:\Users\LL1urace\OneDrive\Рабочий стол\meteostat_bulk_downloader_pack\meteostat_arctic_20_daily_monthly\daily\1940\20674.csv.gz
20674,daily,1941,https://data.meteostat.net/daily/1941/20674.csv.gz,C:\Users\LL1urace\OneDrive\Рабочий стол\meteostat_bulk_downloader_pack\meteostat_arctic_20_daily_monthly\daily\1941\20674.csv.gz
20674,daily,1942,https://data.meteostat.net/daily/1942/20674.csv.gz,C:\Users\LL1urace\OneDrive\Рабочий стол\meteostat_bulk_downloader_pack\meteostat_arctic_20_daily_monthly\daily\1942\20674.csv.gz
20674,daily,1943,https://data.meteostat.net/daily/1943/20674.csv.gz,C:\Users\LL1urace\OneDrive\Рабочий стол\meteostat_bulk_downloader_pack\meteostat_arctic_20_daily_monthly\daily\1943\20674.csv.gz
20674,daily,1944,https://data.meteostat.net/daily/1944/20674.csv.gz,C:\Users\LL1urace\OneDrive\Рабочий стол\meteostat_bulk_downloader_pack\meteostat_arctic_20_daily_monthly\daily\1944\20674.csv.gz
20674,daily,1945,https://data.meteostat.net/daily/1945/20674.csv.gz,C:\Users\LL1urace\OneDrive\Рабочий стол\meteostat_bulk_downloader_pack\meteostat_arctic_20_daily_monthly\daily\1945\20674.csv.gz
20674,daily,1946,https://data.meteostat.net/daily/1946/20674.csv.gz,C:\Users\LL1urace\OneDrive\Рабочий стол\meteostat_bulk_downloader_pack\meteostat_arctic_20_daily_monthly\daily\1946\20674.csv.gz
20674,daily,1947,https://data.meteostat.net/daily/1947/20674.csv.gz,C:\Users\LL1urace\OneDrive\Рабочий стол\meteostat_bulk_downloader_pack\meteostat_arctic_20_daily_monthly\daily\1947\20674.csv.gz
20674,daily,1948,https://data.meteostat.net/daily/1948/20674.csv.gz,C:\Users\LL1urace\OneDrive\Рабочий стол\meteostat_bulk_downloader_pack\meteostat_arctic_20_daily_monthly\daily\1948\20674.csv.gz
20674,daily,1949,https://data.meteostat.net/daily/1949/20674.csv.gz,C:\Users\LL1urace\OneDrive\Рабочий стол\meteostat_bulk_downloader_pack\meteostat_arctic_20_daily_monthly\daily\1949\20674.csv.gz
20674,daily,1950,https://data.meteostat.net/daily/1950/20674.csv.gz,C:\Users\LL1urace\OneDrive\Рабочий стол\meteostat_bulk_downloader_pack\meteostat_arctic_20_daily_monthly\daily\1950\20674.csv.gz
20674,daily,1951,https://data.meteostat.net/daily/1951/20674.csv.gz,C:\Users\LL1urace\OneDrive\Рабочий стол\meteostat_bulk_downloader_pack\meteostat_arctic_20_daily_monthly\daily\1951\20674.csv.gz
20674,daily,1952,https://data.meteostat.net/daily/1952/20674.csv.gz,C:\Users\LL1urace\OneDrive\Рабочий стол\meteostat_bulk_downloader_pack\meteostat_arctic_20_daily_monthly\daily\1952\20674.csv.gz
20674,daily,1953,https://data.meteostat.net/daily/1953/20674.csv.gz,C:\Users\LL1urace\OneDrive\Рабочий стол\meteostat_bulk_downloader_pack\meteostat_arctic_20_daily_monthly\daily\1953\20674.csv.gz
20674,daily,1954,https://data.meteostat.net/daily/1954/20674.csv.gz,C:\Users\LL1urace\OneDrive\Рабочий стол\meteostat_bulk_downloader_pack\meteostat_arctic_20_daily_monthly\daily\1954\20674.csv.gz
20674,daily,1955,https://data.meteostat.net/daily/1955/20674.csv.gz,C:\Users\LL1urace\OneDrive\Рабочий стол\meteostat_bulk_downloader_pack\meteostat_arctic_20_daily_monthly\daily\1955\20674.csv.gz
20674,daily,1956,https://data.meteostat.net/daily/1956/20674.csv.gz,C:\Users\LL1urace\OneDrive\Рабочий стол\meteostat_bulk_downloader_pack\meteostat_arctic_20_daily_monthly\daily\1956\20674.csv.gz
20674,daily,1957,https://data.meteostat.net/daily/1957/20674.csv.gz,C:\Users\LL1urace\OneDrive\Рабочий стол\meteostat_bulk_downloader_pack\meteostat_arctic_20_daily_monthly\daily\1957\20674.csv.gz
20674,daily,1958,https://data.meteostat.net/daily/1958/20674.csv.gz,C:\Users\LL1urace\OneDrive\Рабочий стол\meteostat_bulk_downloader_pack\meteostat_arctic_20_daily_monthly\daily\1958\20674.csv.gz
20674,daily,1959,https://data.meteostat.net/daily/1959/20674.csv.gz,C:\Users\LL1urace\OneDrive\Рабочий стол\meteostat_bulk_downloader_pack\meteostat_arctic_20_daily_monthly\daily\1959\20674.csv.gz
20674,daily,1960,https://data.meteostat.net/daily/1960/20674.csv.gz,C:\Users\LL1urace\OneDrive\Рабочий стол\meteostat_bulk_downloader_pack\meteostat_arctic_20_daily_monthly\daily\1960\20674.csv.gz
20674,daily,1961,https://data.meteostat.net/daily/1961/20674.csv.gz,C:\Users\LL1urace\OneDrive\Рабочий стол\meteostat_bulk_downloader_pack\meteostat_arctic_20_daily_monthly\daily\1961\20674.csv.gz
20674,daily,1962,https://data.meteostat.net/daily/1962/20674.csv.gz,C:\Users\LL1urace\OneDrive\Рабочий стол\meteostat_bulk_downloader_pack\meteostat_arctic_20_daily_monthly\daily\1962\20674.csv.gz
20674,daily,1963,https://data.meteostat.net/daily/1963/20674.csv.gz,C:\Users\LL1urace\OneDrive\Рабочий стол\meteostat_bulk_downloader_pack\meteostat_arctic_20_daily_monthly\daily\1963\20674.csv.gz
20674,daily,1964,https://data.meteostat.net/daily/1964/20674.csv.gz,C:\Users\LL1urace\OneDrive\Рабочий стол\meteostat_bulk_downloader_pack\meteostat_arctic_20_daily_monthly\daily\1964\20674.csv.gz
20674,daily,1965,https://data.meteostat.net/daily/1965/20674.csv.gz,C:\Users\LL1urace\OneDrive\Рабочий стол\meteostat_bulk_downloader_pack\meteostat_arctic_20_daily_monthly\daily\1965\20674.csv.gz
20674,daily,1966,https://data.meteostat.net/daily/1966/20674.csv.gz,C:\Users\LL1urace\OneDrive\Рабочий стол\meteostat_bulk_downloader_pack\meteostat_arctic_20_daily_monthly\daily\1966\20674.csv.gz
20674,daily,1967,https://data.meteostat.net/daily/1967/20674.csv.gz,C:\Users\LL1urace\OneDrive\Рабочий стол\meteostat_bulk_downloader_pack\meteostat_arctic_20_daily_monthly\daily\1967\20674.csv.gz
20674,daily,1968,https://data.meteostat.net/daily/1968/20674.csv.gz,C:\Users\LL1urace\OneDrive\Рабочий стол\meteostat_bulk_downloader_pack\meteostat_arctic_20_daily_monthly\daily\1968\20674.csv.gz
20674,daily,1969,https://data.meteostat.net/daily/1969/20674.csv.gz,C:\Users\LL1urace\OneDrive\Рабочий стол\meteostat_bulk_downloader_pack\meteostat_arctic_20_daily_monthly\daily\1969\20674.csv.gz
20674,daily,1970,https://data.meteostat.net/daily/1970/20674.csv.gz,C:\Users\LL1urace\OneDrive\Рабочий стол\meteostat_bulk_downloader_pack\meteostat_arctic_20_daily_monthly\daily\1970\20674.csv.gz
20674,daily,1971,https://data.meteostat.net/daily/1971/20674.csv.gz,C:\Users\LL1urace\OneDrive\Рабочий стол\meteostat_bulk_downloader_pack\meteostat_arctic_20_daily_monthly\daily\1971\20674.csv.gz
20674,daily,1972,https://data.meteostat.net/daily/1972/20674.csv.gz,C:\Users\LL1urace\OneDrive\Рабочий стол\meteostat_bulk_downloader_pack\meteostat_arctic_20_daily_monthly\daily\1972\20674.csv.gz
20674,daily,1973,https://data.meteostat.net/daily/1973/20674.csv.gz,C:\Users\LL1urace\OneDrive\Рабочий стол\meteostat_bulk_downloader_pack\meteostat_arctic_20_daily_monthly\daily\1973\20674.csv.gz
20674,daily,1974,https://data.meteostat.net/daily/1974/20674.csv.gz,C:\Users\LL1urace\OneDrive\Рабочий стол\meteostat_bulk_downloader_pack\meteostat_arctic_20_daily_monthly\daily\1974\20674.csv.gz
20674,daily,1975,https://data.meteostat.net/daily/1975/20674.csv.gz,C:\Users\LL1urace\OneDrive\Рабочий стол\meteostat_bulk_downloader_pack\meteostat_arctic_20_daily_monthly\daily\1975\20674.csv.gz
20674,daily,1976,https://data.meteostat.net/daily/1976/20674.csv.gz,C:\Users\LL1urace\OneDrive\Рабочий стол\meteostat_bulk_downloader_pack\meteostat_arctic_20_daily_monthly\daily\1976\20674.csv.gz
20674,daily,1977,https://data.meteostat.net/daily/1977/20674.csv.gz,C:\Users\LL1urace\OneDrive\Рабочий стол\meteostat_bulk_downloader_pack\meteostat_arctic_20_daily_monthly\daily\1977\20674.csv.gz
20674,daily,1978,https://data.meteostat.net/daily/1978/20674.csv.gz,C:\Users\LL1urace\OneDrive\Рабочий стол\meteostat_bulk_downloader_pack\meteostat_arctic_20_daily_monthly\daily\1978\20674.csv.gz
20674,daily,1979,https://data.meteostat.net/daily/1979/20674.csv.gz,C:\Users\LL1urace\OneDrive\Рабочий стол\meteostat_bulk_downloader_pack\meteostat_arctic_20_daily_monthly\daily\1979\20674.csv.gz
20674,daily,1980,https://data.meteostat.net/daily/1980/20674.csv.gz,C:\Users\LL1urace\OneDrive\Рабочий стол\meteostat_bulk_downloader_pack\meteostat_arctic_20_daily_monthly\daily\1980\20674.csv.gz
20674,daily,1981,https://data.meteostat.net/daily/1981/20674.csv.gz,C:\Users\LL1urace\OneDrive\Рабочий стол\meteostat_bulk_downloader_pack\meteostat_arctic_20_daily_monthly\daily\1981\20674.csv.gz
20674,daily,1982,https://data.meteostat.net/daily/1982/20674.csv.gz,C:\Users\LL1urace\OneDrive\Рабочий стол\meteostat_bulk_downloader_pack\meteostat_arctic_20_daily_monthly\daily\1982\20674.csv.gz
20674,daily,1983,https://data.meteostat.net/daily/1983/20674.csv.gz,C:\Users\LL1urace\OneDrive\Рабочий стол\meteostat_bulk_downloader_pack\meteostat_arctic_20_daily_monthly\daily\1983\20674.csv.gz
20674,daily,1984,https://data.meteostat.net/daily/1984/20674.csv.gz,C:\Users\LL1urace\OneDrive\Рабочий стол\meteostat_bulk_downloader_pack\meteostat_arctic_20_daily_monthly\daily\1984\20674.csv.gz
20674,daily,1985,https://data.meteostat.net/daily/1985/20674.csv.gz,C:\Users\LL1urace\OneDrive\Рабочий стол\meteostat_bulk_downloader_pack\meteostat_arctic_20_daily_monthly\daily\1985\20674.csv.gz
20674,daily,1986,https://data.meteostat.net/daily/1986/20674.csv.gz,C:\Users\LL1urace\OneDrive\Рабочий стол\meteostat_bulk_downloader_pack\meteostat_arctic_20_daily_monthly\daily\1986\20674.csv.gz
20674,daily,1987,https://data.meteostat.net/daily/1987/20674.csv.gz,C:\Users\LL1urace\OneDrive\Рабочий стол\meteostat_bulk_downloader_pack\meteostat_arctic_20_daily_monthly\daily\1987\20674.csv.gz
20674,daily,1988,https://data.meteostat.net/daily/1988/20674.csv.gz,C:\Users\LL1urace\OneDrive\Рабочий стол\meteostat_bulk_downloader_pack\meteostat_arctic_20_daily_monthly\daily\1988\20674.csv.gz
20674,daily,1989,https://data.meteostat.net/daily/1989/20674.csv.gz,C:\Users\LL1urace\OneDrive\Рабочий стол\meteostat_bulk_downloader_pack\meteostat_arctic_20_daily_monthly\daily\1989\20674.csv.gz
20674,daily,1990,https://data.meteostat.net/daily/1990/20674.csv.gz,C:\Users\LL1urace\OneDrive\Рабочий стол\meteostat_bulk_downloader_pack\meteostat_arctic_20_daily_monthly\daily\1990\20674.csv.gz
20674,daily,1991,https://data.meteostat.net/daily/1991/20674.csv.gz,C:\Users\LL1urace\OneDrive\Рабочий стол\meteostat_bulk_downloader_pack\meteostat_arctic_20_daily_monthly\daily\1991\20674.csv.gz
20674,daily,1992,https://data.meteostat.net/daily/1992/20674.csv.gz,C:\Users\LL1urace\OneDrive\Рабочий стол\meteostat_bulk_downloader_pack\meteostat_arctic_20_daily_monthly\daily\1992\20674.csv.gz
20674,daily,1993,https://data.meteostat.net/daily/1993/20674.csv.gz,C:\Users\LL1urace\OneDrive\Рабочий стол\meteostat_bulk_downloader_pack\meteostat_arctic_20_daily_monthly\daily\1993\20674.csv.gz
20674,daily,1994,https://data.meteostat.net/daily/1994/20674.csv.gz,C:\Users\LL1urace\OneDrive\Рабочий стол\meteostat_bulk_downloader_pack\meteostat_arctic_20_daily_monthly\daily\1994\20674.csv.gz
20674,daily,1995,https://data.meteostat.net/daily/1995/20674.csv.gz,C:\Users\LL1urace\OneDrive\Рабочий стол\meteostat_bulk_downloader_pack\meteostat_arctic_20_daily_monthly\daily\1995\20674.csv.gz
20674,daily,1996,https://data.meteostat.net/daily/1996/20674.csv.gz,C:\Users\LL1urace\OneDrive\Рабочий стол\meteostat_bulk_downloader_pack\meteostat_arctic_20_daily_monthly\daily\1996\20674.csv.gz
20674,daily,1997,https://data.meteostat.net/daily/1997/20674.csv.gz,C:\Users\LL1urace\OneDrive\Рабочий стол\meteostat_bulk_downloader_pack\meteostat_arctic_20_daily_monthly\daily\1997\20674.csv.gz
20674,daily,1998,https://data.meteostat.net/daily/1998/20674.csv.gz,C:\Users\LL1urace\OneDrive\Рабочий стол\meteostat_bulk_downloader_pack\meteostat_arctic_20_daily_monthly\daily\1998\20674.csv.gz
20674,daily,1999,https://data.meteostat.net/daily/1999/20674.csv.gz,C:\Users\LL1urace\OneDrive\Рабочий стол\meteostat_bulk_downloader_pack\meteostat_arctic_20_daily_monthly\daily\1999\20674.csv.gz
20674,daily,2000,https://data.meteostat.net/daily/2000/20674.csv.gz,C:\Users\LL1urace\OneDrive\Рабочий стол\meteostat_bulk_downloader_pack\meteostat_arctic_20_daily_monthly\daily\2000\20674.csv.gz
20674,daily,2001,https://data.meteostat.net/daily/2001/20674.csv.gz,C:\Users\LL1urace\OneDrive\Рабочий стол\meteostat_bulk_downloader_pack\meteostat_arctic_20_daily_monthly\daily\2001\20674.csv.gz
20674,daily,2002,https://data.meteostat.net/daily/2002/20674.csv.gz,C:\Users\LL1urace\OneDrive\Рабочий стол\meteostat_bulk_downloader_pack\meteostat_arctic_20_daily_monthly\daily\2002\20674.csv.gz
20674,daily,2003,https://data.meteostat.net/daily/2003/20674.csv.gz,C:\Users\LL1urace\OneDrive\Рабочий стол\meteostat_bulk_downloader_pack\meteostat_arctic_20_daily_monthly\daily\2003\20674.csv.gz
20674,daily,2004,https://data.meteostat.net/daily/2004/20674.csv.gz,C:\Users\LL1urace\OneDrive\Рабочий стол\meteostat_bulk_downloader_pack\meteostat_arctic_20_daily_monthly\daily\2004\20674.csv.gz
20674,daily,2005,https://data.meteostat.net/daily/2005/20674.csv.gz,C:\Users\LL1urace\OneDrive\Рабочий стол\meteostat_bulk_downloader_pack\meteostat_arctic_20_daily_monthly\daily\2005\20674.csv.gz
20674,daily,2006,https://data.meteostat.net/daily/2006/20674.csv.gz,C:\Users\LL1urace\OneDrive\Рабочий стол\meteostat_bulk_downloader_pack\meteostat_arctic_20_daily_monthly\daily\2006\20674.csv.gz
20674,daily,2007,https://data.meteostat.net/daily/2007/20674.csv.gz,C:\Users\LL1urace\OneDrive\Рабочий стол\meteostat_bulk_downloader_pack\meteostat_arctic_20_daily_monthly\daily\2007\20674.csv.gz
20674,daily,2008,https://data.meteostat.net/daily/2008/20674.csv.gz,C:\Users\LL1urace\OneDrive\Рабочий стол\meteostat_bulk_downloader_pack\meteostat_arctic_20_daily_monthly\daily\2008\20674.csv.gz
20674,daily,2009,https://data.meteostat.net/daily/2009/20674.csv.gz,C:\Users\LL1urace\OneDrive\Рабочий стол\meteostat_bulk_downloader_pack\meteostat_arctic_20_daily_monthly\daily\2009\20674.csv.gz
20674,daily,2010,https://data.meteostat.net/daily/2010/20674.csv.gz,C:\Users\LL1urace\OneDrive\Рабочий стол\meteostat_bulk_downloader_pack\meteostat_arctic_20_daily_monthly\daily\2010\20674.csv.gz
20674,daily,2011,https://data.meteostat.net/daily/2011/20674.csv.gz,C:\Users\LL1urace\OneDrive\Рабочий стол\meteostat_bulk_downloader_pack\meteostat_arctic_20_daily_monthly\daily\2011\20674.csv.gz
20674,daily,2012,https://data.meteostat.net/daily/2012/20674.csv.gz,C:\Users\LL1urace\OneDrive\Рабочий стол\meteostat_bulk_downloader_pack\meteostat_arctic_20_daily_monthly\daily\2012\20674.csv.gz
20674,daily,2013,https://data.meteostat.net/daily/2013/20674.csv.gz,C:\Users\LL1urace\OneDrive\Рабочий стол\meteostat_bulk_downloader_pack\meteostat_arctic_20_daily_monthly\daily\2013\20674.csv.gz
20674,daily,2014,https://data.meteostat.net/daily/2014/20674.csv.gz,C:\Users\LL1urace\OneDrive\Рабочий стол\meteostat_bulk_downloader_pack\meteostat_arctic_20_daily_monthly\daily\2014\20674.csv.gz
20674,daily,2015,https://data.meteostat.net/daily/2015/20674.csv.gz,C:\Users\LL1urace\OneDrive\Рабочий стол\meteostat_bulk_downloader_pack\meteostat_arctic_20_daily_monthly\daily\2015\20674.csv.gz
20674,daily,2016,https://data.meteostat.net/daily/2016/20674.csv.gz,C:\Users\LL1urace\OneDrive\Рабочий стол\meteostat_bulk_downloader_pack\meteostat_arctic_20_daily_monthly\daily\2016\20674.csv.gz
20674,daily,2017,https://data.meteostat.net/daily/2017/20674.csv.gz,C:\Users\LL1urace\OneDrive\Рабочий стол\meteostat_bulk_downloader_pack\meteostat_arctic_20_daily_monthly\daily\2017\20674.csv.gz
20674,daily,2018,https://data.meteostat.net/daily/2018/20674.csv.gz,C:\Users\LL1urace\OneDrive\Рабочий стол\meteostat_bulk_downloader_pack\meteostat_arctic_20_daily_monthly\daily\2018\20674.csv.gz
20674,daily,2019,https://data.meteostat.net/daily/2019/20674.csv.gz,C:\Users\LL1urace\OneDrive\Рабочий стол\meteostat_bulk_downloader_pack\meteostat_arctic_20_daily_monthly\daily\2019\20674.csv.gz
20674,daily,2020,https://data.meteostat.net/daily/2020/20674.csv.gz,C:\Users\LL1urace\OneDrive\Рабочий стол\meteostat_bulk_downloader_pack\meteostat_arctic_20_daily_monthly\daily\2020\20674.csv.gz
20674,daily,2021,https://data.meteostat.net/daily/2021/20674.csv.gz,C:\Users\LL1urace\OneDrive\Рабочий стол\meteostat_bulk_downloader_pack\meteostat_arctic_20_daily_monthly\daily\2021\20674.csv.gz
20674,daily,2022,https://data.meteostat.net/daily/2022/20674.csv.gz,C:\Users\LL1urace\OneDrive\Рабочий стол\meteostat_bulk_downloader_pack\meteostat_arctic_20_daily_monthly\daily\2022\20674.csv.gz
20674,daily,2023,https://data.meteostat.net/daily/2023/20674.csv.gz,C:\Users\LL1urace\OneDrive\Рабочий стол\meteostat_bulk_downloader_pack\meteostat_arctic_20_daily_monthly\daily\2023\20674.csv.gz
20674,daily,2024,https://data.meteostat.net/daily/2024/20674.csv.gz,C:\Users\LL1urace\OneDrive\Рабочий стол\meteostat_bulk_downloader_pack\meteostat_arctic_20_daily_monthly\daily\2024\20674.csv.gz
20674,daily,2025,https://data.meteostat.net/daily/2025/20674.csv.gz,C:\Users\LL1urace\OneDrive\Рабочий стол\meteostat_bulk_downloader_pack\meteostat_arctic_20_daily_monthly\daily\2025\20674.csv.gz
20674,daily,2026,https://data.meteostat.net/daily/2026/20674.csv.gz,C:\Users\LL1urace\OneDrive\Рабочий стол\meteostat_bulk_downloader_pack\meteostat_arctic_20_daily_monthly\daily\2026\20674.csv.gz
20891,monthly,,https://data.meteostat.net/monthly/20891.csv.gz,C:\Users\LL1urace\OneDrive\Рабочий стол\meteostat_bulk_downloader_pack\meteostat_arctic_20_daily_monthly\monthly\20891.csv.gz
20891,daily,1900,https://data.meteostat.net/daily/1900/20891.csv.gz,C:\Users\LL1urace\OneDrive\Рабочий стол\meteostat_bulk_downloader_pack\meteostat_arctic_20_daily_monthly\daily\1900\20891.csv.gz
20891,daily,1901,https://data.meteostat.net/daily/1901/20891.csv.gz,C:\Users\LL1urace\OneDrive\Рабочий стол\meteostat_bulk_downloader_pack\meteostat_arctic_20_daily_monthly\daily\1901\20891.csv.gz
20891,daily,1902,https://data.meteostat.net/daily/1902/20891.csv.gz,C:\Users\LL1urace\OneDrive\Рабочий стол\meteostat_bulk_downloader_pack\meteostat_arctic_20_daily_monthly\daily\1902\20891.csv.gz
20891,daily,1903,https://data.meteostat.net/daily/1903/20891.csv.gz,C:\Users\LL1urace\OneDrive\Рабочий стол\meteostat_bulk_downloader_pack\meteostat_arctic_20_daily_monthly\daily\1903\20891.csv.gz
20891,daily,1904,https://data.meteostat.net/daily/1904/20891.csv.gz,C:\Users\LL1urace\OneDrive\Рабочий стол\meteostat_bulk_downloader_pack\meteostat_arctic_20_daily_monthly\daily\1904\20891.csv.gz
20891,daily,1905,https://data.meteostat.net/daily/1905/20891.csv.gz,C:\Users\LL1urace\OneDrive\Рабочий стол\meteostat_bulk_downloader_pack\meteostat_arctic_20_daily_monthly\daily\1905\20891.csv.gz
20891,daily,1906,https://data.meteostat.net/daily/1906/20891.csv.gz,C:\Users\LL1urace\OneDrive\Рабочий стол\meteostat_bulk_downloader_pack\meteostat_arctic_20_daily_monthly\daily\1906\20891.csv.gz
20891,daily,1907,https://data.meteostat.net/daily/1907/20891.csv.gz,C:\Users\LL1urace\OneDrive\Рабочий стол\meteostat_bulk_downloader_pack\meteostat_arctic_20_daily_monthly\daily\1907\20891.csv.gz
20891,daily,1908,https://data.meteostat.net/daily/1908/20891.csv.gz,C:\Users\LL1urace\OneDrive\Рабочий стол\meteostat_bulk_downloader_pack\meteostat_arctic_20_daily_monthly\daily\1908\20891.csv.gz
20891,daily,1909,https://data.meteostat.net/daily/1909/20891.csv.gz,C:\Users\LL1urace\OneDrive\Рабочий стол\meteostat_bulk_downloader_pack\meteostat_arctic_20_daily_monthly\daily\1909\20891.csv.gz
20891,daily,1910,https://data.meteostat.net/daily/1910/20891.csv.gz,C:\Users\LL1urace\OneDrive\Рабочий стол\meteostat_bulk_downloader_pack\meteostat_arctic_20_daily_monthly\daily\1910\20891.csv.gz
20891,daily,1911,https://data.meteostat.net/daily/1911/20891.csv.gz,C:\Users\LL1urace\OneDrive\Рабочий стол\meteostat_bulk_downloader_pack\meteostat_arctic_20_daily_monthly\daily\1911\20891.csv.gz
20891,daily,1912,https://data.meteostat.net/daily/1912/20891.csv.gz,C:\Users\LL1urace\OneDrive\Рабочий стол\meteostat_bulk_downloader_pack\meteostat_arctic_20_daily_monthly\daily\1912\20891.csv.gz
20891,daily,1913,https://data.meteostat.net/daily/1913/20891.csv.gz,C:\Users\LL1urace\OneDrive\Рабочий стол\meteostat_bulk_downloader_pack\meteostat_arctic_20_daily_monthly\daily\1913\20891.csv.gz
20891,daily,1914,https://data.meteostat.net/daily/1914/20891.csv.gz,C:\Users\LL1urace\OneDrive\Рабочий стол\meteostat_bulk_downloader_pack\meteostat_arctic_20_daily_monthly\daily\1914\20891.csv.gz
20891,daily,1915,https://data.meteostat.net/daily/1915/20891.csv.gz,C:\Users\LL1urace\OneDrive\Рабочий стол\meteostat_bulk_downloader_pack\meteostat_arctic_20_daily_monthly\daily\1915\20891.csv.gz
20891,daily,1916,https://data.meteostat.net/daily/1916/20891.csv.gz,C:\Users\LL1urace\OneDrive\Рабочий стол\meteostat_bulk_downloader_pack\meteostat_arctic_20_daily_monthly\daily\1916\20891.csv.gz
20891,daily,1917,https://data.meteostat.net/daily/1917/20891.csv.gz,C:\Users\LL1urace\OneDrive\Рабочий стол\meteostat_bulk_downloader_pack\meteostat_arctic_20_daily_monthly\daily\1917\20891.csv.gz
20891,daily,1918,https://data.meteostat.net/daily/1918/20891.csv.gz,C:\Users\LL1urace\OneDrive\Рабочий стол\meteostat_bulk_downloader_pack\meteostat_arctic_20_daily_monthly\daily\1918\20891.csv.gz
20891,daily,1919,https://data.meteostat.net/daily/1919/20891.csv.gz,C:\Users\LL1urace\OneDrive\Рабочий стол\meteostat_bulk_downloader_pack\meteostat_arctic_20_daily_monthly\daily\1919\20891.csv.gz
20891,daily,1920,https://data.meteostat.net/daily/1920/20891.csv.gz,C:\Users\LL1urace\OneDrive\Рабочий стол\meteostat_bulk_downloader_pack\meteostat_arctic_20_daily_monthly\daily\1920\20891.csv.gz
20891,daily,1921,https://data.meteostat.net/daily/1921/20891.csv.gz,C:\Users\LL1urace\OneDrive\Рабочий стол\meteostat_bulk_downloader_pack\meteostat_arctic_20_daily_monthly\daily\1921\20891.csv.gz
20891,daily,1922,https://data.meteostat.net/daily/1922/20891.csv.gz,C:\Users\LL1urace\OneDrive\Рабочий стол\meteostat_bulk_downloader_pack\meteostat_arctic_20_daily_monthly\daily\1922\20891.csv.gz
20891,daily,1923,https://data.meteostat.net/daily/1923/20891.csv.gz,C:\Users\LL1urace\OneDrive\Рабочий стол\meteostat_bulk_downloader_pack\meteostat_arctic_20_daily_monthly\daily\1923\20891.csv.gz
20891,daily,1924,https://data.meteostat.net/daily/1924/20891.csv.gz,C:\Users\LL1urace\OneDrive\Рабочий стол\meteostat_bulk_downloader_pack\meteostat_arctic_20_daily_monthly\daily\1924\20891.csv.gz
20891,daily,1925,https://data.meteostat.net/daily/1925/20891.csv.gz,C:\Users\LL1urace\OneDrive\Рабочий стол\meteostat_bulk_downloader_pack\meteostat_arctic_20_daily_monthly\daily\1925\20891.csv.gz
20891,daily,1926,https://data.meteostat.net/daily/1926/20891.csv.gz,C:\Users\LL1urace\OneDrive\Рабочий стол\meteostat_bulk_downloader_pack\meteostat_arctic_20_daily_monthly\daily\1926\20891.csv.gz
20891,daily,1927,https://data.meteostat.net/daily/1927/20891.csv.gz,C:\Users\LL1urace\OneDrive\Рабочий стол\meteostat_bulk_downloader_pack\meteostat_arctic_20_daily_monthly\daily\1927\20891.csv.gz
20891,daily,1928,https://data.meteostat.net/daily/1928/20891.csv.gz,C:\Users\LL1urace\OneDrive\Рабочий стол\meteostat_bulk_downloader_pack\meteostat_arctic_20_daily_monthly\daily\1928\20891.csv.gz
20891,daily,1929,https://data.meteostat.net/daily/1929/20891.csv.gz,C:\Users\LL1urace\OneDrive\Рабочий стол\meteostat_bulk_downloader_pack\meteostat_arctic_20_daily_monthly\daily\1929\20891.csv.gz
20891,daily,1930,https://data.meteostat.net/daily/1930/20891.csv.gz,C:\Users\LL1urace\OneDrive\Рабочий стол\meteostat_bulk_downloader_pack\meteostat_arctic_20_daily_monthly\daily\1930\20891.csv.gz
20891,daily,1931,https://data.meteostat.net/daily/1931/20891.csv.gz,C:\Users\LL1urace\OneDrive\Рабочий стол\meteostat_bulk_downloader_pack\meteostat_arctic_20_daily_monthly\daily\1931\20891.csv.gz
20891,daily,1932,https://data.meteostat.net/daily/1932/20891.csv.gz,C:\Users\LL1urace\OneDrive\Рабочий стол\meteostat_bulk_downloader_pack\meteostat_arctic_20_daily_monthly\daily\1932\20891.csv.gz
20891,daily,1933,https://data.meteostat.net/daily/1933/20891.csv.gz,C:\Users\LL1urace\OneDrive\Рабочий стол\meteostat_bulk_downloader_pack\meteostat_arctic_20_daily_monthly\daily\1933\20891.csv.gz
20891,daily,1934,https://data.meteostat.net/daily/1934/20891.csv.gz,C:\Users\LL1urace\OneDrive\Рабочий стол\meteostat_bulk_downloader_pack\meteostat_arctic_20_daily_monthly\daily\1934\20891.csv.gz
20891,daily,1935,https://data.meteostat.net/daily/1935/20891.csv.gz,C:\Users\LL1urace\OneDrive\Рабочий стол\meteostat_bulk_downloader_pack\meteostat_arctic_20_daily_monthly\daily\1935\20891.csv.gz
20891,daily,1936,https://data.meteostat.net/daily/1936/20891.csv.gz,C:\Users\LL1urace\OneDrive\Рабочий стол\meteostat_bulk_downloader_pack\meteostat_arctic_20_daily_monthly\daily\1936\20891.csv.gz
20891,daily,1937,https://data.meteostat.net/daily/1937/20891.csv.gz,C:\Users\LL1urace\OneDrive\Рабочий стол\meteostat_bulk_downloader_pack\meteostat_arctic_20_daily_monthly\daily\1937\20891.csv.gz
20891,daily,1938,https://data.meteostat.net/daily/1938/20891.csv.gz,C:\Users\LL1urace\OneDrive\Рабочий стол\meteostat_bulk_downloader_pack\meteostat_arctic_20_daily_monthly\daily\1938\20891.csv.gz
20891,daily,1939,https://data.meteostat.net/daily/1939/20891.csv.gz,C:\Users\LL1urace\OneDrive\Рабочий стол\meteostat_bulk_downloader_pack\meteostat_arctic_20_daily_monthly\daily\1939\20891.csv.gz
20891,daily,1940,https://data.meteostat.net/daily/1940/20891.csv.gz,C:\Users\LL1urace\OneDrive\Рабочий стол\meteostat_bulk_downloader_pack\meteostat_arctic_20_daily_monthly\daily\1940\20891.csv.gz
20891,daily,1941,https://data.meteostat.net/daily/1941/20891.csv.gz,C:\Users\LL1urace\OneDrive\Рабочий стол\meteostat_bulk_downloader_pack\meteostat_arctic_20_daily_monthly\daily\1941\20891.csv.gz
20891,daily,1942,https://data.meteostat.net/daily/1942/20891.csv.gz,C:\Users\LL1urace\OneDrive\Рабочий стол\meteostat_bulk_downloader_pack\meteostat_arctic_20_daily_monthly\daily\1942\20891.csv.gz
20891,daily,1943,https://data.meteostat.net/daily/1943/20891.csv.gz,C:\Users\LL1urace\OneDrive\Рабочий стол\meteostat_bulk_downloader_pack\meteostat_arctic_20_daily_monthly\daily\1943\20891.csv.gz
20891,daily,1944,https://data.meteostat.net/daily/1944/20891.csv.gz,C:\Users\LL1urace\OneDrive\Рабочий стол\meteostat_bulk_downloader_pack\meteostat_arctic_20_daily_monthly\daily\1944\20891.csv.gz
20891,daily,1945,https://data.meteostat.net/daily/1945/20891.csv.gz,C:\Users\LL1urace\OneDrive\Рабочий стол\meteostat_bulk_downloader_pack\meteostat_arctic_20_daily_monthly\daily\1945\20891.csv.gz
20891,daily,1946,https://data.meteostat.net/daily/1946/20891.csv.gz,C:\Users\LL1urace\OneDrive\Рабочий стол\meteostat_bulk_downloader_pack\meteostat_arctic_20_daily_monthly\daily\1946\20891.csv.gz
20891,daily,1947,https://data.meteostat.net/daily/1947/20891.csv.gz,C:\Users\LL1urace\OneDrive\Рабочий стол\meteostat_bulk_downloader_pack\meteostat_arctic_20_daily_monthly\daily\1947\20891.csv.gz
20891,daily,1948,https://data.meteostat.net/daily/1948/20891.csv.gz,C:\Users\LL1urace\OneDrive\Рабочий стол\meteostat_bulk_downloader_pack\meteostat_arctic_20_daily_monthly\daily\1948\20891.csv.gz
20891,daily,1949,https://data.meteostat.net/daily/1949/20891.csv.gz,C:\Users\LL1urace\OneDrive\Рабочий стол\meteostat_bulk_downloader_pack\meteostat_arctic_20_daily_monthly\daily\1949\20891.csv.gz
20891,daily,1950,https://data.meteostat.net/daily/1950/20891.csv.gz,C:\Users\LL1urace\OneDrive\Рабочий стол\meteostat_bulk_downloader_pack\meteostat_arctic_20_daily_monthly\daily\1950\20891.csv.gz
20891,daily,1951,https://data.meteostat.net/daily/1951/20891.csv.gz,C:\Users\LL1urace\OneDrive\Рабочий стол\meteostat_bulk_downloader_pack\meteostat_arctic_20_daily_monthly\daily\1951\20891.csv.gz
20891,daily,1952,https://data.meteostat.net/daily/1952/20891.csv.gz,C:\Users\LL1urace\OneDrive\Рабочий стол\meteostat_bulk_downloader_pack\meteostat_arctic_20_daily_monthly\daily\1952\20891.csv.gz
20891,daily,1953,https://data.meteostat.net/daily/1953/20891.csv.gz,C:\Users\LL1urace\OneDrive\Рабочий стол\meteostat_bulk_downloader_pack\meteostat_arctic_20_daily_monthly\daily\1953\20891.csv.gz
20891,daily,1954,https://data.meteostat.net/daily/1954/20891.csv.gz,C:\Users\LL1urace\OneDrive\Рабочий стол\meteostat_bulk_downloader_pack\meteostat_arctic_20_daily_monthly\daily\1954\20891.csv.gz
20891,daily,1955,https://data.meteostat.net/daily/1955/20891.csv.gz,C:\Users\LL1urace\OneDrive\Рабочий стол\meteostat_bulk_downloader_pack\meteostat_arctic_20_daily_monthly\daily\1955\20891.csv.gz
20891,daily,1956,https://data.meteostat.net/daily/1956/20891.csv.gz,C:\Users\LL1urace\OneDrive\Рабочий стол\meteostat_bulk_downloader_pack\meteostat_arctic_20_daily_monthly\daily\1956\20891.csv.gz
20891,daily,1957,https://data.meteostat.net/daily/1957/20891.csv.gz,C:\Users\LL1urace\OneDrive\Рабочий стол\meteostat_bulk_downloader_pack\meteostat_arctic_20_daily_monthly\daily\1957\20891.csv.gz
20891,daily,1958,https://data.meteostat.net/daily/1958/20891.csv.gz,C:\Users\LL1urace\OneDrive\Рабочий стол\meteostat_bulk_downloader_pack\meteostat_arctic_20_daily_monthly\daily\1958\20891.csv.gz
20891,daily,1959,https://data.meteostat.net/daily/1959/20891.csv.gz,C:\Users\LL1urace\OneDrive\Рабочий стол\meteostat_bulk_downloader_pack\meteostat_arctic_20_daily_monthly\daily\1959\20891.csv.gz
20891,daily,1960,https://data.meteostat.net/daily/1960/20891.csv.gz,C:\Users\LL1urace\OneDrive\Рабочий стол\meteostat_bulk_downloader_pack\meteostat_arctic_20_daily_monthly\daily\1960\20891.csv.gz
20891,daily,1961,https://data.meteostat.net/daily/1961/20891.csv.gz,C:\Users\LL1urace\OneDrive\Рабочий стол\meteostat_bulk_downloader_pack\meteostat_arctic_20_daily_monthly\daily\1961\20891.csv.gz
20891,daily,1962,https://data.meteostat.net/daily/1962/20891.csv.gz,C:\Users\LL1urace\OneDrive\Рабочий стол\meteostat_bulk_downloader_pack\meteostat_arctic_20_daily_monthly\daily\1962\20891.csv.gz
20891,daily,1963,https://data.meteostat.net/daily/1963/20891.csv.gz,C:\Users\LL1urace\OneDrive\Рабочий стол\meteostat_bulk_downloader_pack\meteostat_arctic_20_daily_monthly\daily\1963\20891.csv.gz
20891,daily,1964,https://data.meteostat.net/daily/1964/20891.csv.gz,C:\Users\LL1urace\OneDrive\Рабочий стол\meteostat_bulk_downloader_pack\meteostat_arctic_20_daily_monthly\daily\1964\20891.csv.gz
20891,daily,1965,https://data.meteostat.net/daily/1965/20891.csv.gz,C:\Users\LL1urace\OneDrive\Рабочий стол\meteostat_bulk_downloader_pack\meteostat_arctic_20_daily_monthly\daily\1965\20891.csv.gz
20891,daily,1966,https://data.meteostat.net/daily/1966/20891.csv.gz,C:\Users\LL1urace\OneDrive\Рабочий стол\meteostat_bulk_downloader_pack\meteostat_arctic_20_daily_monthly\daily\1966\20891.csv.gz
20891,daily,1967,https://data.meteostat.net/daily/1967/20891.csv.gz,C:\Users\LL1urace\OneDrive\Рабочий стол\meteostat_bulk_downloader_pack\meteostat_arctic_20_daily_monthly\daily\1967\20891.csv.gz
20891,daily,1968,https://data.meteostat.net/daily/1968/20891.csv.gz,C:\Users\LL1urace\OneDrive\Рабочий стол\meteostat_bulk_downloader_pack\meteostat_arctic_20_daily_monthly\daily\1968\20891.csv.gz
20891,daily,1969,https://data.meteostat.net/daily/1969/20891.csv.gz,C:\Users\LL1urace\OneDrive\Рабочий стол\meteostat_bulk_downloader_pack\meteostat_arctic_20_daily_monthly\daily\1969\20891.csv.gz
20891,daily,1970,https://data.meteostat.net/daily/1970/20891.csv.gz,C:\Users\LL1urace\OneDrive\Рабочий стол\meteostat_bulk_downloader_pack\meteostat_arctic_20_daily_monthly\daily\1970\20891.csv.gz
20891,daily,1971,https://data.meteostat.net/daily/1971/20891.csv.gz,C:\Users\LL1urace\OneDrive\Рабочий стол\meteostat_bulk_downloader_pack\meteostat_arctic_20_daily_monthly\daily\1971\20891.csv.gz
20891,daily,1972,https://data.meteostat.net/daily/1972/20891.csv.gz,C:\Users\LL1urace\OneDrive\Рабочий стол\meteostat_bulk_downloader_pack\meteostat_arctic_20_daily_monthly\daily\1972\20891.csv.gz
20891,daily,1973,https://data.meteostat.net/daily/1973/20891.csv.gz,C:\Users\LL1urace\OneDrive\Рабочий стол\meteostat_bulk_downloader_pack\meteostat_arctic_20_daily_monthly\daily\1973\20891.csv.gz
20891,daily,1974,https://data.meteostat.net/daily/1974/20891.csv.gz,C:\Users\LL1urace\OneDrive\Рабочий стол\meteostat_bulk_downloader_pack\meteostat_arctic_20_daily_monthly\daily\1974\20891.csv.gz
20891,daily,1975,https://data.meteostat.net/daily/1975/20891.csv.gz,C:\Users\LL1urace\OneDrive\Рабочий стол\meteostat_bulk_downloader_pack\meteostat_arctic_20_daily_monthly\daily\1975\20891.csv.gz
20891,daily,1976,https://data.meteostat.net/daily/1976/20891.csv.gz,C:\Users\LL1urace\OneDrive\Рабочий стол\meteostat_bulk_downloader_pack\meteostat_arctic_20_daily_monthly\daily\1976\20891.csv.gz
20891,daily,1977,https://data.meteostat.net/daily/1977/20891.csv.gz,C:\Users\LL1urace\OneDrive\Рабочий стол\meteostat_bulk_downloader_pack\meteostat_arctic_20_daily_monthly\daily\1977\20891.csv.gz
20891,daily,1978,https://data.meteostat.net/daily/1978/20891.csv.gz,C:\Users\LL1urace\OneDrive\Рабочий стол\meteostat_bulk_downloader_pack\meteostat_arctic_20_daily_monthly\daily\1978\20891.csv.gz
20891,daily,1979,https://data.meteostat.net/daily/1979/20891.csv.gz,C:\Users\LL1urace\OneDrive\Рабочий стол\meteostat_bulk_downloader_pack\meteostat_arctic_20_daily_monthly\daily\1979\20891.csv.gz
20891,daily,1980,https://data.meteostat.net/daily/1980/20891.csv.gz,C:\Users\LL1urace\OneDrive\Рабочий стол\meteostat_bulk_downloader_pack\meteostat_arctic_20_daily_monthly\daily\1980\20891.csv.gz
20891,daily,1981,https://data.meteostat.net/daily/1981/20891.csv.gz,C:\Users\LL1urace\OneDrive\Рабочий стол\meteostat_bulk_downloader_pack\meteostat_arctic_20_daily_monthly\daily\1981\20891.csv.gz
20891,daily,1982,https://data.meteostat.net/daily/1982/20891.csv.gz,C:\Users\LL1urace\OneDrive\Рабочий стол\meteostat_bulk_downloader_pack\meteostat_arctic_20_daily_monthly\daily\1982\20891.csv.gz
20891,daily,1983,https://data.meteostat.net/daily/1983/20891.csv.gz,C:\Users\LL1urace\OneDrive\Рабочий стол\meteostat_bulk_downloader_pack\meteostat_arctic_20_daily_monthly\daily\1983\20891.csv.gz
20891,daily,1984,https://data.meteostat.net/daily/1984/20891.csv.gz,C:\Users\LL1urace\OneDrive\Рабочий стол\meteostat_bulk_downloader_pack\meteostat_arctic_20_daily_monthly\daily\1984\20891.csv.gz
20891,daily,1985,https://data.meteostat.net/daily/1985/20891.csv.gz,C:\Users\LL1urace\OneDrive\Рабочий стол\meteostat_bulk_downloader_pack\meteostat_arctic_20_daily_monthly\daily\1985\20891.csv.gz
20891,daily,1986,https://data.meteostat.net/daily/1986/20891.csv.gz,C:\Users\LL1urace\OneDrive\Рабочий стол\meteostat_bulk_downloader_pack\meteostat_arctic_20_daily_monthly\daily\1986\20891.csv.gz
20891,daily,1987,https://data.meteostat.net/daily/1987/20891.csv.gz,C:\Users\LL1urace\OneDrive\Рабочий стол\meteostat_bulk_downloader_pack\meteostat_arctic_20_daily_monthly\daily\1987\20891.csv.gz
20891,daily,1988,https://data.meteostat.net/daily/1988/20891.csv.gz,C:\Users\LL1urace\OneDrive\Рабочий стол\meteostat_bulk_downloader_pack\meteostat_arctic_20_daily_monthly\daily\1988\20891.csv.gz
20891,daily,1989,https://data.meteostat.net/daily/1989/20891.csv.gz,C:\Users\LL1urace\OneDrive\Рабочий стол\meteostat_bulk_downloader_pack\meteostat_arctic_20_daily_monthly\daily\1989\20891.csv.gz
20891,daily,1990,https://data.meteostat.net/daily/1990/20891.csv.gz,C:\Users\LL1urace\OneDrive\Рабочий стол\meteostat_bulk_downloader_pack\meteostat_arctic_20_daily_monthly\daily\1990\20891.csv.gz
20891,daily,1991,https://data.meteostat.net/daily/1991/20891.csv.gz,C:\Users\LL1urace\OneDrive\Рабочий стол\meteostat_bulk_downloader_pack\meteostat_arctic_20_daily_monthly\daily\1991\20891.csv.gz
20891,daily,1992,https://data.meteostat.net/daily/1992/20891.csv.gz,C:\Users\LL1urace\OneDrive\Рабочий стол\meteostat_bulk_downloader_pack\meteostat_arctic_20_daily_monthly\daily\1992\20891.csv.gz
20891,daily,1993,https://data.meteostat.net/daily/1993/20891.csv.gz,C:\Users\LL1urace\OneDrive\Рабочий стол\meteostat_bulk_downloader_pack\meteostat_arctic_20_daily_monthly\daily\1993\20891.csv.gz
20891,daily,1994,https://data.meteostat.net/daily/1994/20891.csv.gz,C:\Users\LL1urace\OneDrive\Рабочий стол\meteostat_bulk_downloader_pack\meteostat_arctic_20_daily_monthly\daily\1994\20891.csv.gz
20891,daily,1995,https://data.meteostat.net/daily/1995/20891.csv.gz,C:\Users\LL1urace\OneDrive\Рабочий стол\meteostat_bulk_downloader_pack\meteostat_arctic_20_daily_monthly\daily\1995\20891.csv.gz
20891,daily,1996,https://data.meteostat.net/daily/1996/20891.csv.gz,C:\Users\LL1urace\OneDrive\Рабочий стол\meteostat_bulk_downloader_pack\meteostat_arctic_20_daily_monthly\daily\1996\20891.csv.gz
20891,daily,1997,https://data.meteostat.net/daily/1997/20891.csv.gz,C:\Users\LL1urace\OneDrive\Рабочий стол\meteostat_bulk_downloader_pack\meteostat_arctic_20_daily_monthly\daily\1997\20891.csv.gz
20891,daily,1998,https://data.meteostat.net/daily/1998/20891.csv.gz,C:\Users\LL1urace\OneDrive\Рабочий стол\meteostat_bulk_downloader_pack\meteostat_arctic_20_daily_monthly\daily\1998\20891.csv.gz
20891,daily,1999,https://data.meteostat.net/daily/1999/20891.csv.gz,C:\Users\LL1urace\OneDrive\Рабочий стол\meteostat_bulk_downloader_pack\meteostat_arctic_20_daily_monthly\daily\1999\20891.csv.gz
20891,daily,2000,https://data.meteostat.net/daily/2000/20891.csv.gz,C:\Users\LL1urace\OneDrive\Рабочий стол\meteostat_bulk_downloader_pack\meteostat_arctic_20_daily_monthly\daily\2000\20891.csv.gz
20891,daily,2001,https://data.meteostat.net/daily/2001/20891.csv.gz,C:\Users\LL1urace\OneDrive\Рабочий стол\meteostat_bulk_downloader_pack\meteostat_arctic_20_daily_monthly\daily\2001\20891.csv.gz
20891,daily,2002,https://data.meteostat.net/daily/2002/20891.csv.gz,C:\Users\LL1urace\OneDrive\Рабочий стол\meteostat_bulk_downloader_pack\meteostat_arctic_20_daily_monthly\daily\2002\20891.csv.gz
20891,daily,2003,https://data.meteostat.net/daily/2003/20891.csv.gz,C:\Users\LL1urace\OneDrive\Рабочий стол\meteostat_bulk_downloader_pack\meteostat_arctic_20_daily_monthly\daily\2003\20891.csv.gz
20891,daily,2004,https://data.meteostat.net/daily/2004/20891.csv.gz,C:\Users\LL1urace\OneDrive\Рабочий стол\meteostat_bulk_downloader_pack\meteostat_arctic_20_daily_monthly\daily\2004\20891.csv.gz
20891,daily,2005,https://data.meteostat.net/daily/2005/20891.csv.gz,C:\Users\LL1urace\OneDrive\Рабочий стол\meteostat_bulk_downloader_pack\meteostat_arctic_20_daily_monthly\daily\2005\20891.csv.gz
20891,daily,2006,https://data.meteostat.net/daily/2006/20891.csv.gz,C:\Users\LL1urace\OneDrive\Рабочий стол\meteostat_bulk_downloader_pack\meteostat_arctic_20_daily_monthly\daily\2006\20891.csv.gz
20891,daily,2007,https://data.meteostat.net/daily/2007/20891.csv.gz,C:\Users\LL1urace\OneDrive\Рабочий стол\meteostat_bulk_downloader_pack\meteostat_arctic_20_daily_monthly\daily\2007\20891.csv.gz
20891,daily,2008,https://data.meteostat.net/daily/2008/20891.csv.gz,C:\Users\LL1urace\OneDrive\Рабочий стол\meteostat_bulk_downloader_pack\meteostat_arctic_20_daily_monthly\daily\2008\20891.csv.gz
20891,daily,2009,https://data.meteostat.net/daily/2009/20891.csv.gz,C:\Users\LL1urace\OneDrive\Рабочий стол\meteostat_bulk_downloader_pack\meteostat_arctic_20_daily_monthly\daily\2009\20891.csv.gz
20891,daily,2010,https://data.meteostat.net/daily/2010/20891.csv.gz,C:\Users\LL1urace\OneDrive\Рабочий стол\meteostat_bulk_downloader_pack\meteostat_arctic_20_daily_monthly\daily\2010\20891.csv.gz
20891,daily,2011,https://data.meteostat.net/daily/2011/20891.csv.gz,C:\Users\LL1urace\OneDrive\Рабочий стол\meteostat_bulk_downloader_pack\meteostat_arctic_20_daily_monthly\daily\2011\20891.csv.gz
20891,daily,2012,https://data.meteostat.net/daily/2012/20891.csv.gz,C:\Users\LL1urace\OneDrive\Рабочий стол\meteostat_bulk_downloader_pack\meteostat_arctic_20_daily_monthly\daily\2012\20891.csv.gz
20891,daily,2013,https://data.meteostat.net/daily/2013/20891.csv.gz,C:\Users\LL1urace\OneDrive\Рабочий стол\meteostat_bulk_downloader_pack\meteostat_arctic_20_daily_monthly\daily\2013\20891.csv.gz
20891,daily,2014,https://data.meteostat.net/daily/2014/20891.csv.gz,C:\Users\LL1urace\OneDrive\Рабочий стол\meteostat_bulk_downloader_pack\meteostat_arctic_20_daily_monthly\daily\2014\20891.csv.gz
20891,daily,2015,https://data.meteostat.net/daily/2015/20891.csv.gz,C:\Users\LL1urace\OneDrive\Рабочий стол\meteostat_bulk_downloader_pack\meteostat_arctic_20_daily_monthly\daily\2015\20891.csv.gz
20891,daily,2016,https://data.meteostat.net/daily/2016/20891.csv.gz,C:\Users\LL1urace\OneDrive\Рабочий стол\meteostat_bulk_downloader_pack\meteostat_arctic_20_daily_monthly\daily\2016\20891.csv.gz
20891,daily,2017,https://data.meteostat.net/daily/2017/20891.csv.gz,C:\Users\LL1urace\OneDrive\Рабочий стол\meteostat_bulk_downloader_pack\meteostat_arctic_20_daily_monthly\daily\2017\20891.csv.gz
20891,daily,2018,https://data.meteostat.net/daily/2018/20891.csv.gz,C:\Users\LL1urace\OneDrive\Рабочий стол\meteostat_bulk_downloader_pack\meteostat_arctic_20_daily_monthly\daily\2018\20891.csv.gz
20891,daily,2019,https://data.meteostat.net/daily/2019/20891.csv.gz,C:\Users\LL1urace\OneDrive\Рабочий стол\meteostat_bulk_downloader_pack\meteostat_arctic_20_daily_monthly\daily\2019\20891.csv.gz
20891,daily,2020,https://data.meteostat.net/daily/2020/20891.csv.gz,C:\Users\LL1urace\OneDrive\Рабочий стол\meteostat_bulk_downloader_pack\meteostat_arctic_20_daily_monthly\daily\2020\20891.csv.gz
20891,daily,2021,https://data.meteostat.net/daily/2021/20891.csv.gz,C:\Users\LL1urace\OneDrive\Рабочий стол\meteostat_bulk_downloader_pack\meteostat_arctic_20_daily_monthly\daily\2021\20891.csv.gz
20891,daily,2022,https://data.meteostat.net/daily/2022/20891.csv.gz,C:\Users\LL1urace\OneDrive\Рабочий стол\meteostat_bulk_downloader_pack\meteostat_arctic_20_daily_monthly\daily\2022\20891.csv.gz
20891,daily,2023,https://data.meteostat.net/daily/2023/20891.csv.gz,C:\Users\LL1urace\OneDrive\Рабочий стол\meteostat_bulk_downloader_pack\meteostat_arctic_20_daily_monthly\daily\2023\20891.csv.gz
20891,daily,2024,https://data.meteostat.net/daily/2024/20891.csv.gz,C:\Users\LL1urace\OneDrive\Рабочий стол\meteostat_bulk_downloader_pack\meteostat_arctic_20_daily_monthly\daily\2024\20891.csv.gz
20891,daily,2025,https://data.meteostat.net/daily/2025/20891.csv.gz,C:\Users\LL1urace\OneDrive\Рабочий стол\meteostat_bulk_downloader_pack\meteostat_arctic_20_daily_monthly\daily\2025\20891.csv.gz
20891,daily,2026,https://data.meteostat.net/daily/2026/20891.csv.gz,C:\Users\LL1urace\OneDrive\Рабочий стол\meteostat_bulk_downloader_pack\meteostat_arctic_20_daily_monthly\daily\2026\20891.csv.gz
21504,monthly,,https://data.meteostat.net/monthly/21504.csv.gz,C:\Users\LL1urace\OneDrive\Рабочий стол\meteostat_bulk_downloader_pack\meteostat_arctic_20_daily_monthly\monthly\21504.csv.gz
21504,daily,1900,https://data.meteostat.net/daily/1900/21504.csv.gz,C:\Users\LL1urace\OneDrive\Рабочий стол\meteostat_bulk_downloader_pack\meteostat_arctic_20_daily_monthly\daily\1900\21504.csv.gz
21504,daily,1901,https://data.meteostat.net/daily/1901/21504.csv.gz,C:\Users\LL1urace\OneDrive\Рабочий стол\meteostat_bulk_downloader_pack\meteostat_arctic_20_daily_monthly\daily\1901\21504.csv.gz
21504,daily,1902,https://data.meteostat.net/daily/1902/21504.csv.gz,C:\Users\LL1urace\OneDrive\Рабочий стол\meteostat_bulk_downloader_pack\meteostat_arctic_20_daily_monthly\daily\1902\21504.csv.gz
21504,daily,1903,https://data.meteostat.net/daily/1903/21504.csv.gz,C:\Users\LL1urace\OneDrive\Рабочий стол\meteostat_bulk_downloader_pack\meteostat_arctic_20_daily_monthly\daily\1903\21504.csv.gz
21504,daily,1904,https://data.meteostat.net/daily/1904/21504.csv.gz,C:\Users\LL1urace\OneDrive\Рабочий стол\meteostat_bulk_downloader_pack\meteostat_arctic_20_daily_monthly\daily\1904\21504.csv.gz
21504,daily,1905,https://data.meteostat.net/daily/1905/21504.csv.gz,C:\Users\LL1urace\OneDrive\Рабочий стол\meteostat_bulk_downloader_pack\meteostat_arctic_20_daily_monthly\daily\1905\21504.csv.gz
21504,daily,1906,https://data.meteostat.net/daily/1906/21504.csv.gz,C:\Users\LL1urace\OneDrive\Рабочий стол\meteostat_bulk_downloader_pack\meteostat_arctic_20_daily_monthly\daily\1906\21504.csv.gz
21504,daily,1907,https://data.meteostat.net/daily/1907/21504.csv.gz,C:\Users\LL1urace\OneDrive\Рабочий стол\meteostat_bulk_downloader_pack\meteostat_arctic_20_daily_monthly\daily\1907\21504.csv.gz
21504,daily,1908,https://data.meteostat.net/daily/1908/21504.csv.gz,C:\Users\LL1urace\OneDrive\Рабочий стол\meteostat_bulk_downloader_pack\meteostat_arctic_20_daily_monthly\daily\1908\21504.csv.gz
21504,daily,1909,https://data.meteostat.net/daily/1909/21504.csv.gz,C:\Users\LL1urace\OneDrive\Рабочий стол\meteostat_bulk_downloader_pack\meteostat_arctic_20_daily_monthly\daily\1909\21504.csv.gz
21504,daily,1910,https://data.meteostat.net/daily/1910/21504.csv.gz,C:\Users\LL1urace\OneDrive\Рабочий стол\meteostat_bulk_downloader_pack\meteostat_arctic_20_daily_monthly\daily\1910\21504.csv.gz
21504,daily,1911,https://data.meteostat.net/daily/1911/21504.csv.gz,C:\Users\LL1urace\OneDrive\Рабочий стол\meteostat_bulk_downloader_pack\meteostat_arctic_20_daily_monthly\daily\1911\21504.csv.gz
21504,daily,1912,https://data.meteostat.net/daily/1912/21504.csv.gz,C:\Users\LL1urace\OneDrive\Рабочий стол\meteostat_bulk_downloader_pack\meteostat_arctic_20_daily_monthly\daily\1912\21504.csv.gz
21504,daily,1913,https://data.meteostat.net/daily/1913/21504.csv.gz,C:\Users\LL1urace\OneDrive\Рабочий стол\meteostat_bulk_downloader_pack\meteostat_arctic_20_daily_monthly\daily\1913\21504.csv.gz
21504,daily,1914,https://data.meteostat.net/daily/1914/21504.csv.gz,C:\Users\LL1urace\OneDrive\Рабочий стол\meteostat_bulk_downloader_pack\meteostat_arctic_20_daily_monthly\daily\1914\21504.csv.gz
21504,daily,1915,https://data.meteostat.net/daily/1915/21504.csv.gz,C:\Users\LL1urace\OneDrive\Рабочий стол\meteostat_bulk_downloader_pack\meteostat_arctic_20_daily_monthly\daily\1915\21504.csv.gz
21504,daily,1916,https://data.meteostat.net/daily/1916/21504.csv.gz,C:\Users\LL1urace\OneDrive\Рабочий стол\meteostat_bulk_downloader_pack\meteostat_arctic_20_daily_monthly\daily\1916\21504.csv.gz
21504,daily,1917,https://data.meteostat.net/daily/1917/21504.csv.gz,C:\Users\LL1urace\OneDrive\Рабочий стол\meteostat_bulk_downloader_pack\meteostat_arctic_20_daily_monthly\daily\1917\21504.csv.gz
21504,daily,1918,https://data.meteostat.net/daily/1918/21504.csv.gz,C:\Users\LL1urace\OneDrive\Рабочий стол\meteostat_bulk_downloader_pack\meteostat_arctic_20_daily_monthly\daily\1918\21504.csv.gz
21504,daily,1919,https://data.meteostat.net/daily/1919/21504.csv.gz,C:\Users\LL1urace\OneDrive\Рабочий стол\meteostat_bulk_downloader_pack\meteostat_arctic_20_daily_monthly\daily\1919\21504.csv.gz
21504,daily,1920,https://data.meteostat.net/daily/1920/21504.csv.gz,C:\Users\LL1urace\OneDrive\Рабочий стол\meteostat_bulk_downloader_pack\meteostat_arctic_20_daily_monthly\daily\1920\21504.csv.gz
21504,daily,1921,https://data.meteostat.net/daily/1921/21504.csv.gz,C:\Users\LL1urace\OneDrive\Рабочий стол\meteostat_bulk_downloader_pack\meteostat_arctic_20_daily_monthly\daily\1921\21504.csv.gz
21504,daily,1922,https://data.meteostat.net/daily/1922/21504.csv.gz,C:\Users\LL1urace\OneDrive\Рабочий стол\meteostat_bulk_downloader_pack\meteostat_arctic_20_daily_monthly\daily\1922\21504.csv.gz
21504,daily,1923,https://data.meteostat.net/daily/1923/21504.csv.gz,C:\Users\LL1urace\OneDrive\Рабочий стол\meteostat_bulk_downloader_pack\meteostat_arctic_20_daily_monthly\daily\1923\21504.csv.gz
21504,daily,1924,https://data.meteostat.net/daily/1924/21504.csv.gz,C:\Users\LL1urace\OneDrive\Рабочий стол\meteostat_bulk_downloader_pack\meteostat_arctic_20_daily_monthly\daily\1924\21504.csv.gz
21504,daily,1925,https://data.meteostat.net/daily/1925/21504.csv.gz,C:\Users\LL1urace\OneDrive\Рабочий стол\meteostat_bulk_downloader_pack\meteostat_arctic_20_daily_monthly\daily\1925\21504.csv.gz
21504,daily,1926,https://data.meteostat.net/daily/1926/21504.csv.gz,C:\Users\LL1urace\OneDrive\Рабочий стол\meteostat_bulk_downloader_pack\meteostat_arctic_20_daily_monthly\daily\1926\21504.csv.gz
21504,daily,1927,https://data.meteostat.net/daily/1927/21504.csv.gz,C:\Users\LL1urace\OneDrive\Рабочий стол\meteostat_bulk_downloader_pack\meteostat_arctic_20_daily_monthly\daily\1927\21504.csv.gz
21504,daily,1928,https://data.meteostat.net/daily/1928/21504.csv.gz,C:\Users\LL1urace\OneDrive\Рабочий стол\meteostat_bulk_downloader_pack\meteostat_arctic_20_daily_monthly\daily\1928\21504.csv.gz
21504,daily,1929,https://data.meteostat.net/daily/1929/21504.csv.gz,C:\Users\LL1urace\OneDrive\Рабочий стол\meteostat_bulk_downloader_pack\meteostat_arctic_20_daily_monthly\daily\1929\21504.csv.gz
21504,daily,1930,https://data.meteostat.net/daily/1930/21504.csv.gz,C:\Users\LL1urace\OneDrive\Рабочий стол\meteostat_bulk_downloader_pack\meteostat_arctic_20_daily_monthly\daily\1930\21504.csv.gz
21504,daily,1931,https://data.meteostat.net/daily/1931/21504.csv.gz,C:\Users\LL1urace\OneDrive\Рабочий стол\meteostat_bulk_downloader_pack\meteostat_arctic_20_daily_monthly\daily\1931\21504.csv.gz
21504,daily,1932,https://data.meteostat.net/daily/1932/21504.csv.gz,C:\Users\LL1urace\OneDrive\Рабочий стол\meteostat_bulk_downloader_pack\meteostat_arctic_20_daily_monthly\daily\1932\21504.csv.gz
21504,daily,1933,https://data.meteostat.net/daily/1933/21504.csv.gz,C:\Users\LL1urace\OneDrive\Рабочий стол\meteostat_bulk_downloader_pack\meteostat_arctic_20_daily_monthly\daily\1933\21504.csv.gz
21504,daily,1934,https://data.meteostat.net/daily/1934/21504.csv.gz,C:\Users\LL1urace\OneDrive\Рабочий стол\meteostat_bulk_downloader_pack\meteostat_arctic_20_daily_monthly\daily\1934\21504.csv.gz
21504,daily,1935,https://data.meteostat.net/daily/1935/21504.csv.gz,C:\Users\LL1urace\OneDrive\Рабочий стол\meteostat_bulk_downloader_pack\meteostat_arctic_20_daily_monthly\daily\1935\21504.csv.gz
21504,daily,1936,https://data.meteostat.net/daily/1936/21504.csv.gz,C:\Users\LL1urace\OneDrive\Рабочий стол\meteostat_bulk_downloader_pack\meteostat_arctic_20_daily_monthly\daily\1936\21504.csv.gz
21504,daily,1937,https://data.meteostat.net/daily/1937/21504.csv.gz,C:\Users\LL1urace\OneDrive\Рабочий стол\meteostat_bulk_downloader_pack\meteostat_arctic_20_daily_monthly\daily\1937\21504.csv.gz
21504,daily,1938,https://data.meteostat.net/daily/1938/21504.csv.gz,C:\Users\LL1urace\OneDrive\Рабочий стол\meteostat_bulk_downloader_pack\meteostat_arctic_20_daily_monthly\daily\1938\21504.csv.gz
21504,daily,1939,https://data.meteostat.net/daily/1939/21504.csv.gz,C:\Users\LL1urace\OneDrive\Рабочий стол\meteostat_bulk_downloader_pack\meteostat_arctic_20_daily_monthly\daily\1939\21504.csv.gz
21504,daily,1940,https://data.meteostat.net/daily/1940/21504.csv.gz,C:\Users\LL1urace\OneDrive\Рабочий стол\meteostat_bulk_downloader_pack\meteostat_arctic_20_daily_monthly\daily\1940\21504.csv.gz
21504,daily,1941,https://data.meteostat.net/daily/1941/21504.csv.gz,C:\Users\LL1urace\OneDrive\Рабочий стол\meteostat_bulk_downloader_pack\meteostat_arctic_20_daily_monthly\daily\1941\21504.csv.gz
21504,daily,1942,https://data.meteostat.net/daily/1942/21504.csv.gz,C:\Users\LL1urace\OneDrive\Рабочий стол\meteostat_bulk_downloader_pack\meteostat_arctic_20_daily_monthly\daily\1942\21504.csv.gz
21504,daily,1943,https://data.meteostat.net/daily/1943/21504.csv.gz,C:\Users\LL1urace\OneDrive\Рабочий стол\meteostat_bulk_downloader_pack\meteostat_arctic_20_daily_monthly\daily\1943\21504.csv.gz
21504,daily,1944,https://data.meteostat.net/daily/1944/21504.csv.gz,C:\Users\LL1urace\OneDrive\Рабочий стол\meteostat_bulk_downloader_pack\meteostat_arctic_20_daily_monthly\daily\1944\21504.csv.gz
21504,daily,1945,https://data.meteostat.net/daily/1945/21504.csv.gz,C:\Users\LL1urace\OneDrive\Рабочий стол\meteostat_bulk_downloader_pack\meteostat_arctic_20_daily_monthly\daily\1945\21504.csv.gz
21504,daily,1946,https://data.meteostat.net/daily/1946/21504.csv.gz,C:\Users\LL1urace\OneDrive\Рабочий стол\meteostat_bulk_downloader_pack\meteostat_arctic_20_daily_monthly\daily\1946\21504.csv.gz
21504,daily,1947,https://data.meteostat.net/daily/1947/21504.csv.gz,C:\Users\LL1urace\OneDrive\Рабочий стол\meteostat_bulk_downloader_pack\meteostat_arctic_20_daily_monthly\daily\1947\21504.csv.gz
21504,daily,1948,https://data.meteostat.net/daily/1948/21504.csv.gz,C:\Users\LL1urace\OneDrive\Рабочий стол\meteostat_bulk_downloader_pack\meteostat_arctic_20_daily_monthly\daily\1948\21504.csv.gz
21504,daily,1949,https://data.meteostat.net/daily/1949/21504.csv.gz,C:\Users\LL1urace\OneDrive\Рабочий стол\meteostat_bulk_downloader_pack\meteostat_arctic_20_daily_monthly\daily\1949\21504.csv.gz
21504,daily,1950,https://data.meteostat.net/daily/1950/21504.csv.gz,C:\Users\LL1urace\OneDrive\Рабочий стол\meteostat_bulk_downloader_pack\meteostat_arctic_20_daily_monthly\daily\1950\21504.csv.gz
21504,daily,1951,https://data.meteostat.net/daily/1951/21504.csv.gz,C:\Users\LL1urace\OneDrive\Рабочий стол\meteostat_bulk_downloader_pack\meteostat_arctic_20_daily_monthly\daily\1951\21504.csv.gz
21504,daily,1952,https://data.meteostat.net/daily/1952/21504.csv.gz,C:\Users\LL1urace\OneDrive\Рабочий стол\meteostat_bulk_downloader_pack\meteostat_arctic_20_daily_monthly\daily\1952\21504.csv.gz
21504,daily,1953,https://data.meteostat.net/daily/1953/21504.csv.gz,C:\Users\LL1urace\OneDrive\Рабочий стол\meteostat_bulk_downloader_pack\meteostat_arctic_20_daily_monthly\daily\1953\21504.csv.gz
21504,daily,1954,https://data.meteostat.net/daily/1954/21504.csv.gz,C:\Users\LL1urace\OneDrive\Рабочий стол\meteostat_bulk_downloader_pack\meteostat_arctic_20_daily_monthly\daily\1954\21504.csv.gz
21504,daily,1955,https://data.meteostat.net/daily/1955/21504.csv.gz,C:\Users\LL1urace\OneDrive\Рабочий стол\meteostat_bulk_downloader_pack\meteostat_arctic_20_daily_monthly\daily\1955\21504.csv.gz
21504,daily,1956,https://data.meteostat.net/daily/1956/21504.csv.gz,C:\Users\LL1urace\OneDrive\Рабочий стол\meteostat_bulk_downloader_pack\meteostat_arctic_20_daily_monthly\daily\1956\21504.csv.gz
21504,daily,1957,https://data.meteostat.net/daily/1957/21504.csv.gz,C:\Users\LL1urace\OneDrive\Рабочий стол\meteostat_bulk_downloader_pack\meteostat_arctic_20_daily_monthly\daily\1957\21504.csv.gz
21504,daily,1958,https://data.meteostat.net/daily/1958/21504.csv.gz,C:\Users\LL1urace\OneDrive\Рабочий стол\meteostat_bulk_downloader_pack\meteostat_arctic_20_daily_monthly\daily\1958\21504.csv.gz
21504,daily,1959,https://data.meteostat.net/daily/1959/21504.csv.gz,C:\Users\LL1urace\OneDrive\Рабочий стол\meteostat_bulk_downloader_pack\meteostat_arctic_20_daily_monthly\daily\1959\21504.csv.gz
21504,daily,1960,https://data.meteostat.net/daily/1960/21504.csv.gz,C:\Users\LL1urace\OneDrive\Рабочий стол\meteostat_bulk_downloader_pack\meteostat_arctic_20_daily_monthly\daily\1960\21504.csv.gz
21504,daily,1961,https://data.meteostat.net/daily/1961/21504.csv.gz,C:\Users\LL1urace\OneDrive\Рабочий стол\meteostat_bulk_downloader_pack\meteostat_arctic_20_daily_monthly\daily\1961\21504.csv.gz
21504,daily,1962,https://data.meteostat.net/daily/1962/21504.csv.gz,C:\Users\LL1urace\OneDrive\Рабочий стол\meteostat_bulk_downloader_pack\meteostat_arctic_20_daily_monthly\daily\1962\21504.csv.gz
21504,daily,1963,https://data.meteostat.net/daily/1963/21504.csv.gz,C:\Users\LL1urace\OneDrive\Рабочий стол\meteostat_bulk_downloader_pack\meteostat_arctic_20_daily_monthly\daily\1963\21504.csv.gz
21504,daily,1964,https://data.meteostat.net/daily/1964/21504.csv.gz,C:\Users\LL1urace\OneDrive\Рабочий стол\meteostat_bulk_downloader_pack\meteostat_arctic_20_daily_monthly\daily\1964\21504.csv.gz
21504,daily,1965,https://data.meteostat.net/daily/1965/21504.csv.gz,C:\Users\LL1urace\OneDrive\Рабочий стол\meteostat_bulk_downloader_pack\meteostat_arctic_20_daily_monthly\daily\1965\21504.csv.gz
21504,daily,1966,https://data.meteostat.net/daily/1966/21504.csv.gz,C:\Users\LL1urace\OneDrive\Рабочий стол\meteostat_bulk_downloader_pack\meteostat_arctic_20_daily_monthly\daily\1966\21504.csv.gz
21504,daily,1967,https://data.meteostat.net/daily/1967/21504.csv.gz,C:\Users\LL1urace\OneDrive\Рабочий стол\meteostat_bulk_downloader_pack\meteostat_arctic_20_daily_monthly\daily\1967\21504.csv.gz
21504,daily,1968,https://data.meteostat.net/daily/1968/21504.csv.gz,C:\Users\LL1urace\OneDrive\Рабочий стол\meteostat_bulk_downloader_pack\meteostat_arctic_20_daily_monthly\daily\1968\21504.csv.gz
21504,daily,1969,https://data.meteostat.net/daily/1969/21504.csv.gz,C:\Users\LL1urace\OneDrive\Рабочий стол\meteostat_bulk_downloader_pack\meteostat_arctic_20_daily_monthly\daily\1969\21504.csv.gz
21504,daily,1970,https://data.meteostat.net/daily/1970/21504.csv.gz,C:\Users\LL1urace\OneDrive\Рабочий стол\meteostat_bulk_downloader_pack\meteostat_arctic_20_daily_monthly\daily\1970\21504.csv.gz
21504,daily,1971,https://data.meteostat.net/daily/1971/21504.csv.gz,C:\Users\LL1urace\OneDrive\Рабочий стол\meteostat_bulk_downloader_pack\meteostat_arctic_20_daily_monthly\daily\1971\21504.csv.gz
21504,daily,1972,https://data.meteostat.net/daily/1972/21504.csv.gz,C:\Users\LL1urace\OneDrive\Рабочий стол\meteostat_bulk_downloader_pack\meteostat_arctic_20_daily_monthly\daily\1972\21504.csv.gz
21504,daily,1973,https://data.meteostat.net/daily/1973/21504.csv.gz,C:\Users\LL1urace\OneDrive\Рабочий стол\meteostat_bulk_downloader_pack\meteostat_arctic_20_daily_monthly\daily\1973\21504.csv.gz
21504,daily,1974,https://data.meteostat.net/daily/1974/21504.csv.gz,C:\Users\LL1urace\OneDrive\Рабочий стол\meteostat_bulk_downloader_pack\meteostat_arctic_20_daily_monthly\daily\1974\21504.csv.gz
21504,daily,1975,https://data.meteostat.net/daily/1975/21504.csv.gz,C:\Users\LL1urace\OneDrive\Рабочий стол\meteostat_bulk_downloader_pack\meteostat_arctic_20_daily_monthly\daily\1975\21504.csv.gz
21504,daily,1976,https://data.meteostat.net/daily/1976/21504.csv.gz,C:\Users\LL1urace\OneDrive\Рабочий стол\meteostat_bulk_downloader_pack\meteostat_arctic_20_daily_monthly\daily\1976\21504.csv.gz
21504,daily,1977,https://data.meteostat.net/daily/1977/21504.csv.gz,C:\Users\LL1urace\OneDrive\Рабочий стол\meteostat_bulk_downloader_pack\meteostat_arctic_20_daily_monthly\daily\1977\21504.csv.gz
21504,daily,1978,https://data.meteostat.net/daily/1978/21504.csv.gz,C:\Users\LL1urace\OneDrive\Рабочий стол\meteostat_bulk_downloader_pack\meteostat_arctic_20_daily_monthly\daily\1978\21504.csv.gz
21504,daily,1979,https://data.meteostat.net/daily/1979/21504.csv.gz,C:\Users\LL1urace\OneDrive\Рабочий стол\meteostat_bulk_downloader_pack\meteostat_arctic_20_daily_monthly\daily\1979\21504.csv.gz
21504,daily,1980,https://data.meteostat.net/daily/1980/21504.csv.gz,C:\Users\LL1urace\OneDrive\Рабочий стол\meteostat_bulk_downloader_pack\meteostat_arctic_20_daily_monthly\daily\1980\21504.csv.gz
21504,daily,1981,https://data.meteostat.net/daily/1981/21504.csv.gz,C:\Users\LL1urace\OneDrive\Рабочий стол\meteostat_bulk_downloader_pack\meteostat_arctic_20_daily_monthly\daily\1981\21504.csv.gz
21504,daily,1982,https://data.meteostat.net/daily/1982/21504.csv.gz,C:\Users\LL1urace\OneDrive\Рабочий стол\meteostat_bulk_downloader_pack\meteostat_arctic_20_daily_monthly\daily\1982\21504.csv.gz
21504,daily,1983,https://data.meteostat.net/daily/1983/21504.csv.gz,C:\Users\LL1urace\OneDrive\Рабочий стол\meteostat_bulk_downloader_pack\meteostat_arctic_20_daily_monthly\daily\1983\21504.csv.gz
21504,daily,1984,https://data.meteostat.net/daily/1984/21504.csv.gz,C:\Users\LL1urace\OneDrive\Рабочий стол\meteostat_bulk_downloader_pack\meteostat_arctic_20_daily_monthly\daily\1984\21504.csv.gz
21504,daily,1985,https://data.meteostat.net/daily/1985/21504.csv.gz,C:\Users\LL1urace\OneDrive\Рабочий стол\meteostat_bulk_downloader_pack\meteostat_arctic_20_daily_monthly\daily\1985\21504.csv.gz
21504,daily,1986,https://data.meteostat.net/daily/1986/21504.csv.gz,C:\Users\LL1urace\OneDrive\Рабочий стол\meteostat_bulk_downloader_pack\meteostat_arctic_20_daily_monthly\daily\1986\21504.csv.gz
21504,daily,1987,https://data.meteostat.net/daily/1987/21504.csv.gz,C:\Users\LL1urace\OneDrive\Рабочий стол\meteostat_bulk_downloader_pack\meteostat_arctic_20_daily_monthly\daily\1987\21504.csv.gz
21504,daily,1988,https://data.meteostat.net/daily/1988/21504.csv.gz,C:\Users\LL1urace\OneDrive\Рабочий стол\meteostat_bulk_downloader_pack\meteostat_arctic_20_daily_monthly\daily\1988\21504.csv.gz
21504,daily,1989,https://data.meteostat.net/daily/1989/21504.csv.gz,C:\Users\LL1urace\OneDrive\Рабочий стол\meteostat_bulk_downloader_pack\meteostat_arctic_20_daily_monthly\daily\1989\21504.csv.gz
21504,daily,1990,https://data.meteostat.net/daily/1990/21504.csv.gz,C:\Users\LL1urace\OneDrive\Рабочий стол\meteostat_bulk_downloader_pack\meteostat_arctic_20_daily_monthly\daily\1990\21504.csv.gz
21504,daily,1991,https://data.meteostat.net/daily/1991/21504.csv.gz,C:\Users\LL1urace\OneDrive\Рабочий стол\meteostat_bulk_downloader_pack\meteostat_arctic_20_daily_monthly\daily\1991\21504.csv.gz
21504,daily,1992,https://data.meteostat.net/daily/1992/21504.csv.gz,C:\Users\LL1urace\OneDrive\Рабочий стол\meteostat_bulk_downloader_pack\meteostat_arctic_20_daily_monthly\daily\1992\21504.csv.gz
21504,daily,1993,https://data.meteostat.net/daily/1993/21504.csv.gz,C:\Users\LL1urace\OneDrive\Рабочий стол\meteostat_bulk_downloader_pack\meteostat_arctic_20_daily_monthly\daily\1993\21504.csv.gz
21504,daily,1994,https://data.meteostat.net/daily/1994/21504.csv.gz,C:\Users\LL1urace\OneDrive\Рабочий стол\meteostat_bulk_downloader_pack\meteostat_arctic_20_daily_monthly\daily\1994\21504.csv.gz
21504,daily,1995,https://data.meteostat.net/daily/1995/21504.csv.gz,C:\Users\LL1urace\OneDrive\Рабочий стол\meteostat_bulk_downloader_pack\meteostat_arctic_20_daily_monthly\daily\1995\21504.csv.gz
21504,daily,1996,https://data.meteostat.net/daily/1996/21504.csv.gz,C:\Users\LL1urace\OneDrive\Рабочий стол\meteostat_bulk_downloader_pack\meteostat_arctic_20_daily_monthly\daily\1996\21504.csv.gz
21504,daily,1997,https://data.meteostat.net/daily/1997/21504.csv.gz,C:\Users\LL1urace\OneDrive\Рабочий стол\meteostat_bulk_downloader_pack\meteostat_arctic_20_daily_monthly\daily\1997\21504.csv.gz
21504,daily,1998,https://data.meteostat.net/daily/1998/21504.csv.gz,C:\Users\LL1urace\OneDrive\Рабочий стол\meteostat_bulk_downloader_pack\meteostat_arctic_20_daily_monthly\daily\1998\21504.csv.gz
21504,daily,1999,https://data.meteostat.net/daily/1999/21504.csv.gz,C:\Users\LL1urace\OneDrive\Рабочий стол\meteostat_bulk_downloader_pack\meteostat_arctic_20_daily_monthly\daily\1999\21504.csv.gz
21504,daily,2000,https://data.meteostat.net/daily/2000/21504.csv.gz,C:\Users\LL1urace\OneDrive\Рабочий стол\meteostat_bulk_downloader_pack\meteostat_arctic_20_daily_monthly\daily\2000\21504.csv.gz
21504,daily,2001,https://data.meteostat.net/daily/2001/21504.csv.gz,C:\Users\LL1urace\OneDrive\Рабочий стол\meteostat_bulk_downloader_pack\meteostat_arctic_20_daily_monthly\daily\2001\21504.csv.gz
21504,daily,2002,https://data.meteostat.net/daily/2002/21504.csv.gz,C:\Users\LL1urace\OneDrive\Рабочий стол\meteostat_bulk_downloader_pack\meteostat_arctic_20_daily_monthly\daily\2002\21504.csv.gz
21504,daily,2003,https://data.meteostat.net/daily/2003/21504.csv.gz,C:\Users\LL1urace\OneDrive\Рабочий стол\meteostat_bulk_downloader_pack\meteostat_arctic_20_daily_monthly\daily\2003\21504.csv.gz
21504,daily,2004,https://data.meteostat.net/daily/2004/21504.csv.gz,C:\Users\LL1urace\OneDrive\Рабочий стол\meteostat_bulk_downloader_pack\meteostat_arctic_20_daily_monthly\daily\2004\21504.csv.gz
21504,daily,2005,https://data.meteostat.net/daily/2005/21504.csv.gz,C:\Users\LL1urace\OneDrive\Рабочий стол\meteostat_bulk_downloader_pack\meteostat_arctic_20_daily_monthly\daily\2005\21504.csv.gz
21504,daily,2006,https://data.meteostat.net/daily/2006/21504.csv.gz,C:\Users\LL1urace\OneDrive\Рабочий стол\meteostat_bulk_downloader_pack\meteostat_arctic_20_daily_monthly\daily\2006\21504.csv.gz
21504,daily,2007,https://data.meteostat.net/daily/2007/21504.csv.gz,C:\Users\LL1urace\OneDrive\Рабочий стол\meteostat_bulk_downloader_pack\meteostat_arctic_20_daily_monthly\daily\2007\21504.csv.gz
21504,daily,2008,https://data.meteostat.net/daily/2008/21504.csv.gz,C:\Users\LL1urace\OneDrive\Рабочий стол\meteostat_bulk_downloader_pack\meteostat_arctic_20_daily_monthly\daily\2008\21504.csv.gz
21504,daily,2009,https://data.meteostat.net/daily/2009/21504.csv.gz,C:\Users\LL1urace\OneDrive\Рабочий стол\meteostat_bulk_downloader_pack\meteostat_arctic_20_daily_monthly\daily\2009\21504.csv.gz
21504,daily,2010,https://data.meteostat.net/daily/2010/21504.csv.gz,C:\Users\LL1urace\OneDrive\Рабочий стол\meteostat_bulk_downloader_pack\meteostat_arctic_20_daily_monthly\daily\2010\21504.csv.gz
21504,daily,2011,https://data.meteostat.net/daily/2011/21504.csv.gz,C:\Users\LL1urace\OneDrive\Рабочий стол\meteostat_bulk_downloader_pack\meteostat_arctic_20_daily_monthly\daily\2011\21504.csv.gz
21504,daily,2012,https://data.meteostat.net/daily/2012/21504.csv.gz,C:\Users\LL1urace\OneDrive\Рабочий стол\meteostat_bulk_downloader_pack\meteostat_arctic_20_daily_monthly\daily\2012\21504.csv.gz
21504,daily,2013,https://data.meteostat.net/daily/2013/21504.csv.gz,C:\Users\LL1urace\OneDrive\Рабочий стол\meteostat_bulk_downloader_pack\meteostat_arctic_20_daily_monthly\daily\2013\21504.csv.gz
21504,daily,2014,https://data.meteostat.net/daily/2014/21504.csv.gz,C:\Users\LL1urace\OneDrive\Рабочий стол\meteostat_bulk_downloader_pack\meteostat_arctic_20_daily_monthly\daily\2014\21504.csv.gz
21504,daily,2015,https://data.meteostat.net/daily/2015/21504.csv.gz,C:\Users\LL1urace\OneDrive\Рабочий стол\meteostat_bulk_downloader_pack\meteostat_arctic_20_daily_monthly\daily\2015\21504.csv.gz
21504,daily,2016,https://data.meteostat.net/daily/2016/21504.csv.gz,C:\Users\LL1urace\OneDrive\Рабочий стол\meteostat_bulk_downloader_pack\meteostat_arctic_20_daily_monthly\daily\2016\21504.csv.gz
21504,daily,2017,https://data.meteostat.net/daily/2017/21504.csv.gz,C:\Users\LL1urace\OneDrive\Рабочий стол\meteostat_bulk_downloader_pack\meteostat_arctic_20_daily_monthly\daily\2017\21504.csv.gz
21504,daily,2018,https://data.meteostat.net/daily/2018/21504.csv.gz,C:\Users\LL1urace\OneDrive\Рабочий стол\meteostat_bulk_downloader_pack\meteostat_arctic_20_daily_monthly\daily\2018\21504.csv.gz
21504,daily,2019,https://data.meteostat.net/daily/2019/21504.csv.gz,C:\Users\LL1urace\OneDrive\Рабочий стол\meteostat_bulk_downloader_pack\meteostat_arctic_20_daily_monthly\daily\2019\21504.csv.gz
21504,daily,2020,https://data.meteostat.net/daily/2020/21504.csv.gz,C:\Users\LL1urace\OneDrive\Рабочий стол\meteostat_bulk_downloader_pack\meteostat_arctic_20_daily_monthly\daily\2020\21504.csv.gz
21504,daily,2021,https://data.meteostat.net/daily/2021/21504.csv.gz,C:\Users\LL1urace\OneDrive\Рабочий стол\meteostat_bulk_downloader_pack\meteostat_arctic_20_daily_monthly\daily\2021\21504.csv.gz
21504,daily,2022,https://data.meteostat.net/daily/2022/21504.csv.gz,C:\Users\LL1urace\OneDrive\Рабочий стол\meteostat_bulk_downloader_pack\meteostat_arctic_20_daily_monthly\daily\2022\21504.csv.gz
21504,daily,2023,https://data.meteostat.net/daily/2023/21504.csv.gz,C:\Users\LL1urace\OneDrive\Рабочий стол\meteostat_bulk_downloader_pack\meteostat_arctic_20_daily_monthly\daily\2023\21504.csv.gz
21504,daily,2024,https://data.meteostat.net/daily/2024/21504.csv.gz,C:\Users\LL1urace\OneDrive\Рабочий стол\meteostat_bulk_downloader_pack\meteostat_arctic_20_daily_monthly\daily\2024\21504.csv.gz
21504,daily,2025,https://data.meteostat.net/daily/2025/21504.csv.gz,C:\Users\LL1urace\OneDrive\Рабочий стол\meteostat_bulk_downloader_pack\meteostat_arctic_20_daily_monthly\daily\2025\21504.csv.gz
21504,daily,2026,https://data.meteostat.net/daily/2026/21504.csv.gz,C:\Users\LL1urace\OneDrive\Рабочий стол\meteostat_bulk_downloader_pack\meteostat_arctic_20_daily_monthly\daily\2026\21504.csv.gz
21802,monthly,,https://data.meteostat.net/monthly/21802.csv.gz,C:\Users\LL1urace\OneDrive\Рабочий стол\meteostat_bulk_downloader_pack\meteostat_arctic_20_daily_monthly\monthly\21802.csv.gz
21802,daily,1900,https://data.meteostat.net/daily/1900/21802.csv.gz,C:\Users\LL1urace\OneDrive\Рабочий стол\meteostat_bulk_downloader_pack\meteostat_arctic_20_daily_monthly\daily\1900\21802.csv.gz
21802,daily,1901,https://data.meteostat.net/daily/1901/21802.csv.gz,C:\Users\LL1urace\OneDrive\Рабочий стол\meteostat_bulk_downloader_pack\meteostat_arctic_20_daily_monthly\daily\1901\21802.csv.gz
21802,daily,1902,https://data.meteostat.net/daily/1902/21802.csv.gz,C:\Users\LL1urace\OneDrive\Рабочий стол\meteostat_bulk_downloader_pack\meteostat_arctic_20_daily_monthly\daily\1902\21802.csv.gz
21802,daily,1903,https://data.meteostat.net/daily/1903/21802.csv.gz,C:\Users\LL1urace\OneDrive\Рабочий стол\meteostat_bulk_downloader_pack\meteostat_arctic_20_daily_monthly\daily\1903\21802.csv.gz
21802,daily,1904,https://data.meteostat.net/daily/1904/21802.csv.gz,C:\Users\LL1urace\OneDrive\Рабочий стол\meteostat_bulk_downloader_pack\meteostat_arctic_20_daily_monthly\daily\1904\21802.csv.gz
21802,daily,1905,https://data.meteostat.net/daily/1905/21802.csv.gz,C:\Users\LL1urace\OneDrive\Рабочий стол\meteostat_bulk_downloader_pack\meteostat_arctic_20_daily_monthly\daily\1905\21802.csv.gz
21802,daily,1906,https://data.meteostat.net/daily/1906/21802.csv.gz,C:\Users\LL1urace\OneDrive\Рабочий стол\meteostat_bulk_downloader_pack\meteostat_arctic_20_daily_monthly\daily\1906\21802.csv.gz
21802,daily,1907,https://data.meteostat.net/daily/1907/21802.csv.gz,C:\Users\LL1urace\OneDrive\Рабочий стол\meteostat_bulk_downloader_pack\meteostat_arctic_20_daily_monthly\daily\1907\21802.csv.gz
21802,daily,1908,https://data.meteostat.net/daily/1908/21802.csv.gz,C:\Users\LL1urace\OneDrive\Рабочий стол\meteostat_bulk_downloader_pack\meteostat_arctic_20_daily_monthly\daily\1908\21802.csv.gz
21802,daily,1909,https://data.meteostat.net/daily/1909/21802.csv.gz,C:\Users\LL1urace\OneDrive\Рабочий стол\meteostat_bulk_downloader_pack\meteostat_arctic_20_daily_monthly\daily\1909\21802.csv.gz
21802,daily,1910,https://data.meteostat.net/daily/1910/21802.csv.gz,C:\Users\LL1urace\OneDrive\Рабочий стол\meteostat_bulk_downloader_pack\meteostat_arctic_20_daily_monthly\daily\1910\21802.csv.gz
21802,daily,1911,https://data.meteostat.net/daily/1911/21802.csv.gz,C:\Users\LL1urace\OneDrive\Рабочий стол\meteostat_bulk_downloader_pack\meteostat_arctic_20_daily_monthly\daily\1911\21802.csv.gz
21802,daily,1912,https://data.meteostat.net/daily/1912/21802.csv.gz,C:\Users\LL1urace\OneDrive\Рабочий стол\meteostat_bulk_downloader_pack\meteostat_arctic_20_daily_monthly\daily\1912\21802.csv.gz
21802,daily,1913,https://data.meteostat.net/daily/1913/21802.csv.gz,C:\Users\LL1urace\OneDrive\Рабочий стол\meteostat_bulk_downloader_pack\meteostat_arctic_20_daily_monthly\daily\1913\21802.csv.gz
21802,daily,1914,https://data.meteostat.net/daily/1914/21802.csv.gz,C:\Users\LL1urace\OneDrive\Рабочий стол\meteostat_bulk_downloader_pack\meteostat_arctic_20_daily_monthly\daily\1914\21802.csv.gz
21802,daily,1915,https://data.meteostat.net/daily/1915/21802.csv.gz,C:\Users\LL1urace\OneDrive\Рабочий стол\meteostat_bulk_downloader_pack\meteostat_arctic_20_daily_monthly\daily\1915\21802.csv.gz
21802,daily,1916,https://data.meteostat.net/daily/1916/21802.csv.gz,C:\Users\LL1urace\OneDrive\Рабочий стол\meteostat_bulk_downloader_pack\meteostat_arctic_20_daily_monthly\daily\1916\21802.csv.gz
21802,daily,1917,https://data.meteostat.net/daily/1917/21802.csv.gz,C:\Users\LL1urace\OneDrive\Рабочий стол\meteostat_bulk_downloader_pack\meteostat_arctic_20_daily_monthly\daily\1917\21802.csv.gz
21802,daily,1918,https://data.meteostat.net/daily/1918/21802.csv.gz,C:\Users\LL1urace\OneDrive\Рабочий стол\meteostat_bulk_downloader_pack\meteostat_arctic_20_daily_monthly\daily\1918\21802.csv.gz
21802,daily,1919,https://data.meteostat.net/daily/1919/21802.csv.gz,C:\Users\LL1urace\OneDrive\Рабочий стол\meteostat_bulk_downloader_pack\meteostat_arctic_20_daily_monthly\daily\1919\21802.csv.gz
21802,daily,1920,https://data.meteostat.net/daily/1920/21802.csv.gz,C:\Users\LL1urace\OneDrive\Рабочий стол\meteostat_bulk_downloader_pack\meteostat_arctic_20_daily_monthly\daily\1920\21802.csv.gz
21802,daily,1921,https://data.meteostat.net/daily/1921/21802.csv.gz,C:\Users\LL1urace\OneDrive\Рабочий стол\meteostat_bulk_downloader_pack\meteostat_arctic_20_daily_monthly\daily\1921\21802.csv.gz
21802,daily,1922,https://data.meteostat.net/daily/1922/21802.csv.gz,C:\Users\LL1urace\OneDrive\Рабочий стол\meteostat_bulk_downloader_pack\meteostat_arctic_20_daily_monthly\daily\1922\21802.csv.gz
21802,daily,1923,https://data.meteostat.net/daily/1923/21802.csv.gz,C:\Users\LL1urace\OneDrive\Рабочий стол\meteostat_bulk_downloader_pack\meteostat_arctic_20_daily_monthly\daily\1923\21802.csv.gz
21802,daily,1924,https://data.meteostat.net/daily/1924/21802.csv.gz,C:\Users\LL1urace\OneDrive\Рабочий стол\meteostat_bulk_downloader_pack\meteostat_arctic_20_daily_monthly\daily\1924\21802.csv.gz
21802,daily,1925,https://data.meteostat.net/daily/1925/21802.csv.gz,C:\Users\LL1urace\OneDrive\Рабочий стол\meteostat_bulk_downloader_pack\meteostat_arctic_20_daily_monthly\daily\1925\21802.csv.gz
21802,daily,1926,https://data.meteostat.net/daily/1926/21802.csv.gz,C:\Users\LL1urace\OneDrive\Рабочий стол\meteostat_bulk_downloader_pack\meteostat_arctic_20_daily_monthly\daily\1926\21802.csv.gz
21802,daily,1927,https://data.meteostat.net/daily/1927/21802.csv.gz,C:\Users\LL1urace\OneDrive\Рабочий стол\meteostat_bulk_downloader_pack\meteostat_arctic_20_daily_monthly\daily\1927\21802.csv.gz
21802,daily,1928,https://data.meteostat.net/daily/1928/21802.csv.gz,C:\Users\LL1urace\OneDrive\Рабочий стол\meteostat_bulk_downloader_pack\meteostat_arctic_20_daily_monthly\daily\1928\21802.csv.gz
21802,daily,1929,https://data.meteostat.net/daily/1929/21802.csv.gz,C:\Users\LL1urace\OneDrive\Рабочий стол\meteostat_bulk_downloader_pack\meteostat_arctic_20_daily_monthly\daily\1929\21802.csv.gz
21802,daily,1930,https://data.meteostat.net/daily/1930/21802.csv.gz,C:\Users\LL1urace\OneDrive\Рабочий стол\meteostat_bulk_downloader_pack\meteostat_arctic_20_daily_monthly\daily\1930\21802.csv.gz
21802,daily,1931,https://data.meteostat.net/daily/1931/21802.csv.gz,C:\Users\LL1urace\OneDrive\Рабочий стол\meteostat_bulk_downloader_pack\meteostat_arctic_20_daily_monthly\daily\1931\21802.csv.gz
21802,daily,1932,https://data.meteostat.net/daily/1932/21802.csv.gz,C:\Users\LL1urace\OneDrive\Рабочий стол\meteostat_bulk_downloader_pack\meteostat_arctic_20_daily_monthly\daily\1932\21802.csv.gz
21802,daily,1933,https://data.meteostat.net/daily/1933/21802.csv.gz,C:\Users\LL1urace\OneDrive\Рабочий стол\meteostat_bulk_downloader_pack\meteostat_arctic_20_daily_monthly\daily\1933\21802.csv.gz
21802,daily,1934,https://data.meteostat.net/daily/1934/21802.csv.gz,C:\Users\LL1urace\OneDrive\Рабочий стол\meteostat_bulk_downloader_pack\meteostat_arctic_20_daily_monthly\daily\1934\21802.csv.gz
21802,daily,1935,https://data.meteostat.net/daily/1935/21802.csv.gz,C:\Users\LL1urace\OneDrive\Рабочий стол\meteostat_bulk_downloader_pack\meteostat_arctic_20_daily_monthly\daily\1935\21802.csv.gz
21802,daily,1936,https://data.meteostat.net/daily/1936/21802.csv.gz,C:\Users\LL1urace\OneDrive\Рабочий стол\meteostat_bulk_downloader_pack\meteostat_arctic_20_daily_monthly\daily\1936\21802.csv.gz
21802,daily,1937,https://data.meteostat.net/daily/1937/21802.csv.gz,C:\Users\LL1urace\OneDrive\Рабочий стол\meteostat_bulk_downloader_pack\meteostat_arctic_20_daily_monthly\daily\1937\21802.csv.gz
21802,daily,1938,https://data.meteostat.net/daily/1938/21802.csv.gz,C:\Users\LL1urace\OneDrive\Рабочий стол\meteostat_bulk_downloader_pack\meteostat_arctic_20_daily_monthly\daily\1938\21802.csv.gz
21802,daily,1939,https://data.meteostat.net/daily/1939/21802.csv.gz,C:\Users\LL1urace\OneDrive\Рабочий стол\meteostat_bulk_downloader_pack\meteostat_arctic_20_daily_monthly\daily\1939\21802.csv.gz
21802,daily,1940,https://data.meteostat.net/daily/1940/21802.csv.gz,C:\Users\LL1urace\OneDrive\Рабочий стол\meteostat_bulk_downloader_pack\meteostat_arctic_20_daily_monthly\daily\1940\21802.csv.gz
21802,daily,1941,https://data.meteostat.net/daily/1941/21802.csv.gz,C:\Users\LL1urace\OneDrive\Рабочий стол\meteostat_bulk_downloader_pack\meteostat_arctic_20_daily_monthly\daily\1941\21802.csv.gz
21802,daily,1942,https://data.meteostat.net/daily/1942/21802.csv.gz,C:\Users\LL1urace\OneDrive\Рабочий стол\meteostat_bulk_downloader_pack\meteostat_arctic_20_daily_monthly\daily\1942\21802.csv.gz
21802,daily,1943,https://data.meteostat.net/daily/1943/21802.csv.gz,C:\Users\LL1urace\OneDrive\Рабочий стол\meteostat_bulk_downloader_pack\meteostat_arctic_20_daily_monthly\daily\1943\21802.csv.gz
21802,daily,1944,https://data.meteostat.net/daily/1944/21802.csv.gz,C:\Users\LL1urace\OneDrive\Рабочий стол\meteostat_bulk_downloader_pack\meteostat_arctic_20_daily_monthly\daily\1944\21802.csv.gz
21802,daily,1945,https://data.meteostat.net/daily/1945/21802.csv.gz,C:\Users\LL1urace\OneDrive\Рабочий стол\meteostat_bulk_downloader_pack\meteostat_arctic_20_daily_monthly\daily\1945\21802.csv.gz
21802,daily,1946,https://data.meteostat.net/daily/1946/21802.csv.gz,C:\Users\LL1urace\OneDrive\Рабочий стол\meteostat_bulk_downloader_pack\meteostat_arctic_20_daily_monthly\daily\1946\21802.csv.gz
21802,daily,1947,https://data.meteostat.net/daily/1947/21802.csv.gz,C:\Users\LL1urace\OneDrive\Рабочий стол\meteostat_bulk_downloader_pack\meteostat_arctic_20_daily_monthly\daily\1947\21802.csv.gz
21802,daily,1948,https://data.meteostat.net/daily/1948/21802.csv.gz,C:\Users\LL1urace\OneDrive\Рабочий стол\meteostat_bulk_downloader_pack\meteostat_arctic_20_daily_monthly\daily\1948\21802.csv.gz
21802,daily,1949,https://data.meteostat.net/daily/1949/21802.csv.gz,C:\Users\LL1urace\OneDrive\Рабочий стол\meteostat_bulk_downloader_pack\meteostat_arctic_20_daily_monthly\daily\1949\21802.csv.gz
21802,daily,1950,https://data.meteostat.net/daily/1950/21802.csv.gz,C:\Users\LL1urace\OneDrive\Рабочий стол\meteostat_bulk_downloader_pack\meteostat_arctic_20_daily_monthly\daily\1950\21802.csv.gz
21802,daily,1951,https://data.meteostat.net/daily/1951/21802.csv.gz,C:\Users\LL1urace\OneDrive\Рабочий стол\meteostat_bulk_downloader_pack\meteostat_arctic_20_daily_monthly\daily\1951\21802.csv.gz
21802,daily,1952,https://data.meteostat.net/daily/1952/21802.csv.gz,C:\Users\LL1urace\OneDrive\Рабочий стол\meteostat_bulk_downloader_pack\meteostat_arctic_20_daily_monthly\daily\1952\21802.csv.gz
21802,daily,1953,https://data.meteostat.net/daily/1953/21802.csv.gz,C:\Users\LL1urace\OneDrive\Рабочий стол\meteostat_bulk_downloader_pack\meteostat_arctic_20_daily_monthly\daily\1953\21802.csv.gz
21802,daily,1954,https://data.meteostat.net/daily/1954/21802.csv.gz,C:\Users\LL1urace\OneDrive\Рабочий стол\meteostat_bulk_downloader_pack\meteostat_arctic_20_daily_monthly\daily\1954\21802.csv.gz
21802,daily,1955,https://data.meteostat.net/daily/1955/21802.csv.gz,C:\Users\LL1urace\OneDrive\Рабочий стол\meteostat_bulk_downloader_pack\meteostat_arctic_20_daily_monthly\daily\1955\21802.csv.gz
21802,daily,1956,https://data.meteostat.net/daily/1956/21802.csv.gz,C:\Users\LL1urace\OneDrive\Рабочий стол\meteostat_bulk_downloader_pack\meteostat_arctic_20_daily_monthly\daily\1956\21802.csv.gz
21802,daily,1957,https://data.meteostat.net/daily/1957/21802.csv.gz,C:\Users\LL1urace\OneDrive\Рабочий стол\meteostat_bulk_downloader_pack\meteostat_arctic_20_daily_monthly\daily\1957\21802.csv.gz
21802,daily,1958,https://data.meteostat.net/daily/1958/21802.csv.gz,C:\Users\LL1urace\OneDrive\Рабочий стол\meteostat_bulk_downloader_pack\meteostat_arctic_20_daily_monthly\daily\1958\21802.csv.gz
21802,daily,1959,https://data.meteostat.net/daily/1959/21802.csv.gz,C:\Users\LL1urace\OneDrive\Рабочий стол\meteostat_bulk_downloader_pack\meteostat_arctic_20_daily_monthly\daily\1959\21802.csv.gz
21802,daily,1960,https://data.meteostat.net/daily/1960/21802.csv.gz,C:\Users\LL1urace\OneDrive\Рабочий стол\meteostat_bulk_downloader_pack\meteostat_arctic_20_daily_monthly\daily\1960\21802.csv.gz
21802,daily,1961,https://data.meteostat.net/daily/1961/21802.csv.gz,C:\Users\LL1urace\OneDrive\Рабочий стол\meteostat_bulk_downloader_pack\meteostat_arctic_20_daily_monthly\daily\1961\21802.csv.gz
21802,daily,1962,https://data.meteostat.net/daily/1962/21802.csv.gz,C:\Users\LL1urace\OneDrive\Рабочий стол\meteostat_bulk_downloader_pack\meteostat_arctic_20_daily_monthly\daily\1962\21802.csv.gz
21802,daily,1963,https://data.meteostat.net/daily/1963/21802.csv.gz,C:\Users\LL1urace\OneDrive\Рабочий стол\meteostat_bulk_downloader_pack\meteostat_arctic_20_daily_monthly\daily\1963\21802.csv.gz
21802,daily,1964,https://data.meteostat.net/daily/1964/21802.csv.gz,C:\Users\LL1urace\OneDrive\Рабочий стол\meteostat_bulk_downloader_pack\meteostat_arctic_20_daily_monthly\daily\1964\21802.csv.gz
21802,daily,1965,https://data.meteostat.net/daily/1965/21802.csv.gz,C:\Users\LL1urace\OneDrive\Рабочий стол\meteostat_bulk_downloader_pack\meteostat_arctic_20_daily_monthly\daily\1965\21802.csv.gz
21802,daily,1966,https://data.meteostat.net/daily/1966/21802.csv.gz,C:\Users\LL1urace\OneDrive\Рабочий стол\meteostat_bulk_downloader_pack\meteostat_arctic_20_daily_monthly\daily\1966\21802.csv.gz
21802,daily,1967,https://data.meteostat.net/daily/1967/21802.csv.gz,C:\Users\LL1urace\OneDrive\Рабочий стол\meteostat_bulk_downloader_pack\meteostat_arctic_20_daily_monthly\daily\1967\21802.csv.gz
21802,daily,1968,https://data.meteostat.net/daily/1968/21802.csv.gz,C:\Users\LL1urace\OneDrive\Рабочий стол\meteostat_bulk_downloader_pack\meteostat_arctic_20_daily_monthly\daily\1968\21802.csv.gz
21802,daily,1969,https://data.meteostat.net/daily/1969/21802.csv.gz,C:\Users\LL1urace\OneDrive\Рабочий стол\meteostat_bulk_downloader_pack\meteostat_arctic_20_daily_monthly\daily\1969\21802.csv.gz
21802,daily,1970,https://data.meteostat.net/daily/1970/21802.csv.gz,C:\Users\LL1urace\OneDrive\Рабочий стол\meteostat_bulk_downloader_pack\meteostat_arctic_20_daily_monthly\daily\1970\21802.csv.gz
21802,daily,1971,https://data.meteostat.net/daily/1971/21802.csv.gz,C:\Users\LL1urace\OneDrive\Рабочий стол\meteostat_bulk_downloader_pack\meteostat_arctic_20_daily_monthly\daily\1971\21802.csv.gz
21802,daily,1972,https://data.meteostat.net/daily/1972/21802.csv.gz,C:\Users\LL1urace\OneDrive\Рабочий стол\meteostat_bulk_downloader_pack\meteostat_arctic_20_daily_monthly\daily\1972\21802.csv.gz
21802,daily,1973,https://data.meteostat.net/daily/1973/21802.csv.gz,C:\Users\LL1urace\OneDrive\Рабочий стол\meteostat_bulk_downloader_pack\meteostat_arctic_20_daily_monthly\daily\1973\21802.csv.gz
21802,daily,1974,https://data.meteostat.net/daily/1974/21802.csv.gz,C:\Users\LL1urace\OneDrive\Рабочий стол\meteostat_bulk_downloader_pack\meteostat_arctic_20_daily_monthly\daily\1974\21802.csv.gz
21802,daily,1975,https://data.meteostat.net/daily/1975/21802.csv.gz,C:\Users\LL1urace\OneDrive\Рабочий стол\meteostat_bulk_downloader_pack\meteostat_arctic_20_daily_monthly\daily\1975\21802.csv.gz
21802,daily,1976,https://data.meteostat.net/daily/1976/21802.csv.gz,C:\Users\LL1urace\OneDrive\Рабочий стол\meteostat_bulk_downloader_pack\meteostat_arctic_20_daily_monthly\daily\1976\21802.csv.gz
21802,daily,1977,https://data.meteostat.net/daily/1977/21802.csv.gz,C:\Users\LL1urace\OneDrive\Рабочий стол\meteostat_bulk_downloader_pack\meteostat_arctic_20_daily_monthly\daily\1977\21802.csv.gz
21802,daily,1978,https://data.meteostat.net/daily/1978/21802.csv.gz,C:\Users\LL1urace\OneDrive\Рабочий стол\meteostat_bulk_downloader_pack\meteostat_arctic_20_daily_monthly\daily\1978\21802.csv.gz
21802,daily,1979,https://data.meteostat.net/daily/1979/21802.csv.gz,C:\Users\LL1urace\OneDrive\Рабочий стол\meteostat_bulk_downloader_pack\meteostat_arctic_20_daily_monthly\daily\1979\21802.csv.gz
21802,daily,1980,https://data.meteostat.net/daily/1980/21802.csv.gz,C:\Users\LL1urace\OneDrive\Рабочий стол\meteostat_bulk_downloader_pack\meteostat_arctic_20_daily_monthly\daily\1980\21802.csv.gz
21802,daily,1981,https://data.meteostat.net/daily/1981/21802.csv.gz,C:\Users\LL1urace\OneDrive\Рабочий стол\meteostat_bulk_downloader_pack\meteostat_arctic_20_daily_monthly\daily\1981\21802.csv.gz
21802,daily,1982,https://data.meteostat.net/daily/1982/21802.csv.gz,C:\Users\LL1urace\OneDrive\Рабочий стол\meteostat_bulk_downloader_pack\meteostat_arctic_20_daily_monthly\daily\1982\21802.csv.gz
21802,daily,1983,https://data.meteostat.net/daily/1983/21802.csv.gz,C:\Users\LL1urace\OneDrive\Рабочий стол\meteostat_bulk_downloader_pack\meteostat_arctic_20_daily_monthly\daily\1983\21802.csv.gz
21802,daily,1984,https://data.meteostat.net/daily/1984/21802.csv.gz,C:\Users\LL1urace\OneDrive\Рабочий стол\meteostat_bulk_downloader_pack\meteostat_arctic_20_daily_monthly\daily\1984\21802.csv.gz
21802,daily,1985,https://data.meteostat.net/daily/1985/21802.csv.gz,C:\Users\LL1urace\OneDrive\Рабочий стол\meteostat_bulk_downloader_pack\meteostat_arctic_20_daily_monthly\daily\1985\21802.csv.gz
21802,daily,1986,https://data.meteostat.net/daily/1986/21802.csv.gz,C:\Users\LL1urace\OneDrive\Рабочий стол\meteostat_bulk_downloader_pack\meteostat_arctic_20_daily_monthly\daily\1986\21802.csv.gz
21802,daily,1987,https://data.meteostat.net/daily/1987/21802.csv.gz,C:\Users\LL1urace\OneDrive\Рабочий стол\meteostat_bulk_downloader_pack\meteostat_arctic_20_daily_monthly\daily\1987\21802.csv.gz
21802,daily,1988,https://data.meteostat.net/daily/1988/21802.csv.gz,C:\Users\LL1urace\OneDrive\Рабочий стол\meteostat_bulk_downloader_pack\meteostat_arctic_20_daily_monthly\daily\1988\21802.csv.gz
21802,daily,1989,https://data.meteostat.net/daily/1989/21802.csv.gz,C:\Users\LL1urace\OneDrive\Рабочий стол\meteostat_bulk_downloader_pack\meteostat_arctic_20_daily_monthly\daily\1989\21802.csv.gz
21802,daily,1990,https://data.meteostat.net/daily/1990/21802.csv.gz,C:\Users\LL1urace\OneDrive\Рабочий стол\meteostat_bulk_downloader_pack\meteostat_arctic_20_daily_monthly\daily\1990\21802.csv.gz
21802,daily,1991,https://data.meteostat.net/daily/1991/21802.csv.gz,C:\Users\LL1urace\OneDrive\Рабочий стол\meteostat_bulk_downloader_pack\meteostat_arctic_20_daily_monthly\daily\1991\21802.csv.gz
21802,daily,1992,https://data.meteostat.net/daily/1992/21802.csv.gz,C:\Users\LL1urace\OneDrive\Рабочий стол\meteostat_bulk_downloader_pack\meteostat_arctic_20_daily_monthly\daily\1992\21802.csv.gz
21802,daily,1993,https://data.meteostat.net/daily/1993/21802.csv.gz,C:\Users\LL1urace\OneDrive\Рабочий стол\meteostat_bulk_downloader_pack\meteostat_arctic_20_daily_monthly\daily\1993\21802.csv.gz
21802,daily,1994,https://data.meteostat.net/daily/1994/21802.csv.gz,C:\Users\LL1urace\OneDrive\Рабочий стол\meteostat_bulk_downloader_pack\meteostat_arctic_20_daily_monthly\daily\1994\21802.csv.gz
21802,daily,1995,https://data.meteostat.net/daily/1995/21802.csv.gz,C:\Users\LL1urace\OneDrive\Рабочий стол\meteostat_bulk_downloader_pack\meteostat_arctic_20_daily_monthly\daily\1995\21802.csv.gz
21802,daily,1996,https://data.meteostat.net/daily/1996/21802.csv.gz,C:\Users\LL1urace\OneDrive\Рабочий стол\meteostat_bulk_downloader_pack\meteostat_arctic_20_daily_monthly\daily\1996\21802.csv.gz
21802,daily,1997,https://data.meteostat.net/daily/1997/21802.csv.gz,C:\Users\LL1urace\OneDrive\Рабочий стол\meteostat_bulk_downloader_pack\meteostat_arctic_20_daily_monthly\daily\1997\21802.csv.gz
21802,daily,1998,https://data.meteostat.net/daily/1998/21802.csv.gz,C:\Users\LL1urace\OneDrive\Рабочий стол\meteostat_bulk_downloader_pack\meteostat_arctic_20_daily_monthly\daily\1998\21802.csv.gz
21802,daily,1999,https://data.meteostat.net/daily/1999/21802.csv.gz,C:\Users\LL1urace\OneDrive\Рабочий стол\meteostat_bulk_downloader_pack\meteostat_arctic_20_daily_monthly\daily\1999\21802.csv.gz
21802,daily,2000,https://data.meteostat.net/daily/2000/21802.csv.gz,C:\Users\LL1urace\OneDrive\Рабочий стол\meteostat_bulk_downloader_pack\meteostat_arctic_20_daily_monthly\daily\2000\21802.csv.gz
21802,daily,2001,https://data.meteostat.net/daily/2001/21802.csv.gz,C:\Users\LL1urace\OneDrive\Рабочий стол\meteostat_bulk_downloader_pack\meteostat_arctic_20_daily_monthly\daily\2001\21802.csv.gz
21802,daily,2002,https://data.meteostat.net/daily/2002/21802.csv.gz,C:\Users\LL1urace\OneDrive\Рабочий стол\meteostat_bulk_downloader_pack\meteostat_arctic_20_daily_monthly\daily\2002\21802.csv.gz
21802,daily,2003,https://data.meteostat.net/daily/2003/21802.csv.gz,C:\Users\LL1urace\OneDrive\Рабочий стол\meteostat_bulk_downloader_pack\meteostat_arctic_20_daily_monthly\daily\2003\21802.csv.gz
21802,daily,2004,https://data.meteostat.net/daily/2004/21802.csv.gz,C:\Users\LL1urace\OneDrive\Рабочий стол\meteostat_bulk_downloader_pack\meteostat_arctic_20_daily_monthly\daily\2004\21802.csv.gz
21802,daily,2005,https://data.meteostat.net/daily/2005/21802.csv.gz,C:\Users\LL1urace\OneDrive\Рабочий стол\meteostat_bulk_downloader_pack\meteostat_arctic_20_daily_monthly\daily\2005\21802.csv.gz
21802,daily,2006,https://data.meteostat.net/daily/2006/21802.csv.gz,C:\Users\LL1urace\OneDrive\Рабочий стол\meteostat_bulk_downloader_pack\meteostat_arctic_20_daily_monthly\daily\2006\21802.csv.gz
21802,daily,2007,https://data.meteostat.net/daily/2007/21802.csv.gz,C:\Users\LL1urace\OneDrive\Рабочий стол\meteostat_bulk_downloader_pack\meteostat_arctic_20_daily_monthly\daily\2007\21802.csv.gz
21802,daily,2008,https://data.meteostat.net/daily/2008/21802.csv.gz,C:\Users\LL1urace\OneDrive\Рабочий стол\meteostat_bulk_downloader_pack\meteostat_arctic_20_daily_monthly\daily\2008\21802.csv.gz
21802,daily,2009,https://data.meteostat.net/daily/2009/21802.csv.gz,C:\Users\LL1urace\OneDrive\Рабочий стол\meteostat_bulk_downloader_pack\meteostat_arctic_20_daily_monthly\daily\2009\21802.csv.gz
21802,daily,2010,https://data.meteostat.net/daily/2010/21802.csv.gz,C:\Users\LL1urace\OneDrive\Рабочий стол\meteostat_bulk_downloader_pack\meteostat_arctic_20_daily_monthly\daily\2010\21802.csv.gz
21802,daily,2011,https://data.meteostat.net/daily/2011/21802.csv.gz,C:\Users\LL1urace\OneDrive\Рабочий стол\meteostat_bulk_downloader_pack\meteostat_arctic_20_daily_monthly\daily\2011\21802.csv.gz
21802,daily,2012,https://data.meteostat.net/daily/2012/21802.csv.gz,C:\Users\LL1urace\OneDrive\Рабочий стол\meteostat_bulk_downloader_pack\meteostat_arctic_20_daily_monthly\daily\2012\21802.csv.gz
21802,daily,2013,https://data.meteostat.net/daily/2013/21802.csv.gz,C:\Users\LL1urace\OneDrive\Рабочий стол\meteostat_bulk_downloader_pack\meteostat_arctic_20_daily_monthly\daily\2013\21802.csv.gz
21802,daily,2014,https://data.meteostat.net/daily/2014/21802.csv.gz,C:\Users\LL1urace\OneDrive\Рабочий стол\meteostat_bulk_downloader_pack\meteostat_arctic_20_daily_monthly\daily\2014\21802.csv.gz
21802,daily,2015,https://data.meteostat.net/daily/2015/21802.csv.gz,C:\Users\LL1urace\OneDrive\Рабочий стол\meteostat_bulk_downloader_pack\meteostat_arctic_20_daily_monthly\daily\2015\21802.csv.gz
21802,daily,2016,https://data.meteostat.net/daily/2016/21802.csv.gz,C:\Users\LL1urace\OneDrive\Рабочий стол\meteostat_bulk_downloader_pack\meteostat_arctic_20_daily_monthly\daily\2016\21802.csv.gz
21802,daily,2017,https://data.meteostat.net/daily/2017/21802.csv.gz,C:\Users\LL1urace\OneDrive\Рабочий стол\meteostat_bulk_downloader_pack\meteostat_arctic_20_daily_monthly\daily\2017\21802.csv.gz
21802,daily,2018,https://data.meteostat.net/daily/2018/21802.csv.gz,C:\Users\LL1urace\OneDrive\Рабочий стол\meteostat_bulk_downloader_pack\meteostat_arctic_20_daily_monthly\daily\2018\21802.csv.gz
21802,daily,2019,https://data.meteostat.net/daily/2019/21802.csv.gz,C:\Users\LL1urace\OneDrive\Рабочий стол\meteostat_bulk_downloader_pack\meteostat_arctic_20_daily_monthly\daily\2019\21802.csv.gz
21802,daily,2020,https://data.meteostat.net/daily/2020/21802.csv.gz,C:\Users\LL1urace\OneDrive\Рабочий стол\meteostat_bulk_downloader_pack\meteostat_arctic_20_daily_monthly\daily\2020\21802.csv.gz
21802,daily,2021,https://data.meteostat.net/daily/2021/21802.csv.gz,C:\Users\LL1urace\OneDrive\Рабочий стол\meteostat_bulk_downloader_pack\meteostat_arctic_20_daily_monthly\daily\2021\21802.csv.gz
21802,daily,2022,https://data.meteostat.net/daily/2022/21802.csv.gz,C:\Users\LL1urace\OneDrive\Рабочий стол\meteostat_bulk_downloader_pack\meteostat_arctic_20_daily_monthly\daily\2022\21802.csv.gz
21802,daily,2023,https://data.meteostat.net/daily/2023/21802.csv.gz,C:\Users\LL1urace\OneDrive\Рабочий стол\meteostat_bulk_downloader_pack\meteostat_arctic_20_daily_monthly\daily\2023\21802.csv.gz
21802,daily,2024,https://data.meteostat.net/daily/2024/21802.csv.gz,C:\Users\LL1urace\OneDrive\Рабочий стол\meteostat_bulk_downloader_pack\meteostat_arctic_20_daily_monthly\daily\2024\21802.csv.gz
21802,daily,2025,https://data.meteostat.net/daily/2025/21802.csv.gz,C:\Users\LL1urace\OneDrive\Рабочий стол\meteostat_bulk_downloader_pack\meteostat_arctic_20_daily_monthly\daily\2025\21802.csv.gz
21802,daily,2026,https://data.meteostat.net/daily/2026/21802.csv.gz,C:\Users\LL1urace\OneDrive\Рабочий стол\meteostat_bulk_downloader_pack\meteostat_arctic_20_daily_monthly\daily\2026\21802.csv.gz
21921,monthly,,https://data.meteostat.net/monthly/21921.csv.gz,C:\Users\LL1urace\OneDrive\Рабочий стол\meteostat_bulk_downloader_pack\meteostat_arctic_20_daily_monthly\monthly\21921.csv.gz
21921,daily,1900,https://data.meteostat.net/daily/1900/21921.csv.gz,C:\Users\LL1urace\OneDrive\Рабочий стол\meteostat_bulk_downloader_pack\meteostat_arctic_20_daily_monthly\daily\1900\21921.csv.gz
21921,daily,1901,https://data.meteostat.net/daily/1901/21921.csv.gz,C:\Users\LL1urace\OneDrive\Рабочий стол\meteostat_bulk_downloader_pack\meteostat_arctic_20_daily_monthly\daily\1901\21921.csv.gz
21921,daily,1902,https://data.meteostat.net/daily/1902/21921.csv.gz,C:\Users\LL1urace\OneDrive\Рабочий стол\meteostat_bulk_downloader_pack\meteostat_arctic_20_daily_monthly\daily\1902\21921.csv.gz
21921,daily,1903,https://data.meteostat.net/daily/1903/21921.csv.gz,C:\Users\LL1urace\OneDrive\Рабочий стол\meteostat_bulk_downloader_pack\meteostat_arctic_20_daily_monthly\daily\1903\21921.csv.gz
21921,daily,1904,https://data.meteostat.net/daily/1904/21921.csv.gz,C:\Users\LL1urace\OneDrive\Рабочий стол\meteostat_bulk_downloader_pack\meteostat_arctic_20_daily_monthly\daily\1904\21921.csv.gz
21921,daily,1905,https://data.meteostat.net/daily/1905/21921.csv.gz,C:\Users\LL1urace\OneDrive\Рабочий стол\meteostat_bulk_downloader_pack\meteostat_arctic_20_daily_monthly\daily\1905\21921.csv.gz
21921,daily,1906,https://data.meteostat.net/daily/1906/21921.csv.gz,C:\Users\LL1urace\OneDrive\Рабочий стол\meteostat_bulk_downloader_pack\meteostat_arctic_20_daily_monthly\daily\1906\21921.csv.gz
21921,daily,1907,https://data.meteostat.net/daily/1907/21921.csv.gz,C:\Users\LL1urace\OneDrive\Рабочий стол\meteostat_bulk_downloader_pack\meteostat_arctic_20_daily_monthly\daily\1907\21921.csv.gz
21921,daily,1908,https://data.meteostat.net/daily/1908/21921.csv.gz,C:\Users\LL1urace\OneDrive\Рабочий стол\meteostat_bulk_downloader_pack\meteostat_arctic_20_daily_monthly\daily\1908\21921.csv.gz
21921,daily,1909,https://data.meteostat.net/daily/1909/21921.csv.gz,C:\Users\LL1urace\OneDrive\Рабочий стол\meteostat_bulk_downloader_pack\meteostat_arctic_20_daily_monthly\daily\1909\21921.csv.gz
21921,daily,1910,https://data.meteostat.net/daily/1910/21921.csv.gz,C:\Users\LL1urace\OneDrive\Рабочий стол\meteostat_bulk_downloader_pack\meteostat_arctic_20_daily_monthly\daily\1910\21921.csv.gz
21921,daily,1911,https://data.meteostat.net/daily/1911/21921.csv.gz,C:\Users\LL1urace\OneDrive\Рабочий стол\meteostat_bulk_downloader_pack\meteostat_arctic_20_daily_monthly\daily\1911\21921.csv.gz
21921,daily,1912,https://data.meteostat.net/daily/1912/21921.csv.gz,C:\Users\LL1urace\OneDrive\Рабочий стол\meteostat_bulk_downloader_pack\meteostat_arctic_20_daily_monthly\daily\1912\21921.csv.gz
21921,daily,1913,https://data.meteostat.net/daily/1913/21921.csv.gz,C:\Users\LL1urace\OneDrive\Рабочий стол\meteostat_bulk_downloader_pack\meteostat_arctic_20_daily_monthly\daily\1913\21921.csv.gz
21921,daily,1914,https://data.meteostat.net/daily/1914/21921.csv.gz,C:\Users\LL1urace\OneDrive\Рабочий стол\meteostat_bulk_downloader_pack\meteostat_arctic_20_daily_monthly\daily\1914\21921.csv.gz
21921,daily,1915,https://data.meteostat.net/daily/1915/21921.csv.gz,C:\Users\LL1urace\OneDrive\Рабочий стол\meteostat_bulk_downloader_pack\meteostat_arctic_20_daily_monthly\daily\1915\21921.csv.gz
21921,daily,1916,https://data.meteostat.net/daily/1916/21921.csv.gz,C:\Users\LL1urace\OneDrive\Рабочий стол\meteostat_bulk_downloader_pack\meteostat_arctic_20_daily_monthly\daily\1916\21921.csv.gz
21921,daily,1917,https://data.meteostat.net/daily/1917/21921.csv.gz,C:\Users\LL1urace\OneDrive\Рабочий стол\meteostat_bulk_downloader_pack\meteostat_arctic_20_daily_monthly\daily\1917\21921.csv.gz
21921,daily,1918,https://data.meteostat.net/daily/1918/21921.csv.gz,C:\Users\LL1urace\OneDrive\Рабочий стол\meteostat_bulk_downloader_pack\meteostat_arctic_20_daily_monthly\daily\1918\21921.csv.gz
21921,daily,1919,https://data.meteostat.net/daily/1919/21921.csv.gz,C:\Users\LL1urace\OneDrive\Рабочий стол\meteostat_bulk_downloader_pack\meteostat_arctic_20_daily_monthly\daily\1919\21921.csv.gz
21921,daily,1920,https://data.meteostat.net/daily/1920/21921.csv.gz,C:\Users\LL1urace\OneDrive\Рабочий стол\meteostat_bulk_downloader_pack\meteostat_arctic_20_daily_monthly\daily\1920\21921.csv.gz
21921,daily,1921,https://data.meteostat.net/daily/1921/21921.csv.gz,C:\Users\LL1urace\OneDrive\Рабочий стол\meteostat_bulk_downloader_pack\meteostat_arctic_20_daily_monthly\daily\1921\21921.csv.gz
21921,daily,1922,https://data.meteostat.net/daily/1922/21921.csv.gz,C:\Users\LL1urace\OneDrive\Рабочий стол\meteostat_bulk_downloader_pack\meteostat_arctic_20_daily_monthly\daily\1922\21921.csv.gz
21921,daily,1923,https://data.meteostat.net/daily/1923/21921.csv.gz,C:\Users\LL1urace\OneDrive\Рабочий стол\meteostat_bulk_downloader_pack\meteostat_arctic_20_daily_monthly\daily\1923\21921.csv.gz
21921,daily,1924,https://data.meteostat.net/daily/1924/21921.csv.gz,C:\Users\LL1urace\OneDrive\Рабочий стол\meteostat_bulk_downloader_pack\meteostat_arctic_20_daily_monthly\daily\1924\21921.csv.gz
21921,daily,1925,https://data.meteostat.net/daily/1925/21921.csv.gz,C:\Users\LL1urace\OneDrive\Рабочий стол\meteostat_bulk_downloader_pack\meteostat_arctic_20_daily_monthly\daily\1925\21921.csv.gz
21921,daily,1926,https://data.meteostat.net/daily/1926/21921.csv.gz,C:\Users\LL1urace\OneDrive\Рабочий стол\meteostat_bulk_downloader_pack\meteostat_arctic_20_daily_monthly\daily\1926\21921.csv.gz
21921,daily,1927,https://data.meteostat.net/daily/1927/21921.csv.gz,C:\Users\LL1urace\OneDrive\Рабочий стол\meteostat_bulk_downloader_pack\meteostat_arctic_20_daily_monthly\daily\1927\21921.csv.gz
21921,daily,1928,https://data.meteostat.net/daily/1928/21921.csv.gz,C:\Users\LL1urace\OneDrive\Рабочий стол\meteostat_bulk_downloader_pack\meteostat_arctic_20_daily_monthly\daily\1928\21921.csv.gz
21921,daily,1929,https://data.meteostat.net/daily/1929/21921.csv.gz,C:\Users\LL1urace\OneDrive\Рабочий стол\meteostat_bulk_downloader_pack\meteostat_arctic_20_daily_monthly\daily\1929\21921.csv.gz
21921,daily,1930,https://data.meteostat.net/daily/1930/21921.csv.gz,C:\Users\LL1urace\OneDrive\Рабочий стол\meteostat_bulk_downloader_pack\meteostat_arctic_20_daily_monthly\daily\1930\21921.csv.gz
21921,daily,1931,https://data.meteostat.net/daily/1931/21921.csv.gz,C:\Users\LL1urace\OneDrive\Рабочий стол\meteostat_bulk_downloader_pack\meteostat_arctic_20_daily_monthly\daily\1931\21921.csv.gz
21921,daily,1932,https://data.meteostat.net/daily/1932/21921.csv.gz,C:\Users\LL1urace\OneDrive\Рабочий стол\meteostat_bulk_downloader_pack\meteostat_arctic_20_daily_monthly\daily\1932\21921.csv.gz
21921,daily,1933,https://data.meteostat.net/daily/1933/21921.csv.gz,C:\Users\LL1urace\OneDrive\Рабочий стол\meteostat_bulk_downloader_pack\meteostat_arctic_20_daily_monthly\daily\1933\21921.csv.gz
21921,daily,1934,https://data.meteostat.net/daily/1934/21921.csv.gz,C:\Users\LL1urace\OneDrive\Рабочий стол\meteostat_bulk_downloader_pack\meteostat_arctic_20_daily_monthly\daily\1934\21921.csv.gz
21921,daily,1935,https://data.meteostat.net/daily/1935/21921.csv.gz,C:\Users\LL1urace\OneDrive\Рабочий стол\meteostat_bulk_downloader_pack\meteostat_arctic_20_daily_monthly\daily\1935\21921.csv.gz
21921,daily,1936,https://data.meteostat.net/daily/1936/21921.csv.gz,C:\Users\LL1urace\OneDrive\Рабочий стол\meteostat_bulk_downloader_pack\meteostat_arctic_20_daily_monthly\daily\1936\21921.csv.gz
21921,daily,1937,https://data.meteostat.net/daily/1937/21921.csv.gz,C:\Users\LL1urace\OneDrive\Рабочий стол\meteostat_bulk_downloader_pack\meteostat_arctic_20_daily_monthly\daily\1937\21921.csv.gz
21921,daily,1938,https://data.meteostat.net/daily/1938/21921.csv.gz,C:\Users\LL1urace\OneDrive\Рабочий стол\meteostat_bulk_downloader_pack\meteostat_arctic_20_daily_monthly\daily\1938\21921.csv.gz
21921,daily,1939,https://data.meteostat.net/daily/1939/21921.csv.gz,C:\Users\LL1urace\OneDrive\Рабочий стол\meteostat_bulk_downloader_pack\meteostat_arctic_20_daily_monthly\daily\1939\21921.csv.gz
21921,daily,1940,https://data.meteostat.net/daily/1940/21921.csv.gz,C:\Users\LL1urace\OneDrive\Рабочий стол\meteostat_bulk_downloader_pack\meteostat_arctic_20_daily_monthly\daily\1940\21921.csv.gz
21921,daily,1941,https://data.meteostat.net/daily/1941/21921.csv.gz,C:\Users\LL1urace\OneDrive\Рабочий стол\meteostat_bulk_downloader_pack\meteostat_arctic_20_daily_monthly\daily\1941\21921.csv.gz
21921,daily,1942,https://data.meteostat.net/daily/1942/21921.csv.gz,C:\Users\LL1urace\OneDrive\Рабочий стол\meteostat_bulk_downloader_pack\meteostat_arctic_20_daily_monthly\daily\1942\21921.csv.gz
21921,daily,1943,https://data.meteostat.net/daily/1943/21921.csv.gz,C:\Users\LL1urace\OneDrive\Рабочий стол\meteostat_bulk_downloader_pack\meteostat_arctic_20_daily_monthly\daily\1943\21921.csv.gz
21921,daily,1944,https://data.meteostat.net/daily/1944/21921.csv.gz,C:\Users\LL1urace\OneDrive\Рабочий стол\meteostat_bulk_downloader_pack\meteostat_arctic_20_daily_monthly\daily\1944\21921.csv.gz
21921,daily,1945,https://data.meteostat.net/daily/1945/21921.csv.gz,C:\Users\LL1urace\OneDrive\Рабочий стол\meteostat_bulk_downloader_pack\meteostat_arctic_20_daily_monthly\daily\1945\21921.csv.gz
21921,daily,1946,https://data.meteostat.net/daily/1946/21921.csv.gz,C:\Users\LL1urace\OneDrive\Рабочий стол\meteostat_bulk_downloader_pack\meteostat_arctic_20_daily_monthly\daily\1946\21921.csv.gz
21921,daily,1947,https://data.meteostat.net/daily/1947/21921.csv.gz,C:\Users\LL1urace\OneDrive\Рабочий стол\meteostat_bulk_downloader_pack\meteostat_arctic_20_daily_monthly\daily\1947\21921.csv.gz
21921,daily,1948,https://data.meteostat.net/daily/1948/21921.csv.gz,C:\Users\LL1urace\OneDrive\Рабочий стол\meteostat_bulk_downloader_pack\meteostat_arctic_20_daily_monthly\daily\1948\21921.csv.gz
21921,daily,1949,https://data.meteostat.net/daily/1949/21921.csv.gz,C:\Users\LL1urace\OneDrive\Рабочий стол\meteostat_bulk_downloader_pack\meteostat_arctic_20_daily_monthly\daily\1949\21921.csv.gz
21921,daily,1950,https://data.meteostat.net/daily/1950/21921.csv.gz,C:\Users\LL1urace\OneDrive\Рабочий стол\meteostat_bulk_downloader_pack\meteostat_arctic_20_daily_monthly\daily\1950\21921.csv.gz
21921,daily,1951,https://data.meteostat.net/daily/1951/21921.csv.gz,C:\Users\LL1urace\OneDrive\Рабочий стол\meteostat_bulk_downloader_pack\meteostat_arctic_20_daily_monthly\daily\1951\21921.csv.gz
21921,daily,1952,https://data.meteostat.net/daily/1952/21921.csv.gz,C:\Users\LL1urace\OneDrive\Рабочий стол\meteostat_bulk_downloader_pack\meteostat_arctic_20_daily_monthly\daily\1952\21921.csv.gz
21921,daily,1953,https://data.meteostat.net/daily/1953/21921.csv.gz,C:\Users\LL1urace\OneDrive\Рабочий стол\meteostat_bulk_downloader_pack\meteostat_arctic_20_daily_monthly\daily\1953\21921.csv.gz
21921,daily,1954,https://data.meteostat.net/daily/1954/21921.csv.gz,C:\Users\LL1urace\OneDrive\Рабочий стол\meteostat_bulk_downloader_pack\meteostat_arctic_20_daily_monthly\daily\1954\21921.csv.gz
21921,daily,1955,https://data.meteostat.net/daily/1955/21921.csv.gz,C:\Users\LL1urace\OneDrive\Рабочий стол\meteostat_bulk_downloader_pack\meteostat_arctic_20_daily_monthly\daily\1955\21921.csv.gz
21921,daily,1956,https://data.meteostat.net/daily/1956/21921.csv.gz,C:\Users\LL1urace\OneDrive\Рабочий стол\meteostat_bulk_downloader_pack\meteostat_arctic_20_daily_monthly\daily\1956\21921.csv.gz
21921,daily,1957,https://data.meteostat.net/daily/1957/21921.csv.gz,C:\Users\LL1urace\OneDrive\Рабочий стол\meteostat_bulk_downloader_pack\meteostat_arctic_20_daily_monthly\daily\1957\21921.csv.gz
21921,daily,1958,https://data.meteostat.net/daily/1958/21921.csv.gz,C:\Users\LL1urace\OneDrive\Рабочий стол\meteostat_bulk_downloader_pack\meteostat_arctic_20_daily_monthly\daily\1958\21921.csv.gz
21921,daily,1959,https://data.meteostat.net/daily/1959/21921.csv.gz,C:\Users\LL1urace\OneDrive\Рабочий стол\meteostat_bulk_downloader_pack\meteostat_arctic_20_daily_monthly\daily\1959\21921.csv.gz
21921,daily,1960,https://data.meteostat.net/daily/1960/21921.csv.gz,C:\Users\LL1urace\OneDrive\Рабочий стол\meteostat_bulk_downloader_pack\meteostat_arctic_20_daily_monthly\daily\1960\21921.csv.gz
21921,daily,1961,https://data.meteostat.net/daily/1961/21921.csv.gz,C:\Users\LL1urace\OneDrive\Рабочий стол\meteostat_bulk_downloader_pack\meteostat_arctic_20_daily_monthly\daily\1961\21921.csv.gz
21921,daily,1962,https://data.meteostat.net/daily/1962/21921.csv.gz,C:\Users\LL1urace\OneDrive\Рабочий стол\meteostat_bulk_downloader_pack\meteostat_arctic_20_daily_monthly\daily\1962\21921.csv.gz
21921,daily,1963,https://data.meteostat.net/daily/1963/21921.csv.gz,C:\Users\LL1urace\OneDrive\Рабочий стол\meteostat_bulk_downloader_pack\meteostat_arctic_20_daily_monthly\daily\1963\21921.csv.gz
21921,daily,1964,https://data.meteostat.net/daily/1964/21921.csv.gz,C:\Users\LL1urace\OneDrive\Рабочий стол\meteostat_bulk_downloader_pack\meteostat_arctic_20_daily_monthly\daily\1964\21921.csv.gz
21921,daily,1965,https://data.meteostat.net/daily/1965/21921.csv.gz,C:\Users\LL1urace\OneDrive\Рабочий стол\meteostat_bulk_downloader_pack\meteostat_arctic_20_daily_monthly\daily\1965\21921.csv.gz
21921,daily,1966,https://data.meteostat.net/daily/1966/21921.csv.gz,C:\Users\LL1urace\OneDrive\Рабочий стол\meteostat_bulk_downloader_pack\meteostat_arctic_20_daily_monthly\daily\1966\21921.csv.gz
21921,daily,1967,https://data.meteostat.net/daily/1967/21921.csv.gz,C:\Users\LL1urace\OneDrive\Рабочий стол\meteostat_bulk_downloader_pack\meteostat_arctic_20_daily_monthly\daily\1967\21921.csv.gz
21921,daily,1968,https://data.meteostat.net/daily/1968/21921.csv.gz,C:\Users\LL1urace\OneDrive\Рабочий стол\meteostat_bulk_downloader_pack\meteostat_arctic_20_daily_monthly\daily\1968\21921.csv.gz
21921,daily,1969,https://data.meteostat.net/daily/1969/21921.csv.gz,C:\Users\LL1urace\OneDrive\Рабочий стол\meteostat_bulk_downloader_pack\meteostat_arctic_20_daily_monthly\daily\1969\21921.csv.gz
21921,daily,1970,https://data.meteostat.net/daily/1970/21921.csv.gz,C:\Users\LL1urace\OneDrive\Рабочий стол\meteostat_bulk_downloader_pack\meteostat_arctic_20_daily_monthly\daily\1970\21921.csv.gz
21921,daily,1971,https://data.meteostat.net/daily/1971/21921.csv.gz,C:\Users\LL1urace\OneDrive\Рабочий стол\meteostat_bulk_downloader_pack\meteostat_arctic_20_daily_monthly\daily\1971\21921.csv.gz
21921,daily,1972,https://data.meteostat.net/daily/1972/21921.csv.gz,C:\Users\LL1urace\OneDrive\Рабочий стол\meteostat_bulk_downloader_pack\meteostat_arctic_20_daily_monthly\daily\1972\21921.csv.gz
21921,daily,1973,https://data.meteostat.net/daily/1973/21921.csv.gz,C:\Users\LL1urace\OneDrive\Рабочий стол\meteostat_bulk_downloader_pack\meteostat_arctic_20_daily_monthly\daily\1973\21921.csv.gz
21921,daily,1974,https://data.meteostat.net/daily/1974/21921.csv.gz,C:\Users\LL1urace\OneDrive\Рабочий стол\meteostat_bulk_downloader_pack\meteostat_arctic_20_daily_monthly\daily\1974\21921.csv.gz
21921,daily,1975,https://data.meteostat.net/daily/1975/21921.csv.gz,C:\Users\LL1urace\OneDrive\Рабочий стол\meteostat_bulk_downloader_pack\meteostat_arctic_20_daily_monthly\daily\1975\21921.csv.gz
21921,daily,1976,https://data.meteostat.net/daily/1976/21921.csv.gz,C:\Users\LL1urace\OneDrive\Рабочий стол\meteostat_bulk_downloader_pack\meteostat_arctic_20_daily_monthly\daily\1976\21921.csv.gz
21921,daily,1977,https://data.meteostat.net/daily/1977/21921.csv.gz,C:\Users\LL1urace\OneDrive\Рабочий стол\meteostat_bulk_downloader_pack\meteostat_arctic_20_daily_monthly\daily\1977\21921.csv.gz
21921,daily,1978,https://data.meteostat.net/daily/1978/21921.csv.gz,C:\Users\LL1urace\OneDrive\Рабочий стол\meteostat_bulk_downloader_pack\meteostat_arctic_20_daily_monthly\daily\1978\21921.csv.gz
21921,daily,1979,https://data.meteostat.net/daily/1979/21921.csv.gz,C:\Users\LL1urace\OneDrive\Рабочий стол\meteostat_bulk_downloader_pack\meteostat_arctic_20_daily_monthly\daily\1979\21921.csv.gz
21921,daily,1980,https://data.meteostat.net/daily/1980/21921.csv.gz,C:\Users\LL1urace\OneDrive\Рабочий стол\meteostat_bulk_downloader_pack\meteostat_arctic_20_daily_monthly\daily\1980\21921.csv.gz
21921,daily,1981,https://data.meteostat.net/daily/1981/21921.csv.gz,C:\Users\LL1urace\OneDrive\Рабочий стол\meteostat_bulk_downloader_pack\meteostat_arctic_20_daily_monthly\daily\1981\21921.csv.gz
21921,daily,1982,https://data.meteostat.net/daily/1982/21921.csv.gz,C:\Users\LL1urace\OneDrive\Рабочий стол\meteostat_bulk_downloader_pack\meteostat_arctic_20_daily_monthly\daily\1982\21921.csv.gz
21921,daily,1983,https://data.meteostat.net/daily/1983/21921.csv.gz,C:\Users\LL1urace\OneDrive\Рабочий стол\meteostat_bulk_downloader_pack\meteostat_arctic_20_daily_monthly\daily\1983\21921.csv.gz
21921,daily,1984,https://data.meteostat.net/daily/1984/21921.csv.gz,C:\Users\LL1urace\OneDrive\Рабочий стол\meteostat_bulk_downloader_pack\meteostat_arctic_20_daily_monthly\daily\1984\21921.csv.gz
21921,daily,1985,https://data.meteostat.net/daily/1985/21921.csv.gz,C:\Users\LL1urace\OneDrive\Рабочий стол\meteostat_bulk_downloader_pack\meteostat_arctic_20_daily_monthly\daily\1985\21921.csv.gz
21921,daily,1986,https://data.meteostat.net/daily/1986/21921.csv.gz,C:\Users\LL1urace\OneDrive\Рабочий стол\meteostat_bulk_downloader_pack\meteostat_arctic_20_daily_monthly\daily\1986\21921.csv.gz
21921,daily,1987,https://data.meteostat.net/daily/1987/21921.csv.gz,C:\Users\LL1urace\OneDrive\Рабочий стол\meteostat_bulk_downloader_pack\meteostat_arctic_20_daily_monthly\daily\1987\21921.csv.gz
21921,daily,1988,https://data.meteostat.net/daily/1988/21921.csv.gz,C:\Users\LL1urace\OneDrive\Рабочий стол\meteostat_bulk_downloader_pack\meteostat_arctic_20_daily_monthly\daily\1988\21921.csv.gz
21921,daily,1989,https://data.meteostat.net/daily/1989/21921.csv.gz,C:\Users\LL1urace\OneDrive\Рабочий стол\meteostat_bulk_downloader_pack\meteostat_arctic_20_daily_monthly\daily\1989\21921.csv.gz
21921,daily,1990,https://data.meteostat.net/daily/1990/21921.csv.gz,C:\Users\LL1urace\OneDrive\Рабочий стол\meteostat_bulk_downloader_pack\meteostat_arctic_20_daily_monthly\daily\1990\21921.csv.gz
21921,daily,1991,https://data.meteostat.net/daily/1991/21921.csv.gz,C:\Users\LL1urace\OneDrive\Рабочий стол\meteostat_bulk_downloader_pack\meteostat_arctic_20_daily_monthly\daily\1991\21921.csv.gz
21921,daily,1992,https://data.meteostat.net/daily/1992/21921.csv.gz,C:\Users\LL1urace\OneDrive\Рабочий стол\meteostat_bulk_downloader_pack\meteostat_arctic_20_daily_monthly\daily\1992\21921.csv.gz
21921,daily,1993,https://data.meteostat.net/daily/1993/21921.csv.gz,C:\Users\LL1urace\OneDrive\Рабочий стол\meteostat_bulk_downloader_pack\meteostat_arctic_20_daily_monthly\daily\1993\21921.csv.gz
21921,daily,1994,https://data.meteostat.net/daily/1994/21921.csv.gz,C:\Users\LL1urace\OneDrive\Рабочий стол\meteostat_bulk_downloader_pack\meteostat_arctic_20_daily_monthly\daily\1994\21921.csv.gz
21921,daily,1995,https://data.meteostat.net/daily/1995/21921.csv.gz,C:\Users\LL1urace\OneDrive\Рабочий стол\meteostat_bulk_downloader_pack\meteostat_arctic_20_daily_monthly\daily\1995\21921.csv.gz
21921,daily,1996,https://data.meteostat.net/daily/1996/21921.csv.gz,C:\Users\LL1urace\OneDrive\Рабочий стол\meteostat_bulk_downloader_pack\meteostat_arctic_20_daily_monthly\daily\1996\21921.csv.gz
21921,daily,1997,https://data.meteostat.net/daily/1997/21921.csv.gz,C:\Users\LL1urace\OneDrive\Рабочий стол\meteostat_bulk_downloader_pack\meteostat_arctic_20_daily_monthly\daily\1997\21921.csv.gz
21921,daily,1998,https://data.meteostat.net/daily/1998/21921.csv.gz,C:\Users\LL1urace\OneDrive\Рабочий стол\meteostat_bulk_downloader_pack\meteostat_arctic_20_daily_monthly\daily\1998\21921.csv.gz
21921,daily,1999,https://data.meteostat.net/daily/1999/21921.csv.gz,C:\Users\LL1urace\OneDrive\Рабочий стол\meteostat_bulk_downloader_pack\meteostat_arctic_20_daily_monthly\daily\1999\21921.csv.gz
21921,daily,2000,https://data.meteostat.net/daily/2000/21921.csv.gz,C:\Users\LL1urace\OneDrive\Рабочий стол\meteostat_bulk_downloader_pack\meteostat_arctic_20_daily_monthly\daily\2000\21921.csv.gz
21921,daily,2001,https://data.meteostat.net/daily/2001/21921.csv.gz,C:\Users\LL1urace\OneDrive\Рабочий стол\meteostat_bulk_downloader_pack\meteostat_arctic_20_daily_monthly\daily\2001\21921.csv.gz
21921,daily,2002,https://data.meteostat.net/daily/2002/21921.csv.gz,C:\Users\LL1urace\OneDrive\Рабочий стол\meteostat_bulk_downloader_pack\meteostat_arctic_20_daily_monthly\daily\2002\21921.csv.gz
21921,daily,2003,https://data.meteostat.net/daily/2003/21921.csv.gz,C:\Users\LL1urace\OneDrive\Рабочий стол\meteostat_bulk_downloader_pack\meteostat_arctic_20_daily_monthly\daily\2003\21921.csv.gz
21921,daily,2004,https://data.meteostat.net/daily/2004/21921.csv.gz,C:\Users\LL1urace\OneDrive\Рабочий стол\meteostat_bulk_downloader_pack\meteostat_arctic_20_daily_monthly\daily\2004\21921.csv.gz
21921,daily,2005,https://data.meteostat.net/daily/2005/21921.csv.gz,C:\Users\LL1urace\OneDrive\Рабочий стол\meteostat_bulk_downloader_pack\meteostat_arctic_20_daily_monthly\daily\2005\21921.csv.gz
21921,daily,2006,https://data.meteostat.net/daily/2006/21921.csv.gz,C:\Users\LL1urace\OneDrive\Рабочий стол\meteostat_bulk_downloader_pack\meteostat_arctic_20_daily_monthly\daily\2006\21921.csv.gz
21921,daily,2007,https://data.meteostat.net/daily/2007/21921.csv.gz,C:\Users\LL1urace\OneDrive\Рабочий стол\meteostat_bulk_downloader_pack\meteostat_arctic_20_daily_monthly\daily\2007\21921.csv.gz
21921,daily,2008,https://data.meteostat.net/daily/2008/21921.csv.gz,C:\Users\LL1urace\OneDrive\Рабочий стол\meteostat_bulk_downloader_pack\meteostat_arctic_20_daily_monthly\daily\2008\21921.csv.gz
21921,daily,2009,https://data.meteostat.net/daily/2009/21921.csv.gz,C:\Users\LL1urace\OneDrive\Рабочий стол\meteostat_bulk_downloader_pack\meteostat_arctic_20_daily_monthly\daily\2009\21921.csv.gz
21921,daily,2010,https://data.meteostat.net/daily/2010/21921.csv.gz,C:\Users\LL1urace\OneDrive\Рабочий стол\meteostat_bulk_downloader_pack\meteostat_arctic_20_daily_monthly\daily\2010\21921.csv.gz
21921,daily,2011,https://data.meteostat.net/daily/2011/21921.csv.gz,C:\Users\LL1urace\OneDrive\Рабочий стол\meteostat_bulk_downloader_pack\meteostat_arctic_20_daily_monthly\daily\2011\21921.csv.gz
21921,daily,2012,https://data.meteostat.net/daily/2012/21921.csv.gz,C:\Users\LL1urace\OneDrive\Рабочий стол\meteostat_bulk_downloader_pack\meteostat_arctic_20_daily_monthly\daily\2012\21921.csv.gz
21921,daily,2013,https://data.meteostat.net/daily/2013/21921.csv.gz,C:\Users\LL1urace\OneDrive\Рабочий стол\meteostat_bulk_downloader_pack\meteostat_arctic_20_daily_monthly\daily\2013\21921.csv.gz
21921,daily,2014,https://data.meteostat.net/daily/2014/21921.csv.gz,C:\Users\LL1urace\OneDrive\Рабочий стол\meteostat_bulk_downloader_pack\meteostat_arctic_20_daily_monthly\daily\2014\21921.csv.gz
21921,daily,2015,https://data.meteostat.net/daily/2015/21921.csv.gz,C:\Users\LL1urace\OneDrive\Рабочий стол\meteostat_bulk_downloader_pack\meteostat_arctic_20_daily_monthly\daily\2015\21921.csv.gz
21921,daily,2016,https://data.meteostat.net/daily/2016/21921.csv.gz,C:\Users\LL1urace\OneDrive\Рабочий стол\meteostat_bulk_downloader_pack\meteostat_arctic_20_daily_monthly\daily\2016\21921.csv.gz
21921,daily,2017,https://data.meteostat.net/daily/2017/21921.csv.gz,C:\Users\LL1urace\OneDrive\Рабочий стол\meteostat_bulk_downloader_pack\meteostat_arctic_20_daily_monthly\daily\2017\21921.csv.gz
21921,daily,2018,https://data.meteostat.net/daily/2018/21921.csv.gz,C:\Users\LL1urace\OneDrive\Рабочий стол\meteostat_bulk_downloader_pack\meteostat_arctic_20_daily_monthly\daily\2018\21921.csv.gz
21921,daily,2019,https://data.meteostat.net/daily/2019/21921.csv.gz,C:\Users\LL1urace\OneDrive\Рабочий стол\meteostat_bulk_downloader_pack\meteostat_arctic_20_daily_monthly\daily\2019\21921.csv.gz
21921,daily,2020,https://data.meteostat.net/daily/2020/21921.csv.gz,C:\Users\LL1urace\OneDrive\Рабочий стол\meteostat_bulk_downloader_pack\meteostat_arctic_20_daily_monthly\daily\2020\21921.csv.gz
21921,daily,2021,https://data.meteostat.net/daily/2021/21921.csv.gz,C:\Users\LL1urace\OneDrive\Рабочий стол\meteostat_bulk_downloader_pack\meteostat_arctic_20_daily_monthly\daily\2021\21921.csv.gz
21921,daily,2022,https://data.meteostat.net/daily/2022/21921.csv.gz,C:\Users\LL1urace\OneDrive\Рабочий стол\meteostat_bulk_downloader_pack\meteostat_arctic_20_daily_monthly\daily\2022\21921.csv.gz
21921,daily,2023,https://data.meteostat.net/daily/2023/21921.csv.gz,C:\Users\LL1urace\OneDrive\Рабочий стол\meteostat_bulk_downloader_pack\meteostat_arctic_20_daily_monthly\daily\2023\21921.csv.gz
21921,daily,2024,https://data.meteostat.net/daily/2024/21921.csv.gz,C:\Users\LL1urace\OneDrive\Рабочий стол\meteostat_bulk_downloader_pack\meteostat_arctic_20_daily_monthly\daily\2024\21921.csv.gz
21921,daily,2025,https://data.meteostat.net/daily/2025/21921.csv.gz,C:\Users\LL1urace\OneDrive\Рабочий стол\meteostat_bulk_downloader_pack\meteostat_arctic_20_daily_monthly\daily\2025\21921.csv.gz
21921,daily,2026,https://data.meteostat.net/daily/2026/21921.csv.gz,C:\Users\LL1urace\OneDrive\Рабочий стол\meteostat_bulk_downloader_pack\meteostat_arctic_20_daily_monthly\daily\2026\21921.csv.gz
21824,monthly,,https://data.meteostat.net/monthly/21824.csv.gz,C:\Users\LL1urace\OneDrive\Рабочий стол\meteostat_bulk_downloader_pack\meteostat_arctic_20_daily_monthly\monthly\21824.csv.gz
21824,daily,1900,https://data.meteostat.net/daily/1900/21824.csv.gz,C:\Users\LL1urace\OneDrive\Рабочий стол\meteostat_bulk_downloader_pack\meteostat_arctic_20_daily_monthly\daily\1900\21824.csv.gz
21824,daily,1901,https://data.meteostat.net/daily/1901/21824.csv.gz,C:\Users\LL1urace\OneDrive\Рабочий стол\meteostat_bulk_downloader_pack\meteostat_arctic_20_daily_monthly\daily\1901\21824.csv.gz
21824,daily,1902,https://data.meteostat.net/daily/1902/21824.csv.gz,C:\Users\LL1urace\OneDrive\Рабочий стол\meteostat_bulk_downloader_pack\meteostat_arctic_20_daily_monthly\daily\1902\21824.csv.gz
21824,daily,1903,https://data.meteostat.net/daily/1903/21824.csv.gz,C:\Users\LL1urace\OneDrive\Рабочий стол\meteostat_bulk_downloader_pack\meteostat_arctic_20_daily_monthly\daily\1903\21824.csv.gz
21824,daily,1904,https://data.meteostat.net/daily/1904/21824.csv.gz,C:\Users\LL1urace\OneDrive\Рабочий стол\meteostat_bulk_downloader_pack\meteostat_arctic_20_daily_monthly\daily\1904\21824.csv.gz
21824,daily,1905,https://data.meteostat.net/daily/1905/21824.csv.gz,C:\Users\LL1urace\OneDrive\Рабочий стол\meteostat_bulk_downloader_pack\meteostat_arctic_20_daily_monthly\daily\1905\21824.csv.gz
21824,daily,1906,https://data.meteostat.net/daily/1906/21824.csv.gz,C:\Users\LL1urace\OneDrive\Рабочий стол\meteostat_bulk_downloader_pack\meteostat_arctic_20_daily_monthly\daily\1906\21824.csv.gz
21824,daily,1907,https://data.meteostat.net/daily/1907/21824.csv.gz,C:\Users\LL1urace\OneDrive\Рабочий стол\meteostat_bulk_downloader_pack\meteostat_arctic_20_daily_monthly\daily\1907\21824.csv.gz
21824,daily,1908,https://data.meteostat.net/daily/1908/21824.csv.gz,C:\Users\LL1urace\OneDrive\Рабочий стол\meteostat_bulk_downloader_pack\meteostat_arctic_20_daily_monthly\daily\1908\21824.csv.gz
21824,daily,1909,https://data.meteostat.net/daily/1909/21824.csv.gz,C:\Users\LL1urace\OneDrive\Рабочий стол\meteostat_bulk_downloader_pack\meteostat_arctic_20_daily_monthly\daily\1909\21824.csv.gz
21824,daily,1910,https://data.meteostat.net/daily/1910/21824.csv.gz,C:\Users\LL1urace\OneDrive\Рабочий стол\meteostat_bulk_downloader_pack\meteostat_arctic_20_daily_monthly\daily\1910\21824.csv.gz
21824,daily,1911,https://data.meteostat.net/daily/1911/21824.csv.gz,C:\Users\LL1urace\OneDrive\Рабочий стол\meteostat_bulk_downloader_pack\meteostat_arctic_20_daily_monthly\daily\1911\21824.csv.gz
21824,daily,1912,https://data.meteostat.net/daily/1912/21824.csv.gz,C:\Users\LL1urace\OneDrive\Рабочий стол\meteostat_bulk_downloader_pack\meteostat_arctic_20_daily_monthly\daily\1912\21824.csv.gz
21824,daily,1913,https://data.meteostat.net/daily/1913/21824.csv.gz,C:\Users\LL1urace\OneDrive\Рабочий стол\meteostat_bulk_downloader_pack\meteostat_arctic_20_daily_monthly\daily\1913\21824.csv.gz
21824,daily,1914,https://data.meteostat.net/daily/1914/21824.csv.gz,C:\Users\LL1urace\OneDrive\Рабочий стол\meteostat_bulk_downloader_pack\meteostat_arctic_20_daily_monthly\daily\1914\21824.csv.gz
21824,daily,1915,https://data.meteostat.net/daily/1915/21824.csv.gz,C:\Users\LL1urace\OneDrive\Рабочий стол\meteostat_bulk_downloader_pack\meteostat_arctic_20_daily_monthly\daily\1915\21824.csv.gz
21824,daily,1916,https://data.meteostat.net/daily/1916/21824.csv.gz,C:\Users\LL1urace\OneDrive\Рабочий стол\meteostat_bulk_downloader_pack\meteostat_arctic_20_daily_monthly\daily\1916\21824.csv.gz
21824,daily,1917,https://data.meteostat.net/daily/1917/21824.csv.gz,C:\Users\LL1urace\OneDrive\Рабочий стол\meteostat_bulk_downloader_pack\meteostat_arctic_20_daily_monthly\daily\1917\21824.csv.gz
21824,daily,1918,https://data.meteostat.net/daily/1918/21824.csv.gz,C:\Users\LL1urace\OneDrive\Рабочий стол\meteostat_bulk_downloader_pack\meteostat_arctic_20_daily_monthly\daily\1918\21824.csv.gz
21824,daily,1919,https://data.meteostat.net/daily/1919/21824.csv.gz,C:\Users\LL1urace\OneDrive\Рабочий стол\meteostat_bulk_downloader_pack\meteostat_arctic_20_daily_monthly\daily\1919\21824.csv.gz
21824,daily,1920,https://data.meteostat.net/daily/1920/21824.csv.gz,C:\Users\LL1urace\OneDrive\Рабочий стол\meteostat_bulk_downloader_pack\meteostat_arctic_20_daily_monthly\daily\1920\21824.csv.gz
21824,daily,1921,https://data.meteostat.net/daily/1921/21824.csv.gz,C:\Users\LL1urace\OneDrive\Рабочий стол\meteostat_bulk_downloader_pack\meteostat_arctic_20_daily_monthly\daily\1921\21824.csv.gz
21824,daily,1922,https://data.meteostat.net/daily/1922/21824.csv.gz,C:\Users\LL1urace\OneDrive\Рабочий стол\meteostat_bulk_downloader_pack\meteostat_arctic_20_daily_monthly\daily\1922\21824.csv.gz
21824,daily,1923,https://data.meteostat.net/daily/1923/21824.csv.gz,C:\Users\LL1urace\OneDrive\Рабочий стол\meteostat_bulk_downloader_pack\meteostat_arctic_20_daily_monthly\daily\1923\21824.csv.gz
21824,daily,1924,https://data.meteostat.net/daily/1924/21824.csv.gz,C:\Users\LL1urace\OneDrive\Рабочий стол\meteostat_bulk_downloader_pack\meteostat_arctic_20_daily_monthly\daily\1924\21824.csv.gz
21824,daily,1925,https://data.meteostat.net/daily/1925/21824.csv.gz,C:\Users\LL1urace\OneDrive\Рабочий стол\meteostat_bulk_downloader_pack\meteostat_arctic_20_daily_monthly\daily\1925\21824.csv.gz
21824,daily,1926,https://data.meteostat.net/daily/1926/21824.csv.gz,C:\Users\LL1urace\OneDrive\Рабочий стол\meteostat_bulk_downloader_pack\meteostat_arctic_20_daily_monthly\daily\1926\21824.csv.gz
21824,daily,1927,https://data.meteostat.net/daily/1927/21824.csv.gz,C:\Users\LL1urace\OneDrive\Рабочий стол\meteostat_bulk_downloader_pack\meteostat_arctic_20_daily_monthly\daily\1927\21824.csv.gz
21824,daily,1928,https://data.meteostat.net/daily/1928/21824.csv.gz,C:\Users\LL1urace\OneDrive\Рабочий стол\meteostat_bulk_downloader_pack\meteostat_arctic_20_daily_monthly\daily\1928\21824.csv.gz
21824,daily,1929,https://data.meteostat.net/daily/1929/21824.csv.gz,C:\Users\LL1urace\OneDrive\Рабочий стол\meteostat_bulk_downloader_pack\meteostat_arctic_20_daily_monthly\daily\1929\21824.csv.gz
21824,daily,1930,https://data.meteostat.net/daily/1930/21824.csv.gz,C:\Users\LL1urace\OneDrive\Рабочий стол\meteostat_bulk_downloader_pack\meteostat_arctic_20_daily_monthly\daily\1930\21824.csv.gz
21824,daily,1931,https://data.meteostat.net/daily/1931/21824.csv.gz,C:\Users\LL1urace\OneDrive\Рабочий стол\meteostat_bulk_downloader_pack\meteostat_arctic_20_daily_monthly\daily\1931\21824.csv.gz
21824,daily,1932,https://data.meteostat.net/daily/1932/21824.csv.gz,C:\Users\LL1urace\OneDrive\Рабочий стол\meteostat_bulk_downloader_pack\meteostat_arctic_20_daily_monthly\daily\1932\21824.csv.gz
21824,daily,1933,https://data.meteostat.net/daily/1933/21824.csv.gz,C:\Users\LL1urace\OneDrive\Рабочий стол\meteostat_bulk_downloader_pack\meteostat_arctic_20_daily_monthly\daily\1933\21824.csv.gz
21824,daily,1934,https://data.meteostat.net/daily/1934/21824.csv.gz,C:\Users\LL1urace\OneDrive\Рабочий стол\meteostat_bulk_downloader_pack\meteostat_arctic_20_daily_monthly\daily\1934\21824.csv.gz
21824,daily,1935,https://data.meteostat.net/daily/1935/21824.csv.gz,C:\Users\LL1urace\OneDrive\Рабочий стол\meteostat_bulk_downloader_pack\meteostat_arctic_20_daily_monthly\daily\1935\21824.csv.gz
21824,daily,1936,https://data.meteostat.net/daily/1936/21824.csv.gz,C:\Users\LL1urace\OneDrive\Рабочий стол\meteostat_bulk_downloader_pack\meteostat_arctic_20_daily_monthly\daily\1936\21824.csv.gz
21824,daily,1937,https://data.meteostat.net/daily/1937/21824.csv.gz,C:\Users\LL1urace\OneDrive\Рабочий стол\meteostat_bulk_downloader_pack\meteostat_arctic_20_daily_monthly\daily\1937\21824.csv.gz
21824,daily,1938,https://data.meteostat.net/daily/1938/21824.csv.gz,C:\Users\LL1urace\OneDrive\Рабочий стол\meteostat_bulk_downloader_pack\meteostat_arctic_20_daily_monthly\daily\1938\21824.csv.gz
21824,daily,1939,https://data.meteostat.net/daily/1939/21824.csv.gz,C:\Users\LL1urace\OneDrive\Рабочий стол\meteostat_bulk_downloader_pack\meteostat_arctic_20_daily_monthly\daily\1939\21824.csv.gz
21824,daily,1940,https://data.meteostat.net/daily/1940/21824.csv.gz,C:\Users\LL1urace\OneDrive\Рабочий стол\meteostat_bulk_downloader_pack\meteostat_arctic_20_daily_monthly\daily\1940\21824.csv.gz
21824,daily,1941,https://data.meteostat.net/daily/1941/21824.csv.gz,C:\Users\LL1urace\OneDrive\Рабочий стол\meteostat_bulk_downloader_pack\meteostat_arctic_20_daily_monthly\daily\1941\21824.csv.gz
21824,daily,1942,https://data.meteostat.net/daily/1942/21824.csv.gz,C:\Users\LL1urace\OneDrive\Рабочий стол\meteostat_bulk_downloader_pack\meteostat_arctic_20_daily_monthly\daily\1942\21824.csv.gz
21824,daily,1943,https://data.meteostat.net/daily/1943/21824.csv.gz,C:\Users\LL1urace\OneDrive\Рабочий стол\meteostat_bulk_downloader_pack\meteostat_arctic_20_daily_monthly\daily\1943\21824.csv.gz
21824,daily,1944,https://data.meteostat.net/daily/1944/21824.csv.gz,C:\Users\LL1urace\OneDrive\Рабочий стол\meteostat_bulk_downloader_pack\meteostat_arctic_20_daily_monthly\daily\1944\21824.csv.gz
21824,daily,1945,https://data.meteostat.net/daily/1945/21824.csv.gz,C:\Users\LL1urace\OneDrive\Рабочий стол\meteostat_bulk_downloader_pack\meteostat_arctic_20_daily_monthly\daily\1945\21824.csv.gz
21824,daily,1946,https://data.meteostat.net/daily/1946/21824.csv.gz,C:\Users\LL1urace\OneDrive\Рабочий стол\meteostat_bulk_downloader_pack\meteostat_arctic_20_daily_monthly\daily\1946\21824.csv.gz
21824,daily,1947,https://data.meteostat.net/daily/1947/21824.csv.gz,C:\Users\LL1urace\OneDrive\Рабочий стол\meteostat_bulk_downloader_pack\meteostat_arctic_20_daily_monthly\daily\1947\21824.csv.gz
21824,daily,1948,https://data.meteostat.net/daily/1948/21824.csv.gz,C:\Users\LL1urace\OneDrive\Рабочий стол\meteostat_bulk_downloader_pack\meteostat_arctic_20_daily_monthly\daily\1948\21824.csv.gz
21824,daily,1949,https://data.meteostat.net/daily/1949/21824.csv.gz,C:\Users\LL1urace\OneDrive\Рабочий стол\meteostat_bulk_downloader_pack\meteostat_arctic_20_daily_monthly\daily\1949\21824.csv.gz
21824,daily,1950,https://data.meteostat.net/daily/1950/21824.csv.gz,C:\Users\LL1urace\OneDrive\Рабочий стол\meteostat_bulk_downloader_pack\meteostat_arctic_20_daily_monthly\daily\1950\21824.csv.gz
21824,daily,1951,https://data.meteostat.net/daily/1951/21824.csv.gz,C:\Users\LL1urace\OneDrive\Рабочий стол\meteostat_bulk_downloader_pack\meteostat_arctic_20_daily_monthly\daily\1951\21824.csv.gz
21824,daily,1952,https://data.meteostat.net/daily/1952/21824.csv.gz,C:\Users\LL1urace\OneDrive\Рабочий стол\meteostat_bulk_downloader_pack\meteostat_arctic_20_daily_monthly\daily\1952\21824.csv.gz
21824,daily,1953,https://data.meteostat.net/daily/1953/21824.csv.gz,C:\Users\LL1urace\OneDrive\Рабочий стол\meteostat_bulk_downloader_pack\meteostat_arctic_20_daily_monthly\daily\1953\21824.csv.gz
21824,daily,1954,https://data.meteostat.net/daily/1954/21824.csv.gz,C:\Users\LL1urace\OneDrive\Рабочий стол\meteostat_bulk_downloader_pack\meteostat_arctic_20_daily_monthly\daily\1954\21824.csv.gz
21824,daily,1955,https://data.meteostat.net/daily/1955/21824.csv.gz,C:\Users\LL1urace\OneDrive\Рабочий стол\meteostat_bulk_downloader_pack\meteostat_arctic_20_daily_monthly\daily\1955\21824.csv.gz
21824,daily,1956,https://data.meteostat.net/daily/1956/21824.csv.gz,C:\Users\LL1urace\OneDrive\Рабочий стол\meteostat_bulk_downloader_pack\meteostat_arctic_20_daily_monthly\daily\1956\21824.csv.gz
21824,daily,1957,https://data.meteostat.net/daily/1957/21824.csv.gz,C:\Users\LL1urace\OneDrive\Рабочий стол\meteostat_bulk_downloader_pack\meteostat_arctic_20_daily_monthly\daily\1957\21824.csv.gz
21824,daily,1958,https://data.meteostat.net/daily/1958/21824.csv.gz,C:\Users\LL1urace\OneDrive\Рабочий стол\meteostat_bulk_downloader_pack\meteostat_arctic_20_daily_monthly\daily\1958\21824.csv.gz
21824,daily,1959,https://data.meteostat.net/daily/1959/21824.csv.gz,C:\Users\LL1urace\OneDrive\Рабочий стол\meteostat_bulk_downloader_pack\meteostat_arctic_20_daily_monthly\daily\1959\21824.csv.gz
21824,daily,1960,https://data.meteostat.net/daily/1960/21824.csv.gz,C:\Users\LL1urace\OneDrive\Рабочий стол\meteostat_bulk_downloader_pack\meteostat_arctic_20_daily_monthly\daily\1960\21824.csv.gz
21824,daily,1961,https://data.meteostat.net/daily/1961/21824.csv.gz,C:\Users\LL1urace\OneDrive\Рабочий стол\meteostat_bulk_downloader_pack\meteostat_arctic_20_daily_monthly\daily\1961\21824.csv.gz
21824,daily,1962,https://data.meteostat.net/daily/1962/21824.csv.gz,C:\Users\LL1urace\OneDrive\Рабочий стол\meteostat_bulk_downloader_pack\meteostat_arctic_20_daily_monthly\daily\1962\21824.csv.gz
21824,daily,1963,https://data.meteostat.net/daily/1963/21824.csv.gz,C:\Users\LL1urace\OneDrive\Рабочий стол\meteostat_bulk_downloader_pack\meteostat_arctic_20_daily_monthly\daily\1963\21824.csv.gz
21824,daily,1964,https://data.meteostat.net/daily/1964/21824.csv.gz,C:\Users\LL1urace\OneDrive\Рабочий стол\meteostat_bulk_downloader_pack\meteostat_arctic_20_daily_monthly\daily\1964\21824.csv.gz
21824,daily,1965,https://data.meteostat.net/daily/1965/21824.csv.gz,C:\Users\LL1urace\OneDrive\Рабочий стол\meteostat_bulk_downloader_pack\meteostat_arctic_20_daily_monthly\daily\1965\21824.csv.gz
21824,daily,1966,https://data.meteostat.net/daily/1966/21824.csv.gz,C:\Users\LL1urace\OneDrive\Рабочий стол\meteostat_bulk_downloader_pack\meteostat_arctic_20_daily_monthly\daily\1966\21824.csv.gz
21824,daily,1967,https://data.meteostat.net/daily/1967/21824.csv.gz,C:\Users\LL1urace\OneDrive\Рабочий стол\meteostat_bulk_downloader_pack\meteostat_arctic_20_daily_monthly\daily\1967\21824.csv.gz
21824,daily,1968,https://data.meteostat.net/daily/1968/21824.csv.gz,C:\Users\LL1urace\OneDrive\Рабочий стол\meteostat_bulk_downloader_pack\meteostat_arctic_20_daily_monthly\daily\1968\21824.csv.gz
21824,daily,1969,https://data.meteostat.net/daily/1969/21824.csv.gz,C:\Users\LL1urace\OneDrive\Рабочий стол\meteostat_bulk_downloader_pack\meteostat_arctic_20_daily_monthly\daily\1969\21824.csv.gz
21824,daily,1970,https://data.meteostat.net/daily/1970/21824.csv.gz,C:\Users\LL1urace\OneDrive\Рабочий стол\meteostat_bulk_downloader_pack\meteostat_arctic_20_daily_monthly\daily\1970\21824.csv.gz
21824,daily,1971,https://data.meteostat.net/daily/1971/21824.csv.gz,C:\Users\LL1urace\OneDrive\Рабочий стол\meteostat_bulk_downloader_pack\meteostat_arctic_20_daily_monthly\daily\1971\21824.csv.gz
21824,daily,1972,https://data.meteostat.net/daily/1972/21824.csv.gz,C:\Users\LL1urace\OneDrive\Рабочий стол\meteostat_bulk_downloader_pack\meteostat_arctic_20_daily_monthly\daily\1972\21824.csv.gz
21824,daily,1973,https://data.meteostat.net/daily/1973/21824.csv.gz,C:\Users\LL1urace\OneDrive\Рабочий стол\meteostat_bulk_downloader_pack\meteostat_arctic_20_daily_monthly\daily\1973\21824.csv.gz
21824,daily,1974,https://data.meteostat.net/daily/1974/21824.csv.gz,C:\Users\LL1urace\OneDrive\Рабочий стол\meteostat_bulk_downloader_pack\meteostat_arctic_20_daily_monthly\daily\1974\21824.csv.gz
21824,daily,1975,https://data.meteostat.net/daily/1975/21824.csv.gz,C:\Users\LL1urace\OneDrive\Рабочий стол\meteostat_bulk_downloader_pack\meteostat_arctic_20_daily_monthly\daily\1975\21824.csv.gz
21824,daily,1976,https://data.meteostat.net/daily/1976/21824.csv.gz,C:\Users\LL1urace\OneDrive\Рабочий стол\meteostat_bulk_downloader_pack\meteostat_arctic_20_daily_monthly\daily\1976\21824.csv.gz
21824,daily,1977,https://data.meteostat.net/daily/1977/21824.csv.gz,C:\Users\LL1urace\OneDrive\Рабочий стол\meteostat_bulk_downloader_pack\meteostat_arctic_20_daily_monthly\daily\1977\21824.csv.gz
21824,daily,1978,https://data.meteostat.net/daily/1978/21824.csv.gz,C:\Users\LL1urace\OneDrive\Рабочий стол\meteostat_bulk_downloader_pack\meteostat_arctic_20_daily_monthly\daily\1978\21824.csv.gz
21824,daily,1979,https://data.meteostat.net/daily/1979/21824.csv.gz,C:\Users\LL1urace\OneDrive\Рабочий стол\meteostat_bulk_downloader_pack\meteostat_arctic_20_daily_monthly\daily\1979\21824.csv.gz
21824,daily,1980,https://data.meteostat.net/daily/1980/21824.csv.gz,C:\Users\LL1urace\OneDrive\Рабочий стол\meteostat_bulk_downloader_pack\meteostat_arctic_20_daily_monthly\daily\1980\21824.csv.gz
21824,daily,1981,https://data.meteostat.net/daily/1981/21824.csv.gz,C:\Users\LL1urace\OneDrive\Рабочий стол\meteostat_bulk_downloader_pack\meteostat_arctic_20_daily_monthly\daily\1981\21824.csv.gz
21824,daily,1982,https://data.meteostat.net/daily/1982/21824.csv.gz,C:\Users\LL1urace\OneDrive\Рабочий стол\meteostat_bulk_downloader_pack\meteostat_arctic_20_daily_monthly\daily\1982\21824.csv.gz
21824,daily,1983,https://data.meteostat.net/daily/1983/21824.csv.gz,C:\Users\LL1urace\OneDrive\Рабочий стол\meteostat_bulk_downloader_pack\meteostat_arctic_20_daily_monthly\daily\1983\21824.csv.gz
21824,daily,1984,https://data.meteostat.net/daily/1984/21824.csv.gz,C:\Users\LL1urace\OneDrive\Рабочий стол\meteostat_bulk_downloader_pack\meteostat_arctic_20_daily_monthly\daily\1984\21824.csv.gz
21824,daily,1985,https://data.meteostat.net/daily/1985/21824.csv.gz,C:\Users\LL1urace\OneDrive\Рабочий стол\meteostat_bulk_downloader_pack\meteostat_arctic_20_daily_monthly\daily\1985\21824.csv.gz
21824,daily,1986,https://data.meteostat.net/daily/1986/21824.csv.gz,C:\Users\LL1urace\OneDrive\Рабочий стол\meteostat_bulk_downloader_pack\meteostat_arctic_20_daily_monthly\daily\1986\21824.csv.gz
21824,daily,1987,https://data.meteostat.net/daily/1987/21824.csv.gz,C:\Users\LL1urace\OneDrive\Рабочий стол\meteostat_bulk_downloader_pack\meteostat_arctic_20_daily_monthly\daily\1987\21824.csv.gz
21824,daily,1988,https://data.meteostat.net/daily/1988/21824.csv.gz,C:\Users\LL1urace\OneDrive\Рабочий стол\meteostat_bulk_downloader_pack\meteostat_arctic_20_daily_monthly\daily\1988\21824.csv.gz
21824,daily,1989,https://data.meteostat.net/daily/1989/21824.csv.gz,C:\Users\LL1urace\OneDrive\Рабочий стол\meteostat_bulk_downloader_pack\meteostat_arctic_20_daily_monthly\daily\1989\21824.csv.gz
21824,daily,1990,https://data.meteostat.net/daily/1990/21824.csv.gz,C:\Users\LL1urace\OneDrive\Рабочий стол\meteostat_bulk_downloader_pack\meteostat_arctic_20_daily_monthly\daily\1990\21824.csv.gz
21824,daily,1991,https://data.meteostat.net/daily/1991/21824.csv.gz,C:\Users\LL1urace\OneDrive\Рабочий стол\meteostat_bulk_downloader_pack\meteostat_arctic_20_daily_monthly\daily\1991\21824.csv.gz
21824,daily,1992,https://data.meteostat.net/daily/1992/21824.csv.gz,C:\Users\LL1urace\OneDrive\Рабочий стол\meteostat_bulk_downloader_pack\meteostat_arctic_20_daily_monthly\daily\1992\21824.csv.gz
21824,daily,1993,https://data.meteostat.net/daily/1993/21824.csv.gz,C:\Users\LL1urace\OneDrive\Рабочий стол\meteostat_bulk_downloader_pack\meteostat_arctic_20_daily_monthly\daily\1993\21824.csv.gz
21824,daily,1994,https://data.meteostat.net/daily/1994/21824.csv.gz,C:\Users\LL1urace\OneDrive\Рабочий стол\meteostat_bulk_downloader_pack\meteostat_arctic_20_daily_monthly\daily\1994\21824.csv.gz
21824,daily,1995,https://data.meteostat.net/daily/1995/21824.csv.gz,C:\Users\LL1urace\OneDrive\Рабочий стол\meteostat_bulk_downloader_pack\meteostat_arctic_20_daily_monthly\daily\1995\21824.csv.gz
21824,daily,1996,https://data.meteostat.net/daily/1996/21824.csv.gz,C:\Users\LL1urace\OneDrive\Рабочий стол\meteostat_bulk_downloader_pack\meteostat_arctic_20_daily_monthly\daily\1996\21824.csv.gz
21824,daily,1997,https://data.meteostat.net/daily/1997/21824.csv.gz,C:\Users\LL1urace\OneDrive\Рабочий стол\meteostat_bulk_downloader_pack\meteostat_arctic_20_daily_monthly\daily\1997\21824.csv.gz
21824,daily,1998,https://data.meteostat.net/daily/1998/21824.csv.gz,C:\Users\LL1urace\OneDrive\Рабочий стол\meteostat_bulk_downloader_pack\meteostat_arctic_20_daily_monthly\daily\1998\21824.csv.gz
21824,daily,1999,https://data.meteostat.net/daily/1999/21824.csv.gz,C:\Users\LL1urace\OneDrive\Рабочий стол\meteostat_bulk_downloader_pack\meteostat_arctic_20_daily_monthly\daily\1999\21824.csv.gz
21824,daily,2000,https://data.meteostat.net/daily/2000/21824.csv.gz,C:\Users\LL1urace\OneDrive\Рабочий стол\meteostat_bulk_downloader_pack\meteostat_arctic_20_daily_monthly\daily\2000\21824.csv.gz
21824,daily,2001,https://data.meteostat.net/daily/2001/21824.csv.gz,C:\Users\LL1urace\OneDrive\Рабочий стол\meteostat_bulk_downloader_pack\meteostat_arctic_20_daily_monthly\daily\2001\21824.csv.gz
21824,daily,2002,https://data.meteostat.net/daily/2002/21824.csv.gz,C:\Users\LL1urace\OneDrive\Рабочий стол\meteostat_bulk_downloader_pack\meteostat_arctic_20_daily_monthly\daily\2002\21824.csv.gz
21824,daily,2003,https://data.meteostat.net/daily/2003/21824.csv.gz,C:\Users\LL1urace\OneDrive\Рабочий стол\meteostat_bulk_downloader_pack\meteostat_arctic_20_daily_monthly\daily\2003\21824.csv.gz
21824,daily,2004,https://data.meteostat.net/daily/2004/21824.csv.gz,C:\Users\LL1urace\OneDrive\Рабочий стол\meteostat_bulk_downloader_pack\meteostat_arctic_20_daily_monthly\daily\2004\21824.csv.gz
21824,daily,2005,https://data.meteostat.net/daily/2005/21824.csv.gz,C:\Users\LL1urace\OneDrive\Рабочий стол\meteostat_bulk_downloader_pack\meteostat_arctic_20_daily_monthly\daily\2005\21824.csv.gz
21824,daily,2006,https://data.meteostat.net/daily/2006/21824.csv.gz,C:\Users\LL1urace\OneDrive\Рабочий стол\meteostat_bulk_downloader_pack\meteostat_arctic_20_daily_monthly\daily\2006\21824.csv.gz
21824,daily,2007,https://data.meteostat.net/daily/2007/21824.csv.gz,C:\Users\LL1urace\OneDrive\Рабочий стол\meteostat_bulk_downloader_pack\meteostat_arctic_20_daily_monthly\daily\2007\21824.csv.gz
21824,daily,2008,https://data.meteostat.net/daily/2008/21824.csv.gz,C:\Users\LL1urace\OneDrive\Рабочий стол\meteostat_bulk_downloader_pack\meteostat_arctic_20_daily_monthly\daily\2008\21824.csv.gz
21824,daily,2009,https://data.meteostat.net/daily/2009/21824.csv.gz,C:\Users\LL1urace\OneDrive\Рабочий стол\meteostat_bulk_downloader_pack\meteostat_arctic_20_daily_monthly\daily\2009\21824.csv.gz
21824,daily,2010,https://data.meteostat.net/daily/2010/21824.csv.gz,C:\Users\LL1urace\OneDrive\Рабочий стол\meteostat_bulk_downloader_pack\meteostat_arctic_20_daily_monthly\daily\2010\21824.csv.gz
21824,daily,2011,https://data.meteostat.net/daily/2011/21824.csv.gz,C:\Users\LL1urace\OneDrive\Рабочий стол\meteostat_bulk_downloader_pack\meteostat_arctic_20_daily_monthly\daily\2011\21824.csv.gz
21824,daily,2012,https://data.meteostat.net/daily/2012/21824.csv.gz,C:\Users\LL1urace\OneDrive\Рабочий стол\meteostat_bulk_downloader_pack\meteostat_arctic_20_daily_monthly\daily\2012\21824.csv.gz
21824,daily,2013,https://data.meteostat.net/daily/2013/21824.csv.gz,C:\Users\LL1urace\OneDrive\Рабочий стол\meteostat_bulk_downloader_pack\meteostat_arctic_20_daily_monthly\daily\2013\21824.csv.gz
21824,daily,2014,https://data.meteostat.net/daily/2014/21824.csv.gz,C:\Users\LL1urace\OneDrive\Рабочий стол\meteostat_bulk_downloader_pack\meteostat_arctic_20_daily_monthly\daily\2014\21824.csv.gz
21824,daily,2015,https://data.meteostat.net/daily/2015/21824.csv.gz,C:\Users\LL1urace\OneDrive\Рабочий стол\meteostat_bulk_downloader_pack\meteostat_arctic_20_daily_monthly\daily\2015\21824.csv.gz
21824,daily,2016,https://data.meteostat.net/daily/2016/21824.csv.gz,C:\Users\LL1urace\OneDrive\Рабочий стол\meteostat_bulk_downloader_pack\meteostat_arctic_20_daily_monthly\daily\2016\21824.csv.gz
21824,daily,2017,https://data.meteostat.net/daily/2017/21824.csv.gz,C:\Users\LL1urace\OneDrive\Рабочий стол\meteostat_bulk_downloader_pack\meteostat_arctic_20_daily_monthly\daily\2017\21824.csv.gz
21824,daily,2018,https://data.meteostat.net/daily/2018/21824.csv.gz,C:\Users\LL1urace\OneDrive\Рабочий стол\meteostat_bulk_downloader_pack\meteostat_arctic_20_daily_monthly\daily\2018\21824.csv.gz
21824,daily,2019,https://data.meteostat.net/daily/2019/21824.csv.gz,C:\Users\LL1urace\OneDrive\Рабочий стол\meteostat_bulk_downloader_pack\meteostat_arctic_20_daily_monthly\daily\2019\21824.csv.gz
21824,daily,2020,https://data.meteostat.net/daily/2020/21824.csv.gz,C:\Users\LL1urace\OneDrive\Рабочий стол\meteostat_bulk_downloader_pack\meteostat_arctic_20_daily_monthly\daily\2020\21824.csv.gz
21824,daily,2021,https://data.meteostat.net/daily/2021/21824.csv.gz,C:\Users\LL1urace\OneDrive\Рабочий стол\meteostat_bulk_downloader_pack\meteostat_arctic_20_daily_monthly\daily\2021\21824.csv.gz
21824,daily,2022,https://data.meteostat.net/daily/2022/21824.csv.gz,C:\Users\LL1urace\OneDrive\Рабочий стол\meteostat_bulk_downloader_pack\meteostat_arctic_20_daily_monthly\daily\2022\21824.csv.gz
21824,daily,2023,https://data.meteostat.net/daily/2023/21824.csv.gz,C:\Users\LL1urace\OneDrive\Рабочий стол\meteostat_bulk_downloader_pack\meteostat_arctic_20_daily_monthly\daily\2023\21824.csv.gz
21824,daily,2024,https://data.meteostat.net/daily/2024/21824.csv.gz,C:\Users\LL1urace\OneDrive\Рабочий стол\meteostat_bulk_downloader_pack\meteostat_arctic_20_daily_monthly\daily\2024\21824.csv.gz
21824,daily,2025,https://data.meteostat.net/daily/2025/21824.csv.gz,C:\Users\LL1urace\OneDrive\Рабочий стол\meteostat_bulk_downloader_pack\meteostat_arctic_20_daily_monthly\daily\2025\21824.csv.gz
21824,daily,2026,https://data.meteostat.net/daily/2026/21824.csv.gz,C:\Users\LL1urace\OneDrive\Рабочий стол\meteostat_bulk_downloader_pack\meteostat_arctic_20_daily_monthly\daily\2026\21824.csv.gz
21931,monthly,,https://data.meteostat.net/monthly/21931.csv.gz,C:\Users\LL1urace\OneDrive\Рабочий стол\meteostat_bulk_downloader_pack\meteostat_arctic_20_daily_monthly\monthly\21931.csv.gz
21931,daily,1900,https://data.meteostat.net/daily/1900/21931.csv.gz,C:\Users\LL1urace\OneDrive\Рабочий стол\meteostat_bulk_downloader_pack\meteostat_arctic_20_daily_monthly\daily\1900\21931.csv.gz
21931,daily,1901,https://data.meteostat.net/daily/1901/21931.csv.gz,C:\Users\LL1urace\OneDrive\Рабочий стол\meteostat_bulk_downloader_pack\meteostat_arctic_20_daily_monthly\daily\1901\21931.csv.gz
21931,daily,1902,https://data.meteostat.net/daily/1902/21931.csv.gz,C:\Users\LL1urace\OneDrive\Рабочий стол\meteostat_bulk_downloader_pack\meteostat_arctic_20_daily_monthly\daily\1902\21931.csv.gz
21931,daily,1903,https://data.meteostat.net/daily/1903/21931.csv.gz,C:\Users\LL1urace\OneDrive\Рабочий стол\meteostat_bulk_downloader_pack\meteostat_arctic_20_daily_monthly\daily\1903\21931.csv.gz
21931,daily,1904,https://data.meteostat.net/daily/1904/21931.csv.gz,C:\Users\LL1urace\OneDrive\Рабочий стол\meteostat_bulk_downloader_pack\meteostat_arctic_20_daily_monthly\daily\1904\21931.csv.gz
21931,daily,1905,https://data.meteostat.net/daily/1905/21931.csv.gz,C:\Users\LL1urace\OneDrive\Рабочий стол\meteostat_bulk_downloader_pack\meteostat_arctic_20_daily_monthly\daily\1905\21931.csv.gz
21931,daily,1906,https://data.meteostat.net/daily/1906/21931.csv.gz,C:\Users\LL1urace\OneDrive\Рабочий стол\meteostat_bulk_downloader_pack\meteostat_arctic_20_daily_monthly\daily\1906\21931.csv.gz
21931,daily,1907,https://data.meteostat.net/daily/1907/21931.csv.gz,C:\Users\LL1urace\OneDrive\Рабочий стол\meteostat_bulk_downloader_pack\meteostat_arctic_20_daily_monthly\daily\1907\21931.csv.gz
21931,daily,1908,https://data.meteostat.net/daily/1908/21931.csv.gz,C:\Users\LL1urace\OneDrive\Рабочий стол\meteostat_bulk_downloader_pack\meteostat_arctic_20_daily_monthly\daily\1908\21931.csv.gz
21931,daily,1909,https://data.meteostat.net/daily/1909/21931.csv.gz,C:\Users\LL1urace\OneDrive\Рабочий стол\meteostat_bulk_downloader_pack\meteostat_arctic_20_daily_monthly\daily\1909\21931.csv.gz
21931,daily,1910,https://data.meteostat.net/daily/1910/21931.csv.gz,C:\Users\LL1urace\OneDrive\Рабочий стол\meteostat_bulk_downloader_pack\meteostat_arctic_20_daily_monthly\daily\1910\21931.csv.gz
21931,daily,1911,https://data.meteostat.net/daily/1911/21931.csv.gz,C:\Users\LL1urace\OneDrive\Рабочий стол\meteostat_bulk_downloader_pack\meteostat_arctic_20_daily_monthly\daily\1911\21931.csv.gz
21931,daily,1912,https://data.meteostat.net/daily/1912/21931.csv.gz,C:\Users\LL1urace\OneDrive\Рабочий стол\meteostat_bulk_downloader_pack\meteostat_arctic_20_daily_monthly\daily\1912\21931.csv.gz
21931,daily,1913,https://data.meteostat.net/daily/1913/21931.csv.gz,C:\Users\LL1urace\OneDrive\Рабочий стол\meteostat_bulk_downloader_pack\meteostat_arctic_20_daily_monthly\daily\1913\21931.csv.gz
21931,daily,1914,https://data.meteostat.net/daily/1914/21931.csv.gz,C:\Users\LL1urace\OneDrive\Рабочий стол\meteostat_bulk_downloader_pack\meteostat_arctic_20_daily_monthly\daily\1914\21931.csv.gz
21931,daily,1915,https://data.meteostat.net/daily/1915/21931.csv.gz,C:\Users\LL1urace\OneDrive\Рабочий стол\meteostat_bulk_downloader_pack\meteostat_arctic_20_daily_monthly\daily\1915\21931.csv.gz
21931,daily,1916,https://data.meteostat.net/daily/1916/21931.csv.gz,C:\Users\LL1urace\OneDrive\Рабочий стол\meteostat_bulk_downloader_pack\meteostat_arctic_20_daily_monthly\daily\1916\21931.csv.gz
21931,daily,1917,https://data.meteostat.net/daily/1917/21931.csv.gz,C:\Users\LL1urace\OneDrive\Рабочий стол\meteostat_bulk_downloader_pack\meteostat_arctic_20_daily_monthly\daily\1917\21931.csv.gz
21931,daily,1918,https://data.meteostat.net/daily/1918/21931.csv.gz,C:\Users\LL1urace\OneDrive\Рабочий стол\meteostat_bulk_downloader_pack\meteostat_arctic_20_daily_monthly\daily\1918\21931.csv.gz
21931,daily,1919,https://data.meteostat.net/daily/1919/21931.csv.gz,C:\Users\LL1urace\OneDrive\Рабочий стол\meteostat_bulk_downloader_pack\meteostat_arctic_20_daily_monthly\daily\1919\21931.csv.gz
21931,daily,1920,https://data.meteostat.net/daily/1920/21931.csv.gz,C:\Users\LL1urace\OneDrive\Рабочий стол\meteostat_bulk_downloader_pack\meteostat_arctic_20_daily_monthly\daily\1920\21931.csv.gz
21931,daily,1921,https://data.meteostat.net/daily/1921/21931.csv.gz,C:\Users\LL1urace\OneDrive\Рабочий стол\meteostat_bulk_downloader_pack\meteostat_arctic_20_daily_monthly\daily\1921\21931.csv.gz
21931,daily,1922,https://data.meteostat.net/daily/1922/21931.csv.gz,C:\Users\LL1urace\OneDrive\Рабочий стол\meteostat_bulk_downloader_pack\meteostat_arctic_20_daily_monthly\daily\1922\21931.csv.gz
21931,daily,1923,https://data.meteostat.net/daily/1923/21931.csv.gz,C:\Users\LL1urace\OneDrive\Рабочий стол\meteostat_bulk_downloader_pack\meteostat_arctic_20_daily_monthly\daily\1923\21931.csv.gz
21931,daily,1924,https://data.meteostat.net/daily/1924/21931.csv.gz,C:\Users\LL1urace\OneDrive\Рабочий стол\meteostat_bulk_downloader_pack\meteostat_arctic_20_daily_monthly\daily\1924\21931.csv.gz
21931,daily,1925,https://data.meteostat.net/daily/1925/21931.csv.gz,C:\Users\LL1urace\OneDrive\Рабочий стол\meteostat_bulk_downloader_pack\meteostat_arctic_20_daily_monthly\daily\1925\21931.csv.gz
21931,daily,1926,https://data.meteostat.net/daily/1926/21931.csv.gz,C:\Users\LL1urace\OneDrive\Рабочий стол\meteostat_bulk_downloader_pack\meteostat_arctic_20_daily_monthly\daily\1926\21931.csv.gz
21931,daily,1927,https://data.meteostat.net/daily/1927/21931.csv.gz,C:\Users\LL1urace\OneDrive\Рабочий стол\meteostat_bulk_downloader_pack\meteostat_arctic_20_daily_monthly\daily\1927\21931.csv.gz
21931,daily,1928,https://data.meteostat.net/daily/1928/21931.csv.gz,C:\Users\LL1urace\OneDrive\Рабочий стол\meteostat_bulk_downloader_pack\meteostat_arctic_20_daily_monthly\daily\1928\21931.csv.gz
21931,daily,1929,https://data.meteostat.net/daily/1929/21931.csv.gz,C:\Users\LL1urace\OneDrive\Рабочий стол\meteostat_bulk_downloader_pack\meteostat_arctic_20_daily_monthly\daily\1929\21931.csv.gz
21931,daily,1930,https://data.meteostat.net/daily/1930/21931.csv.gz,C:\Users\LL1urace\OneDrive\Рабочий стол\meteostat_bulk_downloader_pack\meteostat_arctic_20_daily_monthly\daily\1930\21931.csv.gz
21931,daily,1931,https://data.meteostat.net/daily/1931/21931.csv.gz,C:\Users\LL1urace\OneDrive\Рабочий стол\meteostat_bulk_downloader_pack\meteostat_arctic_20_daily_monthly\daily\1931\21931.csv.gz
21931,daily,1932,https://data.meteostat.net/daily/1932/21931.csv.gz,C:\Users\LL1urace\OneDrive\Рабочий стол\meteostat_bulk_downloader_pack\meteostat_arctic_20_daily_monthly\daily\1932\21931.csv.gz
21931,daily,1933,https://data.meteostat.net/daily/1933/21931.csv.gz,C:\Users\LL1urace\OneDrive\Рабочий стол\meteostat_bulk_downloader_pack\meteostat_arctic_20_daily_monthly\daily\1933\21931.csv.gz
21931,daily,1934,https://data.meteostat.net/daily/1934/21931.csv.gz,C:\Users\LL1urace\OneDrive\Рабочий стол\meteostat_bulk_downloader_pack\meteostat_arctic_20_daily_monthly\daily\1934\21931.csv.gz
21931,daily,1935,https://data.meteostat.net/daily/1935/21931.csv.gz,C:\Users\LL1urace\OneDrive\Рабочий стол\meteostat_bulk_downloader_pack\meteostat_arctic_20_daily_monthly\daily\1935\21931.csv.gz
21931,daily,1936,https://data.meteostat.net/daily/1936/21931.csv.gz,C:\Users\LL1urace\OneDrive\Рабочий стол\meteostat_bulk_downloader_pack\meteostat_arctic_20_daily_monthly\daily\1936\21931.csv.gz
21931,daily,1937,https://data.meteostat.net/daily/1937/21931.csv.gz,C:\Users\LL1urace\OneDrive\Рабочий стол\meteostat_bulk_downloader_pack\meteostat_arctic_20_daily_monthly\daily\1937\21931.csv.gz
21931,daily,1938,https://data.meteostat.net/daily/1938/21931.csv.gz,C:\Users\LL1urace\OneDrive\Рабочий стол\meteostat_bulk_downloader_pack\meteostat_arctic_20_daily_monthly\daily\1938\21931.csv.gz
21931,daily,1939,https://data.meteostat.net/daily/1939/21931.csv.gz,C:\Users\LL1urace\OneDrive\Рабочий стол\meteostat_bulk_downloader_pack\meteostat_arctic_20_daily_monthly\daily\1939\21931.csv.gz
21931,daily,1940,https://data.meteostat.net/daily/1940/21931.csv.gz,C:\Users\LL1urace\OneDrive\Рабочий стол\meteostat_bulk_downloader_pack\meteostat_arctic_20_daily_monthly\daily\1940\21931.csv.gz
21931,daily,1941,https://data.meteostat.net/daily/1941/21931.csv.gz,C:\Users\LL1urace\OneDrive\Рабочий стол\meteostat_bulk_downloader_pack\meteostat_arctic_20_daily_monthly\daily\1941\21931.csv.gz
21931,daily,1942,https://data.meteostat.net/daily/1942/21931.csv.gz,C:\Users\LL1urace\OneDrive\Рабочий стол\meteostat_bulk_downloader_pack\meteostat_arctic_20_daily_monthly\daily\1942\21931.csv.gz
21931,daily,1943,https://data.meteostat.net/daily/1943/21931.csv.gz,C:\Users\LL1urace\OneDrive\Рабочий стол\meteostat_bulk_downloader_pack\meteostat_arctic_20_daily_monthly\daily\1943\21931.csv.gz
21931,daily,1944,https://data.meteostat.net/daily/1944/21931.csv.gz,C:\Users\LL1urace\OneDrive\Рабочий стол\meteostat_bulk_downloader_pack\meteostat_arctic_20_daily_monthly\daily\1944\21931.csv.gz
21931,daily,1945,https://data.meteostat.net/daily/1945/21931.csv.gz,C:\Users\LL1urace\OneDrive\Рабочий стол\meteostat_bulk_downloader_pack\meteostat_arctic_20_daily_monthly\daily\1945\21931.csv.gz
21931,daily,1946,https://data.meteostat.net/daily/1946/21931.csv.gz,C:\Users\LL1urace\OneDrive\Рабочий стол\meteostat_bulk_downloader_pack\meteostat_arctic_20_daily_monthly\daily\1946\21931.csv.gz
21931,daily,1947,https://data.meteostat.net/daily/1947/21931.csv.gz,C:\Users\LL1urace\OneDrive\Рабочий стол\meteostat_bulk_downloader_pack\meteostat_arctic_20_daily_monthly\daily\1947\21931.csv.gz
21931,daily,1948,https://data.meteostat.net/daily/1948/21931.csv.gz,C:\Users\LL1urace\OneDrive\Рабочий стол\meteostat_bulk_downloader_pack\meteostat_arctic_20_daily_monthly\daily\1948\21931.csv.gz
21931,daily,1949,https://data.meteostat.net/daily/1949/21931.csv.gz,C:\Users\LL1urace\OneDrive\Рабочий стол\meteostat_bulk_downloader_pack\meteostat_arctic_20_daily_monthly\daily\1949\21931.csv.gz
21931,daily,1950,https://data.meteostat.net/daily/1950/21931.csv.gz,C:\Users\LL1urace\OneDrive\Рабочий стол\meteostat_bulk_downloader_pack\meteostat_arctic_20_daily_monthly\daily\1950\21931.csv.gz
21931,daily,1951,https://data.meteostat.net/daily/1951/21931.csv.gz,C:\Users\LL1urace\OneDrive\Рабочий стол\meteostat_bulk_downloader_pack\meteostat_arctic_20_daily_monthly\daily\1951\21931.csv.gz
21931,daily,1952,https://data.meteostat.net/daily/1952/21931.csv.gz,C:\Users\LL1urace\OneDrive\Рабочий стол\meteostat_bulk_downloader_pack\meteostat_arctic_20_daily_monthly\daily\1952\21931.csv.gz
21931,daily,1953,https://data.meteostat.net/daily/1953/21931.csv.gz,C:\Users\LL1urace\OneDrive\Рабочий стол\meteostat_bulk_downloader_pack\meteostat_arctic_20_daily_monthly\daily\1953\21931.csv.gz
21931,daily,1954,https://data.meteostat.net/daily/1954/21931.csv.gz,C:\Users\LL1urace\OneDrive\Рабочий стол\meteostat_bulk_downloader_pack\meteostat_arctic_20_daily_monthly\daily\1954\21931.csv.gz
21931,daily,1955,https://data.meteostat.net/daily/1955/21931.csv.gz,C:\Users\LL1urace\OneDrive\Рабочий стол\meteostat_bulk_downloader_pack\meteostat_arctic_20_daily_monthly\daily\1955\21931.csv.gz
21931,daily,1956,https://data.meteostat.net/daily/1956/21931.csv.gz,C:\Users\LL1urace\OneDrive\Рабочий стол\meteostat_bulk_downloader_pack\meteostat_arctic_20_daily_monthly\daily\1956\21931.csv.gz
21931,daily,1957,https://data.meteostat.net/daily/1957/21931.csv.gz,C:\Users\LL1urace\OneDrive\Рабочий стол\meteostat_bulk_downloader_pack\meteostat_arctic_20_daily_monthly\daily\1957\21931.csv.gz
21931,daily,1958,https://data.meteostat.net/daily/1958/21931.csv.gz,C:\Users\LL1urace\OneDrive\Рабочий стол\meteostat_bulk_downloader_pack\meteostat_arctic_20_daily_monthly\daily\1958\21931.csv.gz
21931,daily,1959,https://data.meteostat.net/daily/1959/21931.csv.gz,C:\Users\LL1urace\OneDrive\Рабочий стол\meteostat_bulk_downloader_pack\meteostat_arctic_20_daily_monthly\daily\1959\21931.csv.gz
21931,daily,1960,https://data.meteostat.net/daily/1960/21931.csv.gz,C:\Users\LL1urace\OneDrive\Рабочий стол\meteostat_bulk_downloader_pack\meteostat_arctic_20_daily_monthly\daily\1960\21931.csv.gz
21931,daily,1961,https://data.meteostat.net/daily/1961/21931.csv.gz,C:\Users\LL1urace\OneDrive\Рабочий стол\meteostat_bulk_downloader_pack\meteostat_arctic_20_daily_monthly\daily\1961\21931.csv.gz
21931,daily,1962,https://data.meteostat.net/daily/1962/21931.csv.gz,C:\Users\LL1urace\OneDrive\Рабочий стол\meteostat_bulk_downloader_pack\meteostat_arctic_20_daily_monthly\daily\1962\21931.csv.gz
21931,daily,1963,https://data.meteostat.net/daily/1963/21931.csv.gz,C:\Users\LL1urace\OneDrive\Рабочий стол\meteostat_bulk_downloader_pack\meteostat_arctic_20_daily_monthly\daily\1963\21931.csv.gz
21931,daily,1964,https://data.meteostat.net/daily/1964/21931.csv.gz,C:\Users\LL1urace\OneDrive\Рабочий стол\meteostat_bulk_downloader_pack\meteostat_arctic_20_daily_monthly\daily\1964\21931.csv.gz
21931,daily,1965,https://data.meteostat.net/daily/1965/21931.csv.gz,C:\Users\LL1urace\OneDrive\Рабочий стол\meteostat_bulk_downloader_pack\meteostat_arctic_20_daily_monthly\daily\1965\21931.csv.gz
21931,daily,1966,https://data.meteostat.net/daily/1966/21931.csv.gz,C:\Users\LL1urace\OneDrive\Рабочий стол\meteostat_bulk_downloader_pack\meteostat_arctic_20_daily_monthly\daily\1966\21931.csv.gz
21931,daily,1967,https://data.meteostat.net/daily/1967/21931.csv.gz,C:\Users\LL1urace\OneDrive\Рабочий стол\meteostat_bulk_downloader_pack\meteostat_arctic_20_daily_monthly\daily\1967\21931.csv.gz
21931,daily,1968,https://data.meteostat.net/daily/1968/21931.csv.gz,C:\Users\LL1urace\OneDrive\Рабочий стол\meteostat_bulk_downloader_pack\meteostat_arctic_20_daily_monthly\daily\1968\21931.csv.gz
21931,daily,1969,https://data.meteostat.net/daily/1969/21931.csv.gz,C:\Users\LL1urace\OneDrive\Рабочий стол\meteostat_bulk_downloader_pack\meteostat_arctic_20_daily_monthly\daily\1969\21931.csv.gz
21931,daily,1970,https://data.meteostat.net/daily/1970/21931.csv.gz,C:\Users\LL1urace\OneDrive\Рабочий стол\meteostat_bulk_downloader_pack\meteostat_arctic_20_daily_monthly\daily\1970\21931.csv.gz
21931,daily,1971,https://data.meteostat.net/daily/1971/21931.csv.gz,C:\Users\LL1urace\OneDrive\Рабочий стол\meteostat_bulk_downloader_pack\meteostat_arctic_20_daily_monthly\daily\1971\21931.csv.gz
21931,daily,1972,https://data.meteostat.net/daily/1972/21931.csv.gz,C:\Users\LL1urace\OneDrive\Рабочий стол\meteostat_bulk_downloader_pack\meteostat_arctic_20_daily_monthly\daily\1972\21931.csv.gz
21931,daily,1973,https://data.meteostat.net/daily/1973/21931.csv.gz,C:\Users\LL1urace\OneDrive\Рабочий стол\meteostat_bulk_downloader_pack\meteostat_arctic_20_daily_monthly\daily\1973\21931.csv.gz
21931,daily,1974,https://data.meteostat.net/daily/1974/21931.csv.gz,C:\Users\LL1urace\OneDrive\Рабочий стол\meteostat_bulk_downloader_pack\meteostat_arctic_20_daily_monthly\daily\1974\21931.csv.gz
21931,daily,1975,https://data.meteostat.net/daily/1975/21931.csv.gz,C:\Users\LL1urace\OneDrive\Рабочий стол\meteostat_bulk_downloader_pack\meteostat_arctic_20_daily_monthly\daily\1975\21931.csv.gz
21931,daily,1976,https://data.meteostat.net/daily/1976/21931.csv.gz,C:\Users\LL1urace\OneDrive\Рабочий стол\meteostat_bulk_downloader_pack\meteostat_arctic_20_daily_monthly\daily\1976\21931.csv.gz
21931,daily,1977,https://data.meteostat.net/daily/1977/21931.csv.gz,C:\Users\LL1urace\OneDrive\Рабочий стол\meteostat_bulk_downloader_pack\meteostat_arctic_20_daily_monthly\daily\1977\21931.csv.gz
21931,daily,1978,https://data.meteostat.net/daily/1978/21931.csv.gz,C:\Users\LL1urace\OneDrive\Рабочий стол\meteostat_bulk_downloader_pack\meteostat_arctic_20_daily_monthly\daily\1978\21931.csv.gz
21931,daily,1979,https://data.meteostat.net/daily/1979/21931.csv.gz,C:\Users\LL1urace\OneDrive\Рабочий стол\meteostat_bulk_downloader_pack\meteostat_arctic_20_daily_monthly\daily\1979\21931.csv.gz
21931,daily,1980,https://data.meteostat.net/daily/1980/21931.csv.gz,C:\Users\LL1urace\OneDrive\Рабочий стол\meteostat_bulk_downloader_pack\meteostat_arctic_20_daily_monthly\daily\1980\21931.csv.gz
21931,daily,1981,https://data.meteostat.net/daily/1981/21931.csv.gz,C:\Users\LL1urace\OneDrive\Рабочий стол\meteostat_bulk_downloader_pack\meteostat_arctic_20_daily_monthly\daily\1981\21931.csv.gz
21931,daily,1982,https://data.meteostat.net/daily/1982/21931.csv.gz,C:\Users\LL1urace\OneDrive\Рабочий стол\meteostat_bulk_downloader_pack\meteostat_arctic_20_daily_monthly\daily\1982\21931.csv.gz
21931,daily,1983,https://data.meteostat.net/daily/1983/21931.csv.gz,C:\Users\LL1urace\OneDrive\Рабочий стол\meteostat_bulk_downloader_pack\meteostat_arctic_20_daily_monthly\daily\1983\21931.csv.gz
21931,daily,1984,https://data.meteostat.net/daily/1984/21931.csv.gz,C:\Users\LL1urace\OneDrive\Рабочий стол\meteostat_bulk_downloader_pack\meteostat_arctic_20_daily_monthly\daily\1984\21931.csv.gz
21931,daily,1985,https://data.meteostat.net/daily/1985/21931.csv.gz,C:\Users\LL1urace\OneDrive\Рабочий стол\meteostat_bulk_downloader_pack\meteostat_arctic_20_daily_monthly\daily\1985\21931.csv.gz
21931,daily,1986,https://data.meteostat.net/daily/1986/21931.csv.gz,C:\Users\LL1urace\OneDrive\Рабочий стол\meteostat_bulk_downloader_pack\meteostat_arctic_20_daily_monthly\daily\1986\21931.csv.gz
21931,daily,1987,https://data.meteostat.net/daily/1987/21931.csv.gz,C:\Users\LL1urace\OneDrive\Рабочий стол\meteostat_bulk_downloader_pack\meteostat_arctic_20_daily_monthly\daily\1987\21931.csv.gz
21931,daily,1988,https://data.meteostat.net/daily/1988/21931.csv.gz,C:\Users\LL1urace\OneDrive\Рабочий стол\meteostat_bulk_downloader_pack\meteostat_arctic_20_daily_monthly\daily\1988\21931.csv.gz
21931,daily,1989,https://data.meteostat.net/daily/1989/21931.csv.gz,C:\Users\LL1urace\OneDrive\Рабочий стол\meteostat_bulk_downloader_pack\meteostat_arctic_20_daily_monthly\daily\1989\21931.csv.gz
21931,daily,1990,https://data.meteostat.net/daily/1990/21931.csv.gz,C:\Users\LL1urace\OneDrive\Рабочий стол\meteostat_bulk_downloader_pack\meteostat_arctic_20_daily_monthly\daily\1990\21931.csv.gz
21931,daily,1991,https://data.meteostat.net/daily/1991/21931.csv.gz,C:\Users\LL1urace\OneDrive\Рабочий стол\meteostat_bulk_downloader_pack\meteostat_arctic_20_daily_monthly\daily\1991\21931.csv.gz
21931,daily,1992,https://data.meteostat.net/daily/1992/21931.csv.gz,C:\Users\LL1urace\OneDrive\Рабочий стол\meteostat_bulk_downloader_pack\meteostat_arctic_20_daily_monthly\daily\1992\21931.csv.gz
21931,daily,1993,https://data.meteostat.net/daily/1993/21931.csv.gz,C:\Users\LL1urace\OneDrive\Рабочий стол\meteostat_bulk_downloader_pack\meteostat_arctic_20_daily_monthly\daily\1993\21931.csv.gz
21931,daily,1994,https://data.meteostat.net/daily/1994/21931.csv.gz,C:\Users\LL1urace\OneDrive\Рабочий стол\meteostat_bulk_downloader_pack\meteostat_arctic_20_daily_monthly\daily\1994\21931.csv.gz
21931,daily,1995,https://data.meteostat.net/daily/1995/21931.csv.gz,C:\Users\LL1urace\OneDrive\Рабочий стол\meteostat_bulk_downloader_pack\meteostat_arctic_20_daily_monthly\daily\1995\21931.csv.gz
21931,daily,1996,https://data.meteostat.net/daily/1996/21931.csv.gz,C:\Users\LL1urace\OneDrive\Рабочий стол\meteostat_bulk_downloader_pack\meteostat_arctic_20_daily_monthly\daily\1996\21931.csv.gz
21931,daily,1997,https://data.meteostat.net/daily/1997/21931.csv.gz,C:\Users\LL1urace\OneDrive\Рабочий стол\meteostat_bulk_downloader_pack\meteostat_arctic_20_daily_monthly\daily\1997\21931.csv.gz
21931,daily,1998,https://data.meteostat.net/daily/1998/21931.csv.gz,C:\Users\LL1urace\OneDrive\Рабочий стол\meteostat_bulk_downloader_pack\meteostat_arctic_20_daily_monthly\daily\1998\21931.csv.gz
21931,daily,1999,https://data.meteostat.net/daily/1999/21931.csv.gz,C:\Users\LL1urace\OneDrive\Рабочий стол\meteostat_bulk_downloader_pack\meteostat_arctic_20_daily_monthly\daily\1999\21931.csv.gz
21931,daily,2000,https://data.meteostat.net/daily/2000/21931.csv.gz,C:\Users\LL1urace\OneDrive\Рабочий стол\meteostat_bulk_downloader_pack\meteostat_arctic_20_daily_monthly\daily\2000\21931.csv.gz
21931,daily,2001,https://data.meteostat.net/daily/2001/21931.csv.gz,C:\Users\LL1urace\OneDrive\Рабочий стол\meteostat_bulk_downloader_pack\meteostat_arctic_20_daily_monthly\daily\2001\21931.csv.gz
21931,daily,2002,https://data.meteostat.net/daily/2002/21931.csv.gz,C:\Users\LL1urace\OneDrive\Рабочий стол\meteostat_bulk_downloader_pack\meteostat_arctic_20_daily_monthly\daily\2002\21931.csv.gz
21931,daily,2003,https://data.meteostat.net/daily/2003/21931.csv.gz,C:\Users\LL1urace\OneDrive\Рабочий стол\meteostat_bulk_downloader_pack\meteostat_arctic_20_daily_monthly\daily\2003\21931.csv.gz
21931,daily,2004,https://data.meteostat.net/daily/2004/21931.csv.gz,C:\Users\LL1urace\OneDrive\Рабочий стол\meteostat_bulk_downloader_pack\meteostat_arctic_20_daily_monthly\daily\2004\21931.csv.gz
21931,daily,2005,https://data.meteostat.net/daily/2005/21931.csv.gz,C:\Users\LL1urace\OneDrive\Рабочий стол\meteostat_bulk_downloader_pack\meteostat_arctic_20_daily_monthly\daily\2005\21931.csv.gz
21931,daily,2006,https://data.meteostat.net/daily/2006/21931.csv.gz,C:\Users\LL1urace\OneDrive\Рабочий стол\meteostat_bulk_downloader_pack\meteostat_arctic_20_daily_monthly\daily\2006\21931.csv.gz
21931,daily,2007,https://data.meteostat.net/daily/2007/21931.csv.gz,C:\Users\LL1urace\OneDrive\Рабочий стол\meteostat_bulk_downloader_pack\meteostat_arctic_20_daily_monthly\daily\2007\21931.csv.gz
21931,daily,2008,https://data.meteostat.net/daily/2008/21931.csv.gz,C:\Users\LL1urace\OneDrive\Рабочий стол\meteostat_bulk_downloader_pack\meteostat_arctic_20_daily_monthly\daily\2008\21931.csv.gz
21931,daily,2009,https://data.meteostat.net/daily/2009/21931.csv.gz,C:\Users\LL1urace\OneDrive\Рабочий стол\meteostat_bulk_downloader_pack\meteostat_arctic_20_daily_monthly\daily\2009\21931.csv.gz
21931,daily,2010,https://data.meteostat.net/daily/2010/21931.csv.gz,C:\Users\LL1urace\OneDrive\Рабочий стол\meteostat_bulk_downloader_pack\meteostat_arctic_20_daily_monthly\daily\2010\21931.csv.gz
21931,daily,2011,https://data.meteostat.net/daily/2011/21931.csv.gz,C:\Users\LL1urace\OneDrive\Рабочий стол\meteostat_bulk_downloader_pack\meteostat_arctic_20_daily_monthly\daily\2011\21931.csv.gz
21931,daily,2012,https://data.meteostat.net/daily/2012/21931.csv.gz,C:\Users\LL1urace\OneDrive\Рабочий стол\meteostat_bulk_downloader_pack\meteostat_arctic_20_daily_monthly\daily\2012\21931.csv.gz
21931,daily,2013,https://data.meteostat.net/daily/2013/21931.csv.gz,C:\Users\LL1urace\OneDrive\Рабочий стол\meteostat_bulk_downloader_pack\meteostat_arctic_20_daily_monthly\daily\2013\21931.csv.gz
21931,daily,2014,https://data.meteostat.net/daily/2014/21931.csv.gz,C:\Users\LL1urace\OneDrive\Рабочий стол\meteostat_bulk_downloader_pack\meteostat_arctic_20_daily_monthly\daily\2014\21931.csv.gz
21931,daily,2015,https://data.meteostat.net/daily/2015/21931.csv.gz,C:\Users\LL1urace\OneDrive\Рабочий стол\meteostat_bulk_downloader_pack\meteostat_arctic_20_daily_monthly\daily\2015\21931.csv.gz
21931,daily,2016,https://data.meteostat.net/daily/2016/21931.csv.gz,C:\Users\LL1urace\OneDrive\Рабочий стол\meteostat_bulk_downloader_pack\meteostat_arctic_20_daily_monthly\daily\2016\21931.csv.gz
21931,daily,2017,https://data.meteostat.net/daily/2017/21931.csv.gz,C:\Users\LL1urace\OneDrive\Рабочий стол\meteostat_bulk_downloader_pack\meteostat_arctic_20_daily_monthly\daily\2017\21931.csv.gz
21931,daily,2018,https://data.meteostat.net/daily/2018/21931.csv.gz,C:\Users\LL1urace\OneDrive\Рабочий стол\meteostat_bulk_downloader_pack\meteostat_arctic_20_daily_monthly\daily\2018\21931.csv.gz
21931,daily,2019,https://data.meteostat.net/daily/2019/21931.csv.gz,C:\Users\LL1urace\OneDrive\Рабочий стол\meteostat_bulk_downloader_pack\meteostat_arctic_20_daily_monthly\daily\2019\21931.csv.gz
21931,daily,2020,https://data.meteostat.net/daily/2020/21931.csv.gz,C:\Users\LL1urace\OneDrive\Рабочий стол\meteostat_bulk_downloader_pack\meteostat_arctic_20_daily_monthly\daily\2020\21931.csv.gz
21931,daily,2021,https://data.meteostat.net/daily/2021/21931.csv.gz,C:\Users\LL1urace\OneDrive\Рабочий стол\meteostat_bulk_downloader_pack\meteostat_arctic_20_daily_monthly\daily\2021\21931.csv.gz
21931,daily,2022,https://data.meteostat.net/daily/2022/21931.csv.gz,C:\Users\LL1urace\OneDrive\Рабочий стол\meteostat_bulk_downloader_pack\meteostat_arctic_20_daily_monthly\daily\2022\21931.csv.gz
21931,daily,2023,https://data.meteostat.net/daily/2023/21931.csv.gz,C:\Users\LL1urace\OneDrive\Рабочий стол\meteostat_bulk_downloader_pack\meteostat_arctic_20_daily_monthly\daily\2023\21931.csv.gz
21931,daily,2024,https://data.meteostat.net/daily/2024/21931.csv.gz,C:\Users\LL1urace\OneDrive\Рабочий стол\meteostat_bulk_downloader_pack\meteostat_arctic_20_daily_monthly\daily\2024\21931.csv.gz
21931,daily,2025,https://data.meteostat.net/daily/2025/21931.csv.gz,C:\Users\LL1urace\OneDrive\Рабочий стол\meteostat_bulk_downloader_pack\meteostat_arctic_20_daily_monthly\daily\2025\21931.csv.gz
21931,daily,2026,https://data.meteostat.net/daily/2026/21931.csv.gz,C:\Users\LL1urace\OneDrive\Рабочий стол\meteostat_bulk_downloader_pack\meteostat_arctic_20_daily_monthly\daily\2026\21931.csv.gz
21432,monthly,,https://data.meteostat.net/monthly/21432.csv.gz,C:\Users\LL1urace\OneDrive\Рабочий стол\meteostat_bulk_downloader_pack\meteostat_arctic_20_daily_monthly\monthly\21432.csv.gz
21432,daily,1900,https://data.meteostat.net/daily/1900/21432.csv.gz,C:\Users\LL1urace\OneDrive\Рабочий стол\meteostat_bulk_downloader_pack\meteostat_arctic_20_daily_monthly\daily\1900\21432.csv.gz
21432,daily,1901,https://data.meteostat.net/daily/1901/21432.csv.gz,C:\Users\LL1urace\OneDrive\Рабочий стол\meteostat_bulk_downloader_pack\meteostat_arctic_20_daily_monthly\daily\1901\21432.csv.gz
21432,daily,1902,https://data.meteostat.net/daily/1902/21432.csv.gz,C:\Users\LL1urace\OneDrive\Рабочий стол\meteostat_bulk_downloader_pack\meteostat_arctic_20_daily_monthly\daily\1902\21432.csv.gz
21432,daily,1903,https://data.meteostat.net/daily/1903/21432.csv.gz,C:\Users\LL1urace\OneDrive\Рабочий стол\meteostat_bulk_downloader_pack\meteostat_arctic_20_daily_monthly\daily\1903\21432.csv.gz
21432,daily,1904,https://data.meteostat.net/daily/1904/21432.csv.gz,C:\Users\LL1urace\OneDrive\Рабочий стол\meteostat_bulk_downloader_pack\meteostat_arctic_20_daily_monthly\daily\1904\21432.csv.gz
21432,daily,1905,https://data.meteostat.net/daily/1905/21432.csv.gz,C:\Users\LL1urace\OneDrive\Рабочий стол\meteostat_bulk_downloader_pack\meteostat_arctic_20_daily_monthly\daily\1905\21432.csv.gz
21432,daily,1906,https://data.meteostat.net/daily/1906/21432.csv.gz,C:\Users\LL1urace\OneDrive\Рабочий стол\meteostat_bulk_downloader_pack\meteostat_arctic_20_daily_monthly\daily\1906\21432.csv.gz
21432,daily,1907,https://data.meteostat.net/daily/1907/21432.csv.gz,C:\Users\LL1urace\OneDrive\Рабочий стол\meteostat_bulk_downloader_pack\meteostat_arctic_20_daily_monthly\daily\1907\21432.csv.gz
21432,daily,1908,https://data.meteostat.net/daily/1908/21432.csv.gz,C:\Users\LL1urace\OneDrive\Рабочий стол\meteostat_bulk_downloader_pack\meteostat_arctic_20_daily_monthly\daily\1908\21432.csv.gz
21432,daily,1909,https://data.meteostat.net/daily/1909/21432.csv.gz,C:\Users\LL1urace\OneDrive\Рабочий стол\meteostat_bulk_downloader_pack\meteostat_arctic_20_daily_monthly\daily\1909\21432.csv.gz
21432,daily,1910,https://data.meteostat.net/daily/1910/21432.csv.gz,C:\Users\LL1urace\OneDrive\Рабочий стол\meteostat_bulk_downloader_pack\meteostat_arctic_20_daily_monthly\daily\1910\21432.csv.gz
21432,daily,1911,https://data.meteostat.net/daily/1911/21432.csv.gz,C:\Users\LL1urace\OneDrive\Рабочий стол\meteostat_bulk_downloader_pack\meteostat_arctic_20_daily_monthly\daily\1911\21432.csv.gz
21432,daily,1912,https://data.meteostat.net/daily/1912/21432.csv.gz,C:\Users\LL1urace\OneDrive\Рабочий стол\meteostat_bulk_downloader_pack\meteostat_arctic_20_daily_monthly\daily\1912\21432.csv.gz
21432,daily,1913,https://data.meteostat.net/daily/1913/21432.csv.gz,C:\Users\LL1urace\OneDrive\Рабочий стол\meteostat_bulk_downloader_pack\meteostat_arctic_20_daily_monthly\daily\1913\21432.csv.gz
21432,daily,1914,https://data.meteostat.net/daily/1914/21432.csv.gz,C:\Users\LL1urace\OneDrive\Рабочий стол\meteostat_bulk_downloader_pack\meteostat_arctic_20_daily_monthly\daily\1914\21432.csv.gz
21432,daily,1915,https://data.meteostat.net/daily/1915/21432.csv.gz,C:\Users\LL1urace\OneDrive\Рабочий стол\meteostat_bulk_downloader_pack\meteostat_arctic_20_daily_monthly\daily\1915\21432.csv.gz
21432,daily,1916,https://data.meteostat.net/daily/1916/21432.csv.gz,C:\Users\LL1urace\OneDrive\Рабочий стол\meteostat_bulk_downloader_pack\meteostat_arctic_20_daily_monthly\daily\1916\21432.csv.gz
21432,daily,1917,https://data.meteostat.net/daily/1917/21432.csv.gz,C:\Users\LL1urace\OneDrive\Рабочий стол\meteostat_bulk_downloader_pack\meteostat_arctic_20_daily_monthly\daily\1917\21432.csv.gz
21432,daily,1918,https://data.meteostat.net/daily/1918/21432.csv.gz,C:\Users\LL1urace\OneDrive\Рабочий стол\meteostat_bulk_downloader_pack\meteostat_arctic_20_daily_monthly\daily\1918\21432.csv.gz
21432,daily,1919,https://data.meteostat.net/daily/1919/21432.csv.gz,C:\Users\LL1urace\OneDrive\Рабочий стол\meteostat_bulk_downloader_pack\meteostat_arctic_20_daily_monthly\daily\1919\21432.csv.gz
21432,daily,1920,https://data.meteostat.net/daily/1920/21432.csv.gz,C:\Users\LL1urace\OneDrive\Рабочий стол\meteostat_bulk_downloader_pack\meteostat_arctic_20_daily_monthly\daily\1920\21432.csv.gz
21432,daily,1921,https://data.meteostat.net/daily/1921/21432.csv.gz,C:\Users\LL1urace\OneDrive\Рабочий стол\meteostat_bulk_downloader_pack\meteostat_arctic_20_daily_monthly\daily\1921\21432.csv.gz
21432,daily,1922,https://data.meteostat.net/daily/1922/21432.csv.gz,C:\Users\LL1urace\OneDrive\Рабочий стол\meteostat_bulk_downloader_pack\meteostat_arctic_20_daily_monthly\daily\1922\21432.csv.gz
21432,daily,1923,https://data.meteostat.net/daily/1923/21432.csv.gz,C:\Users\LL1urace\OneDrive\Рабочий стол\meteostat_bulk_downloader_pack\meteostat_arctic_20_daily_monthly\daily\1923\21432.csv.gz
21432,daily,1924,https://data.meteostat.net/daily/1924/21432.csv.gz,C:\Users\LL1urace\OneDrive\Рабочий стол\meteostat_bulk_downloader_pack\meteostat_arctic_20_daily_monthly\daily\1924\21432.csv.gz
21432,daily,1925,https://data.meteostat.net/daily/1925/21432.csv.gz,C:\Users\LL1urace\OneDrive\Рабочий стол\meteostat_bulk_downloader_pack\meteostat_arctic_20_daily_monthly\daily\1925\21432.csv.gz
21432,daily,1926,https://data.meteostat.net/daily/1926/21432.csv.gz,C:\Users\LL1urace\OneDrive\Рабочий стол\meteostat_bulk_downloader_pack\meteostat_arctic_20_daily_monthly\daily\1926\21432.csv.gz
21432,daily,1927,https://data.meteostat.net/daily/1927/21432.csv.gz,C:\Users\LL1urace\OneDrive\Рабочий стол\meteostat_bulk_downloader_pack\meteostat_arctic_20_daily_monthly\daily\1927\21432.csv.gz
21432,daily,1928,https://data.meteostat.net/daily/1928/21432.csv.gz,C:\Users\LL1urace\OneDrive\Рабочий стол\meteostat_bulk_downloader_pack\meteostat_arctic_20_daily_monthly\daily\1928\21432.csv.gz
21432,daily,1929,https://data.meteostat.net/daily/1929/21432.csv.gz,C:\Users\LL1urace\OneDrive\Рабочий стол\meteostat_bulk_downloader_pack\meteostat_arctic_20_daily_monthly\daily\1929\21432.csv.gz
21432,daily,1930,https://data.meteostat.net/daily/1930/21432.csv.gz,C:\Users\LL1urace\OneDrive\Рабочий стол\meteostat_bulk_downloader_pack\meteostat_arctic_20_daily_monthly\daily\1930\21432.csv.gz
21432,daily,1931,https://data.meteostat.net/daily/1931/21432.csv.gz,C:\Users\LL1urace\OneDrive\Рабочий стол\meteostat_bulk_downloader_pack\meteostat_arctic_20_daily_monthly\daily\1931\21432.csv.gz
21432,daily,1932,https://data.meteostat.net/daily/1932/21432.csv.gz,C:\Users\LL1urace\OneDrive\Рабочий стол\meteostat_bulk_downloader_pack\meteostat_arctic_20_daily_monthly\daily\1932\21432.csv.gz
21432,daily,1933,https://data.meteostat.net/daily/1933/21432.csv.gz,C:\Users\LL1urace\OneDrive\Рабочий стол\meteostat_bulk_downloader_pack\meteostat_arctic_20_daily_monthly\daily\1933\21432.csv.gz
21432,daily,1934,https://data.meteostat.net/daily/1934/21432.csv.gz,C:\Users\LL1urace\OneDrive\Рабочий стол\meteostat_bulk_downloader_pack\meteostat_arctic_20_daily_monthly\daily\1934\21432.csv.gz
21432,daily,1935,https://data.meteostat.net/daily/1935/21432.csv.gz,C:\Users\LL1urace\OneDrive\Рабочий стол\meteostat_bulk_downloader_pack\meteostat_arctic_20_daily_monthly\daily\1935\21432.csv.gz
21432,daily,1936,https://data.meteostat.net/daily/1936/21432.csv.gz,C:\Users\LL1urace\OneDrive\Рабочий стол\meteostat_bulk_downloader_pack\meteostat_arctic_20_daily_monthly\daily\1936\21432.csv.gz
21432,daily,1937,https://data.meteostat.net/daily/1937/21432.csv.gz,C:\Users\LL1urace\OneDrive\Рабочий стол\meteostat_bulk_downloader_pack\meteostat_arctic_20_daily_monthly\daily\1937\21432.csv.gz
21432,daily,1938,https://data.meteostat.net/daily/1938/21432.csv.gz,C:\Users\LL1urace\OneDrive\Рабочий стол\meteostat_bulk_downloader_pack\meteostat_arctic_20_daily_monthly\daily\1938\21432.csv.gz
21432,daily,1939,https://data.meteostat.net/daily/1939/21432.csv.gz,C:\Users\LL1urace\OneDrive\Рабочий стол\meteostat_bulk_downloader_pack\meteostat_arctic_20_daily_monthly\daily\1939\21432.csv.gz
21432,daily,1940,https://data.meteostat.net/daily/1940/21432.csv.gz,C:\Users\LL1urace\OneDrive\Рабочий стол\meteostat_bulk_downloader_pack\meteostat_arctic_20_daily_monthly\daily\1940\21432.csv.gz
21432,daily,1941,https://data.meteostat.net/daily/1941/21432.csv.gz,C:\Users\LL1urace\OneDrive\Рабочий стол\meteostat_bulk_downloader_pack\meteostat_arctic_20_daily_monthly\daily\1941\21432.csv.gz
21432,daily,1942,https://data.meteostat.net/daily/1942/21432.csv.gz,C:\Users\LL1urace\OneDrive\Рабочий стол\meteostat_bulk_downloader_pack\meteostat_arctic_20_daily_monthly\daily\1942\21432.csv.gz
21432,daily,1943,https://data.meteostat.net/daily/1943/21432.csv.gz,C:\Users\LL1urace\OneDrive\Рабочий стол\meteostat_bulk_downloader_pack\meteostat_arctic_20_daily_monthly\daily\1943\21432.csv.gz
21432,daily,1944,https://data.meteostat.net/daily/1944/21432.csv.gz,C:\Users\LL1urace\OneDrive\Рабочий стол\meteostat_bulk_downloader_pack\meteostat_arctic_20_daily_monthly\daily\1944\21432.csv.gz
21432,daily,1945,https://data.meteostat.net/daily/1945/21432.csv.gz,C:\Users\LL1urace\OneDrive\Рабочий стол\meteostat_bulk_downloader_pack\meteostat_arctic_20_daily_monthly\daily\1945\21432.csv.gz
21432,daily,1946,https://data.meteostat.net/daily/1946/21432.csv.gz,C:\Users\LL1urace\OneDrive\Рабочий стол\meteostat_bulk_downloader_pack\meteostat_arctic_20_daily_monthly\daily\1946\21432.csv.gz
21432,daily,1947,https://data.meteostat.net/daily/1947/21432.csv.gz,C:\Users\LL1urace\OneDrive\Рабочий стол\meteostat_bulk_downloader_pack\meteostat_arctic_20_daily_monthly\daily\1947\21432.csv.gz
21432,daily,1948,https://data.meteostat.net/daily/1948/21432.csv.gz,C:\Users\LL1urace\OneDrive\Рабочий стол\meteostat_bulk_downloader_pack\meteostat_arctic_20_daily_monthly\daily\1948\21432.csv.gz
21432,daily,1949,https://data.meteostat.net/daily/1949/21432.csv.gz,C:\Users\LL1urace\OneDrive\Рабочий стол\meteostat_bulk_downloader_pack\meteostat_arctic_20_daily_monthly\daily\1949\21432.csv.gz
21432,daily,1950,https://data.meteostat.net/daily/1950/21432.csv.gz,C:\Users\LL1urace\OneDrive\Рабочий стол\meteostat_bulk_downloader_pack\meteostat_arctic_20_daily_monthly\daily\1950\21432.csv.gz
21432,daily,1951,https://data.meteostat.net/daily/1951/21432.csv.gz,C:\Users\LL1urace\OneDrive\Рабочий стол\meteostat_bulk_downloader_pack\meteostat_arctic_20_daily_monthly\daily\1951\21432.csv.gz
21432,daily,1952,https://data.meteostat.net/daily/1952/21432.csv.gz,C:\Users\LL1urace\OneDrive\Рабочий стол\meteostat_bulk_downloader_pack\meteostat_arctic_20_daily_monthly\daily\1952\21432.csv.gz
21432,daily,1953,https://data.meteostat.net/daily/1953/21432.csv.gz,C:\Users\LL1urace\OneDrive\Рабочий стол\meteostat_bulk_downloader_pack\meteostat_arctic_20_daily_monthly\daily\1953\21432.csv.gz
21432,daily,1954,https://data.meteostat.net/daily/1954/21432.csv.gz,C:\Users\LL1urace\OneDrive\Рабочий стол\meteostat_bulk_downloader_pack\meteostat_arctic_20_daily_monthly\daily\1954\21432.csv.gz
21432,daily,1955,https://data.meteostat.net/daily/1955/21432.csv.gz,C:\Users\LL1urace\OneDrive\Рабочий стол\meteostat_bulk_downloader_pack\meteostat_arctic_20_daily_monthly\daily\1955\21432.csv.gz
21432,daily,1956,https://data.meteostat.net/daily/1956/21432.csv.gz,C:\Users\LL1urace\OneDrive\Рабочий стол\meteostat_bulk_downloader_pack\meteostat_arctic_20_daily_monthly\daily\1956\21432.csv.gz
21432,daily,1957,https://data.meteostat.net/daily/1957/21432.csv.gz,C:\Users\LL1urace\OneDrive\Рабочий стол\meteostat_bulk_downloader_pack\meteostat_arctic_20_daily_monthly\daily\1957\21432.csv.gz
21432,daily,1958,https://data.meteostat.net/daily/1958/21432.csv.gz,C:\Users\LL1urace\OneDrive\Рабочий стол\meteostat_bulk_downloader_pack\meteostat_arctic_20_daily_monthly\daily\1958\21432.csv.gz
21432,daily,1959,https://data.meteostat.net/daily/1959/21432.csv.gz,C:\Users\LL1urace\OneDrive\Рабочий стол\meteostat_bulk_downloader_pack\meteostat_arctic_20_daily_monthly\daily\1959\21432.csv.gz
21432,daily,1960,https://data.meteostat.net/daily/1960/21432.csv.gz,C:\Users\LL1urace\OneDrive\Рабочий стол\meteostat_bulk_downloader_pack\meteostat_arctic_20_daily_monthly\daily\1960\21432.csv.gz
21432,daily,1961,https://data.meteostat.net/daily/1961/21432.csv.gz,C:\Users\LL1urace\OneDrive\Рабочий стол\meteostat_bulk_downloader_pack\meteostat_arctic_20_daily_monthly\daily\1961\21432.csv.gz
21432,daily,1962,https://data.meteostat.net/daily/1962/21432.csv.gz,C:\Users\LL1urace\OneDrive\Рабочий стол\meteostat_bulk_downloader_pack\meteostat_arctic_20_daily_monthly\daily\1962\21432.csv.gz
21432,daily,1963,https://data.meteostat.net/daily/1963/21432.csv.gz,C:\Users\LL1urace\OneDrive\Рабочий стол\meteostat_bulk_downloader_pack\meteostat_arctic_20_daily_monthly\daily\1963\21432.csv.gz
21432,daily,1964,https://data.meteostat.net/daily/1964/21432.csv.gz,C:\Users\LL1urace\OneDrive\Рабочий стол\meteostat_bulk_downloader_pack\meteostat_arctic_20_daily_monthly\daily\1964\21432.csv.gz
21432,daily,1965,https://data.meteostat.net/daily/1965/21432.csv.gz,C:\Users\LL1urace\OneDrive\Рабочий стол\meteostat_bulk_downloader_pack\meteostat_arctic_20_daily_monthly\daily\1965\21432.csv.gz
21432,daily,1966,https://data.meteostat.net/daily/1966/21432.csv.gz,C:\Users\LL1urace\OneDrive\Рабочий стол\meteostat_bulk_downloader_pack\meteostat_arctic_20_daily_monthly\daily\1966\21432.csv.gz
21432,daily,1967,https://data.meteostat.net/daily/1967/21432.csv.gz,C:\Users\LL1urace\OneDrive\Рабочий стол\meteostat_bulk_downloader_pack\meteostat_arctic_20_daily_monthly\daily\1967\21432.csv.gz
21432,daily,1968,https://data.meteostat.net/daily/1968/21432.csv.gz,C:\Users\LL1urace\OneDrive\Рабочий стол\meteostat_bulk_downloader_pack\meteostat_arctic_20_daily_monthly\daily\1968\21432.csv.gz
21432,daily,1969,https://data.meteostat.net/daily/1969/21432.csv.gz,C:\Users\LL1urace\OneDrive\Рабочий стол\meteostat_bulk_downloader_pack\meteostat_arctic_20_daily_monthly\daily\1969\21432.csv.gz
21432,daily,1970,https://data.meteostat.net/daily/1970/21432.csv.gz,C:\Users\LL1urace\OneDrive\Рабочий стол\meteostat_bulk_downloader_pack\meteostat_arctic_20_daily_monthly\daily\1970\21432.csv.gz
21432,daily,1971,https://data.meteostat.net/daily/1971/21432.csv.gz,C:\Users\LL1urace\OneDrive\Рабочий стол\meteostat_bulk_downloader_pack\meteostat_arctic_20_daily_monthly\daily\1971\21432.csv.gz
21432,daily,1972,https://data.meteostat.net/daily/1972/21432.csv.gz,C:\Users\LL1urace\OneDrive\Рабочий стол\meteostat_bulk_downloader_pack\meteostat_arctic_20_daily_monthly\daily\1972\21432.csv.gz
21432,daily,1973,https://data.meteostat.net/daily/1973/21432.csv.gz,C:\Users\LL1urace\OneDrive\Рабочий стол\meteostat_bulk_downloader_pack\meteostat_arctic_20_daily_monthly\daily\1973\21432.csv.gz
21432,daily,1974,https://data.meteostat.net/daily/1974/21432.csv.gz,C:\Users\LL1urace\OneDrive\Рабочий стол\meteostat_bulk_downloader_pack\meteostat_arctic_20_daily_monthly\daily\1974\21432.csv.gz
21432,daily,1975,https://data.meteostat.net/daily/1975/21432.csv.gz,C:\Users\LL1urace\OneDrive\Рабочий стол\meteostat_bulk_downloader_pack\meteostat_arctic_20_daily_monthly\daily\1975\21432.csv.gz
21432,daily,1976,https://data.meteostat.net/daily/1976/21432.csv.gz,C:\Users\LL1urace\OneDrive\Рабочий стол\meteostat_bulk_downloader_pack\meteostat_arctic_20_daily_monthly\daily\1976\21432.csv.gz
21432,daily,1977,https://data.meteostat.net/daily/1977/21432.csv.gz,C:\Users\LL1urace\OneDrive\Рабочий стол\meteostat_bulk_downloader_pack\meteostat_arctic_20_daily_monthly\daily\1977\21432.csv.gz
21432,daily,1978,https://data.meteostat.net/daily/1978/21432.csv.gz,C:\Users\LL1urace\OneDrive\Рабочий стол\meteostat_bulk_downloader_pack\meteostat_arctic_20_daily_monthly\daily\1978\21432.csv.gz
21432,daily,1979,https://data.meteostat.net/daily/1979/21432.csv.gz,C:\Users\LL1urace\OneDrive\Рабочий стол\meteostat_bulk_downloader_pack\meteostat_arctic_20_daily_monthly\daily\1979\21432.csv.gz
21432,daily,1980,https://data.meteostat.net/daily/1980/21432.csv.gz,C:\Users\LL1urace\OneDrive\Рабочий стол\meteostat_bulk_downloader_pack\meteostat_arctic_20_daily_monthly\daily\1980\21432.csv.gz
21432,daily,1981,https://data.meteostat.net/daily/1981/21432.csv.gz,C:\Users\LL1urace\OneDrive\Рабочий стол\meteostat_bulk_downloader_pack\meteostat_arctic_20_daily_monthly\daily\1981\21432.csv.gz
21432,daily,1982,https://data.meteostat.net/daily/1982/21432.csv.gz,C:\Users\LL1urace\OneDrive\Рабочий стол\meteostat_bulk_downloader_pack\meteostat_arctic_20_daily_monthly\daily\1982\21432.csv.gz
21432,daily,1983,https://data.meteostat.net/daily/1983/21432.csv.gz,C:\Users\LL1urace\OneDrive\Рабочий стол\meteostat_bulk_downloader_pack\meteostat_arctic_20_daily_monthly\daily\1983\21432.csv.gz
21432,daily,1984,https://data.meteostat.net/daily/1984/21432.csv.gz,C:\Users\LL1urace\OneDrive\Рабочий стол\meteostat_bulk_downloader_pack\meteostat_arctic_20_daily_monthly\daily\1984\21432.csv.gz
21432,daily,1985,https://data.meteostat.net/daily/1985/21432.csv.gz,C:\Users\LL1urace\OneDrive\Рабочий стол\meteostat_bulk_downloader_pack\meteostat_arctic_20_daily_monthly\daily\1985\21432.csv.gz
21432,daily,1986,https://data.meteostat.net/daily/1986/21432.csv.gz,C:\Users\LL1urace\OneDrive\Рабочий стол\meteostat_bulk_downloader_pack\meteostat_arctic_20_daily_monthly\daily\1986\21432.csv.gz
21432,daily,1987,https://data.meteostat.net/daily/1987/21432.csv.gz,C:\Users\LL1urace\OneDrive\Рабочий стол\meteostat_bulk_downloader_pack\meteostat_arctic_20_daily_monthly\daily\1987\21432.csv.gz
21432,daily,1988,https://data.meteostat.net/daily/1988/21432.csv.gz,C:\Users\LL1urace\OneDrive\Рабочий стол\meteostat_bulk_downloader_pack\meteostat_arctic_20_daily_monthly\daily\1988\21432.csv.gz
21432,daily,1989,https://data.meteostat.net/daily/1989/21432.csv.gz,C:\Users\LL1urace\OneDrive\Рабочий стол\meteostat_bulk_downloader_pack\meteostat_arctic_20_daily_monthly\daily\1989\21432.csv.gz
21432,daily,1990,https://data.meteostat.net/daily/1990/21432.csv.gz,C:\Users\LL1urace\OneDrive\Рабочий стол\meteostat_bulk_downloader_pack\meteostat_arctic_20_daily_monthly\daily\1990\21432.csv.gz
21432,daily,1991,https://data.meteostat.net/daily/1991/21432.csv.gz,C:\Users\LL1urace\OneDrive\Рабочий стол\meteostat_bulk_downloader_pack\meteostat_arctic_20_daily_monthly\daily\1991\21432.csv.gz
21432,daily,1992,https://data.meteostat.net/daily/1992/21432.csv.gz,C:\Users\LL1urace\OneDrive\Рабочий стол\meteostat_bulk_downloader_pack\meteostat_arctic_20_daily_monthly\daily\1992\21432.csv.gz
21432,daily,1993,https://data.meteostat.net/daily/1993/21432.csv.gz,C:\Users\LL1urace\OneDrive\Рабочий стол\meteostat_bulk_downloader_pack\meteostat_arctic_20_daily_monthly\daily\1993\21432.csv.gz
21432,daily,1994,https://data.meteostat.net/daily/1994/21432.csv.gz,C:\Users\LL1urace\OneDrive\Рабочий стол\meteostat_bulk_downloader_pack\meteostat_arctic_20_daily_monthly\daily\1994\21432.csv.gz
21432,daily,1995,https://data.meteostat.net/daily/1995/21432.csv.gz,C:\Users\LL1urace\OneDrive\Рабочий стол\meteostat_bulk_downloader_pack\meteostat_arctic_20_daily_monthly\daily\1995\21432.csv.gz
21432,daily,1996,https://data.meteostat.net/daily/1996/21432.csv.gz,C:\Users\LL1urace\OneDrive\Рабочий стол\meteostat_bulk_downloader_pack\meteostat_arctic_20_daily_monthly\daily\1996\21432.csv.gz
21432,daily,1997,https://data.meteostat.net/daily/1997/21432.csv.gz,C:\Users\LL1urace\OneDrive\Рабочий стол\meteostat_bulk_downloader_pack\meteostat_arctic_20_daily_monthly\daily\1997\21432.csv.gz
21432,daily,1998,https://data.meteostat.net/daily/1998/21432.csv.gz,C:\Users\LL1urace\OneDrive\Рабочий стол\meteostat_bulk_downloader_pack\meteostat_arctic_20_daily_monthly\daily\1998\21432.csv.gz
21432,daily,1999,https://data.meteostat.net/daily/1999/21432.csv.gz,C:\Users\LL1urace\OneDrive\Рабочий стол\meteostat_bulk_downloader_pack\meteostat_arctic_20_daily_monthly\daily\1999\21432.csv.gz
21432,daily,2000,https://data.meteostat.net/daily/2000/21432.csv.gz,C:\Users\LL1urace\OneDrive\Рабочий стол\meteostat_bulk_downloader_pack\meteostat_arctic_20_daily_monthly\daily\2000\21432.csv.gz
21432,daily,2001,https://data.meteostat.net/daily/2001/21432.csv.gz,C:\Users\LL1urace\OneDrive\Рабочий стол\meteostat_bulk_downloader_pack\meteostat_arctic_20_daily_monthly\daily\2001\21432.csv.gz
21432,daily,2002,https://data.meteostat.net/daily/2002/21432.csv.gz,C:\Users\LL1urace\OneDrive\Рабочий стол\meteostat_bulk_downloader_pack\meteostat_arctic_20_daily_monthly\daily\2002\21432.csv.gz
21432,daily,2003,https://data.meteostat.net/daily/2003/21432.csv.gz,C:\Users\LL1urace\OneDrive\Рабочий стол\meteostat_bulk_downloader_pack\meteostat_arctic_20_daily_monthly\daily\2003\21432.csv.gz
21432,daily,2004,https://data.meteostat.net/daily/2004/21432.csv.gz,C:\Users\LL1urace\OneDrive\Рабочий стол\meteostat_bulk_downloader_pack\meteostat_arctic_20_daily_monthly\daily\2004\21432.csv.gz
21432,daily,2005,https://data.meteostat.net/daily/2005/21432.csv.gz,C:\Users\LL1urace\OneDrive\Рабочий стол\meteostat_bulk_downloader_pack\meteostat_arctic_20_daily_monthly\daily\2005\21432.csv.gz
21432,daily,2006,https://data.meteostat.net/daily/2006/21432.csv.gz,C:\Users\LL1urace\OneDrive\Рабочий стол\meteostat_bulk_downloader_pack\meteostat_arctic_20_daily_monthly\daily\2006\21432.csv.gz
21432,daily,2007,https://data.meteostat.net/daily/2007/21432.csv.gz,C:\Users\LL1urace\OneDrive\Рабочий стол\meteostat_bulk_downloader_pack\meteostat_arctic_20_daily_monthly\daily\2007\21432.csv.gz
21432,daily,2008,https://data.meteostat.net/daily/2008/21432.csv.gz,C:\Users\LL1urace\OneDrive\Рабочий стол\meteostat_bulk_downloader_pack\meteostat_arctic_20_daily_monthly\daily\2008\21432.csv.gz
21432,daily,2009,https://data.meteostat.net/daily/2009/21432.csv.gz,C:\Users\LL1urace\OneDrive\Рабочий стол\meteostat_bulk_downloader_pack\meteostat_arctic_20_daily_monthly\daily\2009\21432.csv.gz
21432,daily,2010,https://data.meteostat.net/daily/2010/21432.csv.gz,C:\Users\LL1urace\OneDrive\Рабочий стол\meteostat_bulk_downloader_pack\meteostat_arctic_20_daily_monthly\daily\2010\21432.csv.gz
21432,daily,2011,https://data.meteostat.net/daily/2011/21432.csv.gz,C:\Users\LL1urace\OneDrive\Рабочий стол\meteostat_bulk_downloader_pack\meteostat_arctic_20_daily_monthly\daily\2011\21432.csv.gz
21432,daily,2012,https://data.meteostat.net/daily/2012/21432.csv.gz,C:\Users\LL1urace\OneDrive\Рабочий стол\meteostat_bulk_downloader_pack\meteostat_arctic_20_daily_monthly\daily\2012\21432.csv.gz
21432,daily,2013,https://data.meteostat.net/daily/2013/21432.csv.gz,C:\Users\LL1urace\OneDrive\Рабочий стол\meteostat_bulk_downloader_pack\meteostat_arctic_20_daily_monthly\daily\2013\21432.csv.gz
21432,daily,2014,https://data.meteostat.net/daily/2014/21432.csv.gz,C:\Users\LL1urace\OneDrive\Рабочий стол\meteostat_bulk_downloader_pack\meteostat_arctic_20_daily_monthly\daily\2014\21432.csv.gz
21432,daily,2015,https://data.meteostat.net/daily/2015/21432.csv.gz,C:\Users\LL1urace\OneDrive\Рабочий стол\meteostat_bulk_downloader_pack\meteostat_arctic_20_daily_monthly\daily\2015\21432.csv.gz
21432,daily,2016,https://data.meteostat.net/daily/2016/21432.csv.gz,C:\Users\LL1urace\OneDrive\Рабочий стол\meteostat_bulk_downloader_pack\meteostat_arctic_20_daily_monthly\daily\2016\21432.csv.gz
21432,daily,2017,https://data.meteostat.net/daily/2017/21432.csv.gz,C:\Users\LL1urace\OneDrive\Рабочий стол\meteostat_bulk_downloader_pack\meteostat_arctic_20_daily_monthly\daily\2017\21432.csv.gz
21432,daily,2018,https://data.meteostat.net/daily/2018/21432.csv.gz,C:\Users\LL1urace\OneDrive\Рабочий стол\meteostat_bulk_downloader_pack\meteostat_arctic_20_daily_monthly\daily\2018\21432.csv.gz
21432,daily,2019,https://data.meteostat.net/daily/2019/21432.csv.gz,C:\Users\LL1urace\OneDrive\Рабочий стол\meteostat_bulk_downloader_pack\meteostat_arctic_20_daily_monthly\daily\2019\21432.csv.gz
21432,daily,2020,https://data.meteostat.net/daily/2020/21432.csv.gz,C:\Users\LL1urace\OneDrive\Рабочий стол\meteostat_bulk_downloader_pack\meteostat_arctic_20_daily_monthly\daily\2020\21432.csv.gz
21432,daily,2021,https://data.meteostat.net/daily/2021/21432.csv.gz,C:\Users\LL1urace\OneDrive\Рабочий стол\meteostat_bulk_downloader_pack\meteostat_arctic_20_daily_monthly\daily\2021\21432.csv.gz
21432,daily,2022,https://data.meteostat.net/daily/2022/21432.csv.gz,C:\Users\LL1urace\OneDrive\Рабочий стол\meteostat_bulk_downloader_pack\meteostat_arctic_20_daily_monthly\daily\2022\21432.csv.gz
21432,daily,2023,https://data.meteostat.net/daily/2023/21432.csv.gz,C:\Users\LL1urace\OneDrive\Рабочий стол\meteostat_bulk_downloader_pack\meteostat_arctic_20_daily_monthly\daily\2023\21432.csv.gz
21432,daily,2024,https://data.meteostat.net/daily/2024/21432.csv.gz,C:\Users\LL1urace\OneDrive\Рабочий стол\meteostat_bulk_downloader_pack\meteostat_arctic_20_daily_monthly\daily\2024\21432.csv.gz
21432,daily,2025,https://data.meteostat.net/daily/2025/21432.csv.gz,C:\Users\LL1urace\OneDrive\Рабочий стол\meteostat_bulk_downloader_pack\meteostat_arctic_20_daily_monthly\daily\2025\21432.csv.gz
21432,daily,2026,https://data.meteostat.net/daily/2026/21432.csv.gz,C:\Users\LL1urace\OneDrive\Рабочий стол\meteostat_bulk_downloader_pack\meteostat_arctic_20_daily_monthly\daily\2026\21432.csv.gz
21647,monthly,,https://data.meteostat.net/monthly/21647.csv.gz,C:\Users\LL1urace\OneDrive\Рабочий стол\meteostat_bulk_downloader_pack\meteostat_arctic_20_daily_monthly\monthly\21647.csv.gz
21647,daily,1900,https://data.meteostat.net/daily/1900/21647.csv.gz,C:\Users\LL1urace\OneDrive\Рабочий стол\meteostat_bulk_downloader_pack\meteostat_arctic_20_daily_monthly\daily\1900\21647.csv.gz
21647,daily,1901,https://data.meteostat.net/daily/1901/21647.csv.gz,C:\Users\LL1urace\OneDrive\Рабочий стол\meteostat_bulk_downloader_pack\meteostat_arctic_20_daily_monthly\daily\1901\21647.csv.gz
21647,daily,1902,https://data.meteostat.net/daily/1902/21647.csv.gz,C:\Users\LL1urace\OneDrive\Рабочий стол\meteostat_bulk_downloader_pack\meteostat_arctic_20_daily_monthly\daily\1902\21647.csv.gz
21647,daily,1903,https://data.meteostat.net/daily/1903/21647.csv.gz,C:\Users\LL1urace\OneDrive\Рабочий стол\meteostat_bulk_downloader_pack\meteostat_arctic_20_daily_monthly\daily\1903\21647.csv.gz
21647,daily,1904,https://data.meteostat.net/daily/1904/21647.csv.gz,C:\Users\LL1urace\OneDrive\Рабочий стол\meteostat_bulk_downloader_pack\meteostat_arctic_20_daily_monthly\daily\1904\21647.csv.gz
21647,daily,1905,https://data.meteostat.net/daily/1905/21647.csv.gz,C:\Users\LL1urace\OneDrive\Рабочий стол\meteostat_bulk_downloader_pack\meteostat_arctic_20_daily_monthly\daily\1905\21647.csv.gz
21647,daily,1906,https://data.meteostat.net/daily/1906/21647.csv.gz,C:\Users\LL1urace\OneDrive\Рабочий стол\meteostat_bulk_downloader_pack\meteostat_arctic_20_daily_monthly\daily\1906\21647.csv.gz
21647,daily,1907,https://data.meteostat.net/daily/1907/21647.csv.gz,C:\Users\LL1urace\OneDrive\Рабочий стол\meteostat_bulk_downloader_pack\meteostat_arctic_20_daily_monthly\daily\1907\21647.csv.gz
21647,daily,1908,https://data.meteostat.net/daily/1908/21647.csv.gz,C:\Users\LL1urace\OneDrive\Рабочий стол\meteostat_bulk_downloader_pack\meteostat_arctic_20_daily_monthly\daily\1908\21647.csv.gz
21647,daily,1909,https://data.meteostat.net/daily/1909/21647.csv.gz,C:\Users\LL1urace\OneDrive\Рабочий стол\meteostat_bulk_downloader_pack\meteostat_arctic_20_daily_monthly\daily\1909\21647.csv.gz
21647,daily,1910,https://data.meteostat.net/daily/1910/21647.csv.gz,C:\Users\LL1urace\OneDrive\Рабочий стол\meteostat_bulk_downloader_pack\meteostat_arctic_20_daily_monthly\daily\1910\21647.csv.gz
21647,daily,1911,https://data.meteostat.net/daily/1911/21647.csv.gz,C:\Users\LL1urace\OneDrive\Рабочий стол\meteostat_bulk_downloader_pack\meteostat_arctic_20_daily_monthly\daily\1911\21647.csv.gz
21647,daily,1912,https://data.meteostat.net/daily/1912/21647.csv.gz,C:\Users\LL1urace\OneDrive\Рабочий стол\meteostat_bulk_downloader_pack\meteostat_arctic_20_daily_monthly\daily\1912\21647.csv.gz
21647,daily,1913,https://data.meteostat.net/daily/1913/21647.csv.gz,C:\Users\LL1urace\OneDrive\Рабочий стол\meteostat_bulk_downloader_pack\meteostat_arctic_20_daily_monthly\daily\1913\21647.csv.gz
21647,daily,1914,https://data.meteostat.net/daily/1914/21647.csv.gz,C:\Users\LL1urace\OneDrive\Рабочий стол\meteostat_bulk_downloader_pack\meteostat_arctic_20_daily_monthly\daily\1914\21647.csv.gz
21647,daily,1915,https://data.meteostat.net/daily/1915/21647.csv.gz,C:\Users\LL1urace\OneDrive\Рабочий стол\meteostat_bulk_downloader_pack\meteostat_arctic_20_daily_monthly\daily\1915\21647.csv.gz
21647,daily,1916,https://data.meteostat.net/daily/1916/21647.csv.gz,C:\Users\LL1urace\OneDrive\Рабочий стол\meteostat_bulk_downloader_pack\meteostat_arctic_20_daily_monthly\daily\1916\21647.csv.gz
21647,daily,1917,https://data.meteostat.net/daily/1917/21647.csv.gz,C:\Users\LL1urace\OneDrive\Рабочий стол\meteostat_bulk_downloader_pack\meteostat_arctic_20_daily_monthly\daily\1917\21647.csv.gz
21647,daily,1918,https://data.meteostat.net/daily/1918/21647.csv.gz,C:\Users\LL1urace\OneDrive\Рабочий стол\meteostat_bulk_downloader_pack\meteostat_arctic_20_daily_monthly\daily\1918\21647.csv.gz
21647,daily,1919,https://data.meteostat.net/daily/1919/21647.csv.gz,C:\Users\LL1urace\OneDrive\Рабочий стол\meteostat_bulk_downloader_pack\meteostat_arctic_20_daily_monthly\daily\1919\21647.csv.gz
21647,daily,1920,https://data.meteostat.net/daily/1920/21647.csv.gz,C:\Users\LL1urace\OneDrive\Рабочий стол\meteostat_bulk_downloader_pack\meteostat_arctic_20_daily_monthly\daily\1920\21647.csv.gz
21647,daily,1921,https://data.meteostat.net/daily/1921/21647.csv.gz,C:\Users\LL1urace\OneDrive\Рабочий стол\meteostat_bulk_downloader_pack\meteostat_arctic_20_daily_monthly\daily\1921\21647.csv.gz
21647,daily,1922,https://data.meteostat.net/daily/1922/21647.csv.gz,C:\Users\LL1urace\OneDrive\Рабочий стол\meteostat_bulk_downloader_pack\meteostat_arctic_20_daily_monthly\daily\1922\21647.csv.gz
21647,daily,1923,https://data.meteostat.net/daily/1923/21647.csv.gz,C:\Users\LL1urace\OneDrive\Рабочий стол\meteostat_bulk_downloader_pack\meteostat_arctic_20_daily_monthly\daily\1923\21647.csv.gz
21647,daily,1924,https://data.meteostat.net/daily/1924/21647.csv.gz,C:\Users\LL1urace\OneDrive\Рабочий стол\meteostat_bulk_downloader_pack\meteostat_arctic_20_daily_monthly\daily\1924\21647.csv.gz
21647,daily,1925,https://data.meteostat.net/daily/1925/21647.csv.gz,C:\Users\LL1urace\OneDrive\Рабочий стол\meteostat_bulk_downloader_pack\meteostat_arctic_20_daily_monthly\daily\1925\21647.csv.gz
21647,daily,1926,https://data.meteostat.net/daily/1926/21647.csv.gz,C:\Users\LL1urace\OneDrive\Рабочий стол\meteostat_bulk_downloader_pack\meteostat_arctic_20_daily_monthly\daily\1926\21647.csv.gz
21647,daily,1927,https://data.meteostat.net/daily/1927/21647.csv.gz,C:\Users\LL1urace\OneDrive\Рабочий стол\meteostat_bulk_downloader_pack\meteostat_arctic_20_daily_monthly\daily\1927\21647.csv.gz
21647,daily,1928,https://data.meteostat.net/daily/1928/21647.csv.gz,C:\Users\LL1urace\OneDrive\Рабочий стол\meteostat_bulk_downloader_pack\meteostat_arctic_20_daily_monthly\daily\1928\21647.csv.gz
21647,daily,1929,https://data.meteostat.net/daily/1929/21647.csv.gz,C:\Users\LL1urace\OneDrive\Рабочий стол\meteostat_bulk_downloader_pack\meteostat_arctic_20_daily_monthly\daily\1929\21647.csv.gz
21647,daily,1930,https://data.meteostat.net/daily/1930/21647.csv.gz,C:\Users\LL1urace\OneDrive\Рабочий стол\meteostat_bulk_downloader_pack\meteostat_arctic_20_daily_monthly\daily\1930\21647.csv.gz
21647,daily,1931,https://data.meteostat.net/daily/1931/21647.csv.gz,C:\Users\LL1urace\OneDrive\Рабочий стол\meteostat_bulk_downloader_pack\meteostat_arctic_20_daily_monthly\daily\1931\21647.csv.gz
21647,daily,1932,https://data.meteostat.net/daily/1932/21647.csv.gz,C:\Users\LL1urace\OneDrive\Рабочий стол\meteostat_bulk_downloader_pack\meteostat_arctic_20_daily_monthly\daily\1932\21647.csv.gz
21647,daily,1933,https://data.meteostat.net/daily/1933/21647.csv.gz,C:\Users\LL1urace\OneDrive\Рабочий стол\meteostat_bulk_downloader_pack\meteostat_arctic_20_daily_monthly\daily\1933\21647.csv.gz
21647,daily,1934,https://data.meteostat.net/daily/1934/21647.csv.gz,C:\Users\LL1urace\OneDrive\Рабочий стол\meteostat_bulk_downloader_pack\meteostat_arctic_20_daily_monthly\daily\1934\21647.csv.gz
21647,daily,1935,https://data.meteostat.net/daily/1935/21647.csv.gz,C:\Users\LL1urace\OneDrive\Рабочий стол\meteostat_bulk_downloader_pack\meteostat_arctic_20_daily_monthly\daily\1935\21647.csv.gz
21647,daily,1936,https://data.meteostat.net/daily/1936/21647.csv.gz,C:\Users\LL1urace\OneDrive\Рабочий стол\meteostat_bulk_downloader_pack\meteostat_arctic_20_daily_monthly\daily\1936\21647.csv.gz
21647,daily,1937,https://data.meteostat.net/daily/1937/21647.csv.gz,C:\Users\LL1urace\OneDrive\Рабочий стол\meteostat_bulk_downloader_pack\meteostat_arctic_20_daily_monthly\daily\1937\21647.csv.gz
21647,daily,1938,https://data.meteostat.net/daily/1938/21647.csv.gz,C:\Users\LL1urace\OneDrive\Рабочий стол\meteostat_bulk_downloader_pack\meteostat_arctic_20_daily_monthly\daily\1938\21647.csv.gz
21647,daily,1939,https://data.meteostat.net/daily/1939/21647.csv.gz,C:\Users\LL1urace\OneDrive\Рабочий стол\meteostat_bulk_downloader_pack\meteostat_arctic_20_daily_monthly\daily\1939\21647.csv.gz
21647,daily,1940,https://data.meteostat.net/daily/1940/21647.csv.gz,C:\Users\LL1urace\OneDrive\Рабочий стол\meteostat_bulk_downloader_pack\meteostat_arctic_20_daily_monthly\daily\1940\21647.csv.gz
21647,daily,1941,https://data.meteostat.net/daily/1941/21647.csv.gz,C:\Users\LL1urace\OneDrive\Рабочий стол\meteostat_bulk_downloader_pack\meteostat_arctic_20_daily_monthly\daily\1941\21647.csv.gz
21647,daily,1942,https://data.meteostat.net/daily/1942/21647.csv.gz,C:\Users\LL1urace\OneDrive\Рабочий стол\meteostat_bulk_downloader_pack\meteostat_arctic_20_daily_monthly\daily\1942\21647.csv.gz
21647,daily,1943,https://data.meteostat.net/daily/1943/21647.csv.gz,C:\Users\LL1urace\OneDrive\Рабочий стол\meteostat_bulk_downloader_pack\meteostat_arctic_20_daily_monthly\daily\1943\21647.csv.gz
21647,daily,1944,https://data.meteostat.net/daily/1944/21647.csv.gz,C:\Users\LL1urace\OneDrive\Рабочий стол\meteostat_bulk_downloader_pack\meteostat_arctic_20_daily_monthly\daily\1944\21647.csv.gz
21647,daily,1945,https://data.meteostat.net/daily/1945/21647.csv.gz,C:\Users\LL1urace\OneDrive\Рабочий стол\meteostat_bulk_downloader_pack\meteostat_arctic_20_daily_monthly\daily\1945\21647.csv.gz
21647,daily,1946,https://data.meteostat.net/daily/1946/21647.csv.gz,C:\Users\LL1urace\OneDrive\Рабочий стол\meteostat_bulk_downloader_pack\meteostat_arctic_20_daily_monthly\daily\1946\21647.csv.gz
21647,daily,1947,https://data.meteostat.net/daily/1947/21647.csv.gz,C:\Users\LL1urace\OneDrive\Рабочий стол\meteostat_bulk_downloader_pack\meteostat_arctic_20_daily_monthly\daily\1947\21647.csv.gz
21647,daily,1948,https://data.meteostat.net/daily/1948/21647.csv.gz,C:\Users\LL1urace\OneDrive\Рабочий стол\meteostat_bulk_downloader_pack\meteostat_arctic_20_daily_monthly\daily\1948\21647.csv.gz
21647,daily,1949,https://data.meteostat.net/daily/1949/21647.csv.gz,C:\Users\LL1urace\OneDrive\Рабочий стол\meteostat_bulk_downloader_pack\meteostat_arctic_20_daily_monthly\daily\1949\21647.csv.gz
21647,daily,1950,https://data.meteostat.net/daily/1950/21647.csv.gz,C:\Users\LL1urace\OneDrive\Рабочий стол\meteostat_bulk_downloader_pack\meteostat_arctic_20_daily_monthly\daily\1950\21647.csv.gz
21647,daily,1951,https://data.meteostat.net/daily/1951/21647.csv.gz,C:\Users\LL1urace\OneDrive\Рабочий стол\meteostat_bulk_downloader_pack\meteostat_arctic_20_daily_monthly\daily\1951\21647.csv.gz
21647,daily,1952,https://data.meteostat.net/daily/1952/21647.csv.gz,C:\Users\LL1urace\OneDrive\Рабочий стол\meteostat_bulk_downloader_pack\meteostat_arctic_20_daily_monthly\daily\1952\21647.csv.gz
21647,daily,1953,https://data.meteostat.net/daily/1953/21647.csv.gz,C:\Users\LL1urace\OneDrive\Рабочий стол\meteostat_bulk_downloader_pack\meteostat_arctic_20_daily_monthly\daily\1953\21647.csv.gz
21647,daily,1954,https://data.meteostat.net/daily/1954/21647.csv.gz,C:\Users\LL1urace\OneDrive\Рабочий стол\meteostat_bulk_downloader_pack\meteostat_arctic_20_daily_monthly\daily\1954\21647.csv.gz
21647,daily,1955,https://data.meteostat.net/daily/1955/21647.csv.gz,C:\Users\LL1urace\OneDrive\Рабочий стол\meteostat_bulk_downloader_pack\meteostat_arctic_20_daily_monthly\daily\1955\21647.csv.gz
21647,daily,1956,https://data.meteostat.net/daily/1956/21647.csv.gz,C:\Users\LL1urace\OneDrive\Рабочий стол\meteostat_bulk_downloader_pack\meteostat_arctic_20_daily_monthly\daily\1956\21647.csv.gz
21647,daily,1957,https://data.meteostat.net/daily/1957/21647.csv.gz,C:\Users\LL1urace\OneDrive\Рабочий стол\meteostat_bulk_downloader_pack\meteostat_arctic_20_daily_monthly\daily\1957\21647.csv.gz
21647,daily,1958,https://data.meteostat.net/daily/1958/21647.csv.gz,C:\Users\LL1urace\OneDrive\Рабочий стол\meteostat_bulk_downloader_pack\meteostat_arctic_20_daily_monthly\daily\1958\21647.csv.gz
21647,daily,1959,https://data.meteostat.net/daily/1959/21647.csv.gz,C:\Users\LL1urace\OneDrive\Рабочий стол\meteostat_bulk_downloader_pack\meteostat_arctic_20_daily_monthly\daily\1959\21647.csv.gz
21647,daily,1960,https://data.meteostat.net/daily/1960/21647.csv.gz,C:\Users\LL1urace\OneDrive\Рабочий стол\meteostat_bulk_downloader_pack\meteostat_arctic_20_daily_monthly\daily\1960\21647.csv.gz
21647,daily,1961,https://data.meteostat.net/daily/1961/21647.csv.gz,C:\Users\LL1urace\OneDrive\Рабочий стол\meteostat_bulk_downloader_pack\meteostat_arctic_20_daily_monthly\daily\1961\21647.csv.gz
21647,daily,1962,https://data.meteostat.net/daily/1962/21647.csv.gz,C:\Users\LL1urace\OneDrive\Рабочий стол\meteostat_bulk_downloader_pack\meteostat_arctic_20_daily_monthly\daily\1962\21647.csv.gz
21647,daily,1963,https://data.meteostat.net/daily/1963/21647.csv.gz,C:\Users\LL1urace\OneDrive\Рабочий стол\meteostat_bulk_downloader_pack\meteostat_arctic_20_daily_monthly\daily\1963\21647.csv.gz
21647,daily,1964,https://data.meteostat.net/daily/1964/21647.csv.gz,C:\Users\LL1urace\OneDrive\Рабочий стол\meteostat_bulk_downloader_pack\meteostat_arctic_20_daily_monthly\daily\1964\21647.csv.gz
21647,daily,1965,https://data.meteostat.net/daily/1965/21647.csv.gz,C:\Users\LL1urace\OneDrive\Рабочий стол\meteostat_bulk_downloader_pack\meteostat_arctic_20_daily_monthly\daily\1965\21647.csv.gz
21647,daily,1966,https://data.meteostat.net/daily/1966/21647.csv.gz,C:\Users\LL1urace\OneDrive\Рабочий стол\meteostat_bulk_downloader_pack\meteostat_arctic_20_daily_monthly\daily\1966\21647.csv.gz
21647,daily,1967,https://data.meteostat.net/daily/1967/21647.csv.gz,C:\Users\LL1urace\OneDrive\Рабочий стол\meteostat_bulk_downloader_pack\meteostat_arctic_20_daily_monthly\daily\1967\21647.csv.gz
21647,daily,1968,https://data.meteostat.net/daily/1968/21647.csv.gz,C:\Users\LL1urace\OneDrive\Рабочий стол\meteostat_bulk_downloader_pack\meteostat_arctic_20_daily_monthly\daily\1968\21647.csv.gz
21647,daily,1969,https://data.meteostat.net/daily/1969/21647.csv.gz,C:\Users\LL1urace\OneDrive\Рабочий стол\meteostat_bulk_downloader_pack\meteostat_arctic_20_daily_monthly\daily\1969\21647.csv.gz
21647,daily,1970,https://data.meteostat.net/daily/1970/21647.csv.gz,C:\Users\LL1urace\OneDrive\Рабочий стол\meteostat_bulk_downloader_pack\meteostat_arctic_20_daily_monthly\daily\1970\21647.csv.gz
21647,daily,1971,https://data.meteostat.net/daily/1971/21647.csv.gz,C:\Users\LL1urace\OneDrive\Рабочий стол\meteostat_bulk_downloader_pack\meteostat_arctic_20_daily_monthly\daily\1971\21647.csv.gz
21647,daily,1972,https://data.meteostat.net/daily/1972/21647.csv.gz,C:\Users\LL1urace\OneDrive\Рабочий стол\meteostat_bulk_downloader_pack\meteostat_arctic_20_daily_monthly\daily\1972\21647.csv.gz
21647,daily,1973,https://data.meteostat.net/daily/1973/21647.csv.gz,C:\Users\LL1urace\OneDrive\Рабочий стол\meteostat_bulk_downloader_pack\meteostat_arctic_20_daily_monthly\daily\1973\21647.csv.gz
21647,daily,1974,https://data.meteostat.net/daily/1974/21647.csv.gz,C:\Users\LL1urace\OneDrive\Рабочий стол\meteostat_bulk_downloader_pack\meteostat_arctic_20_daily_monthly\daily\1974\21647.csv.gz
21647,daily,1975,https://data.meteostat.net/daily/1975/21647.csv.gz,C:\Users\LL1urace\OneDrive\Рабочий стол\meteostat_bulk_downloader_pack\meteostat_arctic_20_daily_monthly\daily\1975\21647.csv.gz
21647,daily,1976,https://data.meteostat.net/daily/1976/21647.csv.gz,C:\Users\LL1urace\OneDrive\Рабочий стол\meteostat_bulk_downloader_pack\meteostat_arctic_20_daily_monthly\daily\1976\21647.csv.gz
21647,daily,1977,https://data.meteostat.net/daily/1977/21647.csv.gz,C:\Users\LL1urace\OneDrive\Рабочий стол\meteostat_bulk_downloader_pack\meteostat_arctic_20_daily_monthly\daily\1977\21647.csv.gz
21647,daily,1978,https://data.meteostat.net/daily/1978/21647.csv.gz,C:\Users\LL1urace\OneDrive\Рабочий стол\meteostat_bulk_downloader_pack\meteostat_arctic_20_daily_monthly\daily\1978\21647.csv.gz
21647,daily,1979,https://data.meteostat.net/daily/1979/21647.csv.gz,C:\Users\LL1urace\OneDrive\Рабочий стол\meteostat_bulk_downloader_pack\meteostat_arctic_20_daily_monthly\daily\1979\21647.csv.gz
21647,daily,1980,https://data.meteostat.net/daily/1980/21647.csv.gz,C:\Users\LL1urace\OneDrive\Рабочий стол\meteostat_bulk_downloader_pack\meteostat_arctic_20_daily_monthly\daily\1980\21647.csv.gz
21647,daily,1981,https://data.meteostat.net/daily/1981/21647.csv.gz,C:\Users\LL1urace\OneDrive\Рабочий стол\meteostat_bulk_downloader_pack\meteostat_arctic_20_daily_monthly\daily\1981\21647.csv.gz
21647,daily,1982,https://data.meteostat.net/daily/1982/21647.csv.gz,C:\Users\LL1urace\OneDrive\Рабочий стол\meteostat_bulk_downloader_pack\meteostat_arctic_20_daily_monthly\daily\1982\21647.csv.gz
21647,daily,1983,https://data.meteostat.net/daily/1983/21647.csv.gz,C:\Users\LL1urace\OneDrive\Рабочий стол\meteostat_bulk_downloader_pack\meteostat_arctic_20_daily_monthly\daily\1983\21647.csv.gz
21647,daily,1984,https://data.meteostat.net/daily/1984/21647.csv.gz,C:\Users\LL1urace\OneDrive\Рабочий стол\meteostat_bulk_downloader_pack\meteostat_arctic_20_daily_monthly\daily\1984\21647.csv.gz
21647,daily,1985,https://data.meteostat.net/daily/1985/21647.csv.gz,C:\Users\LL1urace\OneDrive\Рабочий стол\meteostat_bulk_downloader_pack\meteostat_arctic_20_daily_monthly\daily\1985\21647.csv.gz
21647,daily,1986,https://data.meteostat.net/daily/1986/21647.csv.gz,C:\Users\LL1urace\OneDrive\Рабочий стол\meteostat_bulk_downloader_pack\meteostat_arctic_20_daily_monthly\daily\1986\21647.csv.gz
21647,daily,1987,https://data.meteostat.net/daily/1987/21647.csv.gz,C:\Users\LL1urace\OneDrive\Рабочий стол\meteostat_bulk_downloader_pack\meteostat_arctic_20_daily_monthly\daily\1987\21647.csv.gz
21647,daily,1988,https://data.meteostat.net/daily/1988/21647.csv.gz,C:\Users\LL1urace\OneDrive\Рабочий стол\meteostat_bulk_downloader_pack\meteostat_arctic_20_daily_monthly\daily\1988\21647.csv.gz
21647,daily,1989,https://data.meteostat.net/daily/1989/21647.csv.gz,C:\Users\LL1urace\OneDrive\Рабочий стол\meteostat_bulk_downloader_pack\meteostat_arctic_20_daily_monthly\daily\1989\21647.csv.gz
21647,daily,1990,https://data.meteostat.net/daily/1990/21647.csv.gz,C:\Users\LL1urace\OneDrive\Рабочий стол\meteostat_bulk_downloader_pack\meteostat_arctic_20_daily_monthly\daily\1990\21647.csv.gz
21647,daily,1991,https://data.meteostat.net/daily/1991/21647.csv.gz,C:\Users\LL1urace\OneDrive\Рабочий стол\meteostat_bulk_downloader_pack\meteostat_arctic_20_daily_monthly\daily\1991\21647.csv.gz
21647,daily,1992,https://data.meteostat.net/daily/1992/21647.csv.gz,C:\Users\LL1urace\OneDrive\Рабочий стол\meteostat_bulk_downloader_pack\meteostat_arctic_20_daily_monthly\daily\1992\21647.csv.gz
21647,daily,1993,https://data.meteostat.net/daily/1993/21647.csv.gz,C:\Users\LL1urace\OneDrive\Рабочий стол\meteostat_bulk_downloader_pack\meteostat_arctic_20_daily_monthly\daily\1993\21647.csv.gz
21647,daily,1994,https://data.meteostat.net/daily/1994/21647.csv.gz,C:\Users\LL1urace\OneDrive\Рабочий стол\meteostat_bulk_downloader_pack\meteostat_arctic_20_daily_monthly\daily\1994\21647.csv.gz
21647,daily,1995,https://data.meteostat.net/daily/1995/21647.csv.gz,C:\Users\LL1urace\OneDrive\Рабочий стол\meteostat_bulk_downloader_pack\meteostat_arctic_20_daily_monthly\daily\1995\21647.csv.gz
21647,daily,1996,https://data.meteostat.net/daily/1996/21647.csv.gz,C:\Users\LL1urace\OneDrive\Рабочий стол\meteostat_bulk_downloader_pack\meteostat_arctic_20_daily_monthly\daily\1996\21647.csv.gz
21647,daily,1997,https://data.meteostat.net/daily/1997/21647.csv.gz,C:\Users\LL1urace\OneDrive\Рабочий стол\meteostat_bulk_downloader_pack\meteostat_arctic_20_daily_monthly\daily\1997\21647.csv.gz
21647,daily,1998,https://data.meteostat.net/daily/1998/21647.csv.gz,C:\Users\LL1urace\OneDrive\Рабочий стол\meteostat_bulk_downloader_pack\meteostat_arctic_20_daily_monthly\daily\1998\21647.csv.gz
21647,daily,1999,https://data.meteostat.net/daily/1999/21647.csv.gz,C:\Users\LL1urace\OneDrive\Рабочий стол\meteostat_bulk_downloader_pack\meteostat_arctic_20_daily_monthly\daily\1999\21647.csv.gz
21647,daily,2000,https://data.meteostat.net/daily/2000/21647.csv.gz,C:\Users\LL1urace\OneDrive\Рабочий стол\meteostat_bulk_downloader_pack\meteostat_arctic_20_daily_monthly\daily\2000\21647.csv.gz
21647,daily,2001,https://data.meteostat.net/daily/2001/21647.csv.gz,C:\Users\LL1urace\OneDrive\Рабочий стол\meteostat_bulk_downloader_pack\meteostat_arctic_20_daily_monthly\daily\2001\21647.csv.gz
21647,daily,2002,https://data.meteostat.net/daily/2002/21647.csv.gz,C:\Users\LL1urace\OneDrive\Рабочий стол\meteostat_bulk_downloader_pack\meteostat_arctic_20_daily_monthly\daily\2002\21647.csv.gz
21647,daily,2003,https://data.meteostat.net/daily/2003/21647.csv.gz,C:\Users\LL1urace\OneDrive\Рабочий стол\meteostat_bulk_downloader_pack\meteostat_arctic_20_daily_monthly\daily\2003\21647.csv.gz
21647,daily,2004,https://data.meteostat.net/daily/2004/21647.csv.gz,C:\Users\LL1urace\OneDrive\Рабочий стол\meteostat_bulk_downloader_pack\meteostat_arctic_20_daily_monthly\daily\2004\21647.csv.gz
21647,daily,2005,https://data.meteostat.net/daily/2005/21647.csv.gz,C:\Users\LL1urace\OneDrive\Рабочий стол\meteostat_bulk_downloader_pack\meteostat_arctic_20_daily_monthly\daily\2005\21647.csv.gz
21647,daily,2006,https://data.meteostat.net/daily/2006/21647.csv.gz,C:\Users\LL1urace\OneDrive\Рабочий стол\meteostat_bulk_downloader_pack\meteostat_arctic_20_daily_monthly\daily\2006\21647.csv.gz
21647,daily,2007,https://data.meteostat.net/daily/2007/21647.csv.gz,C:\Users\LL1urace\OneDrive\Рабочий стол\meteostat_bulk_downloader_pack\meteostat_arctic_20_daily_monthly\daily\2007\21647.csv.gz
21647,daily,2008,https://data.meteostat.net/daily/2008/21647.csv.gz,C:\Users\LL1urace\OneDrive\Рабочий стол\meteostat_bulk_downloader_pack\meteostat_arctic_20_daily_monthly\daily\2008\21647.csv.gz
21647,daily,2009,https://data.meteostat.net/daily/2009/21647.csv.gz,C:\Users\LL1urace\OneDrive\Рабочий стол\meteostat_bulk_downloader_pack\meteostat_arctic_20_daily_monthly\daily\2009\21647.csv.gz
21647,daily,2010,https://data.meteostat.net/daily/2010/21647.csv.gz,C:\Users\LL1urace\OneDrive\Рабочий стол\meteostat_bulk_downloader_pack\meteostat_arctic_20_daily_monthly\daily\2010\21647.csv.gz
21647,daily,2011,https://data.meteostat.net/daily/2011/21647.csv.gz,C:\Users\LL1urace\OneDrive\Рабочий стол\meteostat_bulk_downloader_pack\meteostat_arctic_20_daily_monthly\daily\2011\21647.csv.gz
21647,daily,2012,https://data.meteostat.net/daily/2012/21647.csv.gz,C:\Users\LL1urace\OneDrive\Рабочий стол\meteostat_bulk_downloader_pack\meteostat_arctic_20_daily_monthly\daily\2012\21647.csv.gz
21647,daily,2013,https://data.meteostat.net/daily/2013/21647.csv.gz,C:\Users\LL1urace\OneDrive\Рабочий стол\meteostat_bulk_downloader_pack\meteostat_arctic_20_daily_monthly\daily\2013\21647.csv.gz
21647,daily,2014,https://data.meteostat.net/daily/2014/21647.csv.gz,C:\Users\LL1urace\OneDrive\Рабочий стол\meteostat_bulk_downloader_pack\meteostat_arctic_20_daily_monthly\daily\2014\21647.csv.gz
21647,daily,2015,https://data.meteostat.net/daily/2015/21647.csv.gz,C:\Users\LL1urace\OneDrive\Рабочий стол\meteostat_bulk_downloader_pack\meteostat_arctic_20_daily_monthly\daily\2015\21647.csv.gz
21647,daily,2016,https://data.meteostat.net/daily/2016/21647.csv.gz,C:\Users\LL1urace\OneDrive\Рабочий стол\meteostat_bulk_downloader_pack\meteostat_arctic_20_daily_monthly\daily\2016\21647.csv.gz
21647,daily,2017,https://data.meteostat.net/daily/2017/21647.csv.gz,C:\Users\LL1urace\OneDrive\Рабочий стол\meteostat_bulk_downloader_pack\meteostat_arctic_20_daily_monthly\daily\2017\21647.csv.gz
21647,daily,2018,https://data.meteostat.net/daily/2018/21647.csv.gz,C:\Users\LL1urace\OneDrive\Рабочий стол\meteostat_bulk_downloader_pack\meteostat_arctic_20_daily_monthly\daily\2018\21647.csv.gz
21647,daily,2019,https://data.meteostat.net/daily/2019/21647.csv.gz,C:\Users\LL1urace\OneDrive\Рабочий стол\meteostat_bulk_downloader_pack\meteostat_arctic_20_daily_monthly\daily\2019\21647.csv.gz
21647,daily,2020,https://data.meteostat.net/daily/2020/21647.csv.gz,C:\Users\LL1urace\OneDrive\Рабочий стол\meteostat_bulk_downloader_pack\meteostat_arctic_20_daily_monthly\daily\2020\21647.csv.gz
21647,daily,2021,https://data.meteostat.net/daily/2021/21647.csv.gz,C:\Users\LL1urace\OneDrive\Рабочий стол\meteostat_bulk_downloader_pack\meteostat_arctic_20_daily_monthly\daily\2021\21647.csv.gz
21647,daily,2022,https://data.meteostat.net/daily/2022/21647.csv.gz,C:\Users\LL1urace\OneDrive\Рабочий стол\meteostat_bulk_downloader_pack\meteostat_arctic_20_daily_monthly\daily\2022\21647.csv.gz
21647,daily,2023,https://data.meteostat.net/daily/2023/21647.csv.gz,C:\Users\LL1urace\OneDrive\Рабочий стол\meteostat_bulk_downloader_pack\meteostat_arctic_20_daily_monthly\daily\2023\21647.csv.gz
21647,daily,2024,https://data.meteostat.net/daily/2024/21647.csv.gz,C:\Users\LL1urace\OneDrive\Рабочий стол\meteostat_bulk_downloader_pack\meteostat_arctic_20_daily_monthly\daily\2024\21647.csv.gz
21647,daily,2025,https://data.meteostat.net/daily/2025/21647.csv.gz,C:\Users\LL1urace\OneDrive\Рабочий стол\meteostat_bulk_downloader_pack\meteostat_arctic_20_daily_monthly\daily\2025\21647.csv.gz
21647,daily,2026,https://data.meteostat.net/daily/2026/21647.csv.gz,C:\Users\LL1urace\OneDrive\Рабочий стол\meteostat_bulk_downloader_pack\meteostat_arctic_20_daily_monthly\daily\2026\21647.csv.gz
21946,monthly,,https://data.meteostat.net/monthly/21946.csv.gz,C:\Users\LL1urace\OneDrive\Рабочий стол\meteostat_bulk_downloader_pack\meteostat_arctic_20_daily_monthly\monthly\21946.csv.gz
21946,daily,1900,https://data.meteostat.net/daily/1900/21946.csv.gz,C:\Users\LL1urace\OneDrive\Рабочий стол\meteostat_bulk_downloader_pack\meteostat_arctic_20_daily_monthly\daily\1900\21946.csv.gz
21946,daily,1901,https://data.meteostat.net/daily/1901/21946.csv.gz,C:\Users\LL1urace\OneDrive\Рабочий стол\meteostat_bulk_downloader_pack\meteostat_arctic_20_daily_monthly\daily\1901\21946.csv.gz
21946,daily,1902,https://data.meteostat.net/daily/1902/21946.csv.gz,C:\Users\LL1urace\OneDrive\Рабочий стол\meteostat_bulk_downloader_pack\meteostat_arctic_20_daily_monthly\daily\1902\21946.csv.gz
21946,daily,1903,https://data.meteostat.net/daily/1903/21946.csv.gz,C:\Users\LL1urace\OneDrive\Рабочий стол\meteostat_bulk_downloader_pack\meteostat_arctic_20_daily_monthly\daily\1903\21946.csv.gz
21946,daily,1904,https://data.meteostat.net/daily/1904/21946.csv.gz,C:\Users\LL1urace\OneDrive\Рабочий стол\meteostat_bulk_downloader_pack\meteostat_arctic_20_daily_monthly\daily\1904\21946.csv.gz
21946,daily,1905,https://data.meteostat.net/daily/1905/21946.csv.gz,C:\Users\LL1urace\OneDrive\Рабочий стол\meteostat_bulk_downloader_pack\meteostat_arctic_20_daily_monthly\daily\1905\21946.csv.gz
21946,daily,1906,https://data.meteostat.net/daily/1906/21946.csv.gz,C:\Users\LL1urace\OneDrive\Рабочий стол\meteostat_bulk_downloader_pack\meteostat_arctic_20_daily_monthly\daily\1906\21946.csv.gz
21946,daily,1907,https://data.meteostat.net/daily/1907/21946.csv.gz,C:\Users\LL1urace\OneDrive\Рабочий стол\meteostat_bulk_downloader_pack\meteostat_arctic_20_daily_monthly\daily\1907\21946.csv.gz
21946,daily,1908,https://data.meteostat.net/daily/1908/21946.csv.gz,C:\Users\LL1urace\OneDrive\Рабочий стол\meteostat_bulk_downloader_pack\meteostat_arctic_20_daily_monthly\daily\1908\21946.csv.gz
21946,daily,1909,https://data.meteostat.net/daily/1909/21946.csv.gz,C:\Users\LL1urace\OneDrive\Рабочий стол\meteostat_bulk_downloader_pack\meteostat_arctic_20_daily_monthly\daily\1909\21946.csv.gz
21946,daily,1910,https://data.meteostat.net/daily/1910/21946.csv.gz,C:\Users\LL1urace\OneDrive\Рабочий стол\meteostat_bulk_downloader_pack\meteostat_arctic_20_daily_monthly\daily\1910\21946.csv.gz
21946,daily,1911,https://data.meteostat.net/daily/1911/21946.csv.gz,C:\Users\LL1urace\OneDrive\Рабочий стол\meteostat_bulk_downloader_pack\meteostat_arctic_20_daily_monthly\daily\1911\21946.csv.gz
21946,daily,1912,https://data.meteostat.net/daily/1912/21946.csv.gz,C:\Users\LL1urace\OneDrive\Рабочий стол\meteostat_bulk_downloader_pack\meteostat_arctic_20_daily_monthly\daily\1912\21946.csv.gz
21946,daily,1913,https://data.meteostat.net/daily/1913/21946.csv.gz,C:\Users\LL1urace\OneDrive\Рабочий стол\meteostat_bulk_downloader_pack\meteostat_arctic_20_daily_monthly\daily\1913\21946.csv.gz
21946,daily,1914,https://data.meteostat.net/daily/1914/21946.csv.gz,C:\Users\LL1urace\OneDrive\Рабочий стол\meteostat_bulk_downloader_pack\meteostat_arctic_20_daily_monthly\daily\1914\21946.csv.gz
21946,daily,1915,https://data.meteostat.net/daily/1915/21946.csv.gz,C:\Users\LL1urace\OneDrive\Рабочий стол\meteostat_bulk_downloader_pack\meteostat_arctic_20_daily_monthly\daily\1915\21946.csv.gz
21946,daily,1916,https://data.meteostat.net/daily/1916/21946.csv.gz,C:\Users\LL1urace\OneDrive\Рабочий стол\meteostat_bulk_downloader_pack\meteostat_arctic_20_daily_monthly\daily\1916\21946.csv.gz
21946,daily,1917,https://data.meteostat.net/daily/1917/21946.csv.gz,C:\Users\LL1urace\OneDrive\Рабочий стол\meteostat_bulk_downloader_pack\meteostat_arctic_20_daily_monthly\daily\1917\21946.csv.gz
21946,daily,1918,https://data.meteostat.net/daily/1918/21946.csv.gz,C:\Users\LL1urace\OneDrive\Рабочий стол\meteostat_bulk_downloader_pack\meteostat_arctic_20_daily_monthly\daily\1918\21946.csv.gz
21946,daily,1919,https://data.meteostat.net/daily/1919/21946.csv.gz,C:\Users\LL1urace\OneDrive\Рабочий стол\meteostat_bulk_downloader_pack\meteostat_arctic_20_daily_monthly\daily\1919\21946.csv.gz
21946,daily,1920,https://data.meteostat.net/daily/1920/21946.csv.gz,C:\Users\LL1urace\OneDrive\Рабочий стол\meteostat_bulk_downloader_pack\meteostat_arctic_20_daily_monthly\daily\1920\21946.csv.gz
21946,daily,1921,https://data.meteostat.net/daily/1921/21946.csv.gz,C:\Users\LL1urace\OneDrive\Рабочий стол\meteostat_bulk_downloader_pack\meteostat_arctic_20_daily_monthly\daily\1921\21946.csv.gz
21946,daily,1922,https://data.meteostat.net/daily/1922/21946.csv.gz,C:\Users\LL1urace\OneDrive\Рабочий стол\meteostat_bulk_downloader_pack\meteostat_arctic_20_daily_monthly\daily\1922\21946.csv.gz
21946,daily,1923,https://data.meteostat.net/daily/1923/21946.csv.gz,C:\Users\LL1urace\OneDrive\Рабочий стол\meteostat_bulk_downloader_pack\meteostat_arctic_20_daily_monthly\daily\1923\21946.csv.gz
21946,daily,1924,https://data.meteostat.net/daily/1924/21946.csv.gz,C:\Users\LL1urace\OneDrive\Рабочий стол\meteostat_bulk_downloader_pack\meteostat_arctic_20_daily_monthly\daily\1924\21946.csv.gz
21946,daily,1925,https://data.meteostat.net/daily/1925/21946.csv.gz,C:\Users\LL1urace\OneDrive\Рабочий стол\meteostat_bulk_downloader_pack\meteostat_arctic_20_daily_monthly\daily\1925\21946.csv.gz
21946,daily,1926,https://data.meteostat.net/daily/1926/21946.csv.gz,C:\Users\LL1urace\OneDrive\Рабочий стол\meteostat_bulk_downloader_pack\meteostat_arctic_20_daily_monthly\daily\1926\21946.csv.gz
21946,daily,1927,https://data.meteostat.net/daily/1927/21946.csv.gz,C:\Users\LL1urace\OneDrive\Рабочий стол\meteostat_bulk_downloader_pack\meteostat_arctic_20_daily_monthly\daily\1927\21946.csv.gz
21946,daily,1928,https://data.meteostat.net/daily/1928/21946.csv.gz,C:\Users\LL1urace\OneDrive\Рабочий стол\meteostat_bulk_downloader_pack\meteostat_arctic_20_daily_monthly\daily\1928\21946.csv.gz
21946,daily,1929,https://data.meteostat.net/daily/1929/21946.csv.gz,C:\Users\LL1urace\OneDrive\Рабочий стол\meteostat_bulk_downloader_pack\meteostat_arctic_20_daily_monthly\daily\1929\21946.csv.gz
21946,daily,1930,https://data.meteostat.net/daily/1930/21946.csv.gz,C:\Users\LL1urace\OneDrive\Рабочий стол\meteostat_bulk_downloader_pack\meteostat_arctic_20_daily_monthly\daily\1930\21946.csv.gz
21946,daily,1931,https://data.meteostat.net/daily/1931/21946.csv.gz,C:\Users\LL1urace\OneDrive\Рабочий стол\meteostat_bulk_downloader_pack\meteostat_arctic_20_daily_monthly\daily\1931\21946.csv.gz
21946,daily,1932,https://data.meteostat.net/daily/1932/21946.csv.gz,C:\Users\LL1urace\OneDrive\Рабочий стол\meteostat_bulk_downloader_pack\meteostat_arctic_20_daily_monthly\daily\1932\21946.csv.gz
21946,daily,1933,https://data.meteostat.net/daily/1933/21946.csv.gz,C:\Users\LL1urace\OneDrive\Рабочий стол\meteostat_bulk_downloader_pack\meteostat_arctic_20_daily_monthly\daily\1933\21946.csv.gz
21946,daily,1934,https://data.meteostat.net/daily/1934/21946.csv.gz,C:\Users\LL1urace\OneDrive\Рабочий стол\meteostat_bulk_downloader_pack\meteostat_arctic_20_daily_monthly\daily\1934\21946.csv.gz
21946,daily,1935,https://data.meteostat.net/daily/1935/21946.csv.gz,C:\Users\LL1urace\OneDrive\Рабочий стол\meteostat_bulk_downloader_pack\meteostat_arctic_20_daily_monthly\daily\1935\21946.csv.gz
21946,daily,1936,https://data.meteostat.net/daily/1936/21946.csv.gz,C:\Users\LL1urace\OneDrive\Рабочий стол\meteostat_bulk_downloader_pack\meteostat_arctic_20_daily_monthly\daily\1936\21946.csv.gz
21946,daily,1937,https://data.meteostat.net/daily/1937/21946.csv.gz,C:\Users\LL1urace\OneDrive\Рабочий стол\meteostat_bulk_downloader_pack\meteostat_arctic_20_daily_monthly\daily\1937\21946.csv.gz
21946,daily,1938,https://data.meteostat.net/daily/1938/21946.csv.gz,C:\Users\LL1urace\OneDrive\Рабочий стол\meteostat_bulk_downloader_pack\meteostat_arctic_20_daily_monthly\daily\1938\21946.csv.gz
21946,daily,1939,https://data.meteostat.net/daily/1939/21946.csv.gz,C:\Users\LL1urace\OneDrive\Рабочий стол\meteostat_bulk_downloader_pack\meteostat_arctic_20_daily_monthly\daily\1939\21946.csv.gz
21946,daily,1940,https://data.meteostat.net/daily/1940/21946.csv.gz,C:\Users\LL1urace\OneDrive\Рабочий стол\meteostat_bulk_downloader_pack\meteostat_arctic_20_daily_monthly\daily\1940\21946.csv.gz
21946,daily,1941,https://data.meteostat.net/daily/1941/21946.csv.gz,C:\Users\LL1urace\OneDrive\Рабочий стол\meteostat_bulk_downloader_pack\meteostat_arctic_20_daily_monthly\daily\1941\21946.csv.gz
21946,daily,1942,https://data.meteostat.net/daily/1942/21946.csv.gz,C:\Users\LL1urace\OneDrive\Рабочий стол\meteostat_bulk_downloader_pack\meteostat_arctic_20_daily_monthly\daily\1942\21946.csv.gz
21946,daily,1943,https://data.meteostat.net/daily/1943/21946.csv.gz,C:\Users\LL1urace\OneDrive\Рабочий стол\meteostat_bulk_downloader_pack\meteostat_arctic_20_daily_monthly\daily\1943\21946.csv.gz
21946,daily,1944,https://data.meteostat.net/daily/1944/21946.csv.gz,C:\Users\LL1urace\OneDrive\Рабочий стол\meteostat_bulk_downloader_pack\meteostat_arctic_20_daily_monthly\daily\1944\21946.csv.gz
21946,daily,1945,https://data.meteostat.net/daily/1945/21946.csv.gz,C:\Users\LL1urace\OneDrive\Рабочий стол\meteostat_bulk_downloader_pack\meteostat_arctic_20_daily_monthly\daily\1945\21946.csv.gz
21946,daily,1946,https://data.meteostat.net/daily/1946/21946.csv.gz,C:\Users\LL1urace\OneDrive\Рабочий стол\meteostat_bulk_downloader_pack\meteostat_arctic_20_daily_monthly\daily\1946\21946.csv.gz
21946,daily,1947,https://data.meteostat.net/daily/1947/21946.csv.gz,C:\Users\LL1urace\OneDrive\Рабочий стол\meteostat_bulk_downloader_pack\meteostat_arctic_20_daily_monthly\daily\1947\21946.csv.gz
21946,daily,1948,https://data.meteostat.net/daily/1948/21946.csv.gz,C:\Users\LL1urace\OneDrive\Рабочий стол\meteostat_bulk_downloader_pack\meteostat_arctic_20_daily_monthly\daily\1948\21946.csv.gz
21946,daily,1949,https://data.meteostat.net/daily/1949/21946.csv.gz,C:\Users\LL1urace\OneDrive\Рабочий стол\meteostat_bulk_downloader_pack\meteostat_arctic_20_daily_monthly\daily\1949\21946.csv.gz
21946,daily,1950,https://data.meteostat.net/daily/1950/21946.csv.gz,C:\Users\LL1urace\OneDrive\Рабочий стол\meteostat_bulk_downloader_pack\meteostat_arctic_20_daily_monthly\daily\1950\21946.csv.gz
21946,daily,1951,https://data.meteostat.net/daily/1951/21946.csv.gz,C:\Users\LL1urace\OneDrive\Рабочий стол\meteostat_bulk_downloader_pack\meteostat_arctic_20_daily_monthly\daily\1951\21946.csv.gz
21946,daily,1952,https://data.meteostat.net/daily/1952/21946.csv.gz,C:\Users\LL1urace\OneDrive\Рабочий стол\meteostat_bulk_downloader_pack\meteostat_arctic_20_daily_monthly\daily\1952\21946.csv.gz
21946,daily,1953,https://data.meteostat.net/daily/1953/21946.csv.gz,C:\Users\LL1urace\OneDrive\Рабочий стол\meteostat_bulk_downloader_pack\meteostat_arctic_20_daily_monthly\daily\1953\21946.csv.gz
21946,daily,1954,https://data.meteostat.net/daily/1954/21946.csv.gz,C:\Users\LL1urace\OneDrive\Рабочий стол\meteostat_bulk_downloader_pack\meteostat_arctic_20_daily_monthly\daily\1954\21946.csv.gz
21946,daily,1955,https://data.meteostat.net/daily/1955/21946.csv.gz,C:\Users\LL1urace\OneDrive\Рабочий стол\meteostat_bulk_downloader_pack\meteostat_arctic_20_daily_monthly\daily\1955\21946.csv.gz
21946,daily,1956,https://data.meteostat.net/daily/1956/21946.csv.gz,C:\Users\LL1urace\OneDrive\Рабочий стол\meteostat_bulk_downloader_pack\meteostat_arctic_20_daily_monthly\daily\1956\21946.csv.gz
21946,daily,1957,https://data.meteostat.net/daily/1957/21946.csv.gz,C:\Users\LL1urace\OneDrive\Рабочий стол\meteostat_bulk_downloader_pack\meteostat_arctic_20_daily_monthly\daily\1957\21946.csv.gz
21946,daily,1958,https://data.meteostat.net/daily/1958/21946.csv.gz,C:\Users\LL1urace\OneDrive\Рабочий стол\meteostat_bulk_downloader_pack\meteostat_arctic_20_daily_monthly\daily\1958\21946.csv.gz
21946,daily,1959,https://data.meteostat.net/daily/1959/21946.csv.gz,C:\Users\LL1urace\OneDrive\Рабочий стол\meteostat_bulk_downloader_pack\meteostat_arctic_20_daily_monthly\daily\1959\21946.csv.gz
21946,daily,1960,https://data.meteostat.net/daily/1960/21946.csv.gz,C:\Users\LL1urace\OneDrive\Рабочий стол\meteostat_bulk_downloader_pack\meteostat_arctic_20_daily_monthly\daily\1960\21946.csv.gz
21946,daily,1961,https://data.meteostat.net/daily/1961/21946.csv.gz,C:\Users\LL1urace\OneDrive\Рабочий стол\meteostat_bulk_downloader_pack\meteostat_arctic_20_daily_monthly\daily\1961\21946.csv.gz
21946,daily,1962,https://data.meteostat.net/daily/1962/21946.csv.gz,C:\Users\LL1urace\OneDrive\Рабочий стол\meteostat_bulk_downloader_pack\meteostat_arctic_20_daily_monthly\daily\1962\21946.csv.gz
21946,daily,1963,https://data.meteostat.net/daily/1963/21946.csv.gz,C:\Users\LL1urace\OneDrive\Рабочий стол\meteostat_bulk_downloader_pack\meteostat_arctic_20_daily_monthly\daily\1963\21946.csv.gz
21946,daily,1964,https://data.meteostat.net/daily/1964/21946.csv.gz,C:\Users\LL1urace\OneDrive\Рабочий стол\meteostat_bulk_downloader_pack\meteostat_arctic_20_daily_monthly\daily\1964\21946.csv.gz
21946,daily,1965,https://data.meteostat.net/daily/1965/21946.csv.gz,C:\Users\LL1urace\OneDrive\Рабочий стол\meteostat_bulk_downloader_pack\meteostat_arctic_20_daily_monthly\daily\1965\21946.csv.gz
21946,daily,1966,https://data.meteostat.net/daily/1966/21946.csv.gz,C:\Users\LL1urace\OneDrive\Рабочий стол\meteostat_bulk_downloader_pack\meteostat_arctic_20_daily_monthly\daily\1966\21946.csv.gz
21946,daily,1967,https://data.meteostat.net/daily/1967/21946.csv.gz,C:\Users\LL1urace\OneDrive\Рабочий стол\meteostat_bulk_downloader_pack\meteostat_arctic_20_daily_monthly\daily\1967\21946.csv.gz
21946,daily,1968,https://data.meteostat.net/daily/1968/21946.csv.gz,C:\Users\LL1urace\OneDrive\Рабочий стол\meteostat_bulk_downloader_pack\meteostat_arctic_20_daily_monthly\daily\1968\21946.csv.gz
21946,daily,1969,https://data.meteostat.net/daily/1969/21946.csv.gz,C:\Users\LL1urace\OneDrive\Рабочий стол\meteostat_bulk_downloader_pack\meteostat_arctic_20_daily_monthly\daily\1969\21946.csv.gz
21946,daily,1970,https://data.meteostat.net/daily/1970/21946.csv.gz,C:\Users\LL1urace\OneDrive\Рабочий стол\meteostat_bulk_downloader_pack\meteostat_arctic_20_daily_monthly\daily\1970\21946.csv.gz
21946,daily,1971,https://data.meteostat.net/daily/1971/21946.csv.gz,C:\Users\LL1urace\OneDrive\Рабочий стол\meteostat_bulk_downloader_pack\meteostat_arctic_20_daily_monthly\daily\1971\21946.csv.gz
21946,daily,1972,https://data.meteostat.net/daily/1972/21946.csv.gz,C:\Users\LL1urace\OneDrive\Рабочий стол\meteostat_bulk_downloader_pack\meteostat_arctic_20_daily_monthly\daily\1972\21946.csv.gz
21946,daily,1973,https://data.meteostat.net/daily/1973/21946.csv.gz,C:\Users\LL1urace\OneDrive\Рабочий стол\meteostat_bulk_downloader_pack\meteostat_arctic_20_daily_monthly\daily\1973\21946.csv.gz
21946,daily,1974,https://data.meteostat.net/daily/1974/21946.csv.gz,C:\Users\LL1urace\OneDrive\Рабочий стол\meteostat_bulk_downloader_pack\meteostat_arctic_20_daily_monthly\daily\1974\21946.csv.gz
21946,daily,1975,https://data.meteostat.net/daily/1975/21946.csv.gz,C:\Users\LL1urace\OneDrive\Рабочий стол\meteostat_bulk_downloader_pack\meteostat_arctic_20_daily_monthly\daily\1975\21946.csv.gz
21946,daily,1976,https://data.meteostat.net/daily/1976/21946.csv.gz,C:\Users\LL1urace\OneDrive\Рабочий стол\meteostat_bulk_downloader_pack\meteostat_arctic_20_daily_monthly\daily\1976\21946.csv.gz
21946,daily,1977,https://data.meteostat.net/daily/1977/21946.csv.gz,C:\Users\LL1urace\OneDrive\Рабочий стол\meteostat_bulk_downloader_pack\meteostat_arctic_20_daily_monthly\daily\1977\21946.csv.gz
21946,daily,1978,https://data.meteostat.net/daily/1978/21946.csv.gz,C:\Users\LL1urace\OneDrive\Рабочий стол\meteostat_bulk_downloader_pack\meteostat_arctic_20_daily_monthly\daily\1978\21946.csv.gz
21946,daily,1979,https://data.meteostat.net/daily/1979/21946.csv.gz,C:\Users\LL1urace\OneDrive\Рабочий стол\meteostat_bulk_downloader_pack\meteostat_arctic_20_daily_monthly\daily\1979\21946.csv.gz
21946,daily,1980,https://data.meteostat.net/daily/1980/21946.csv.gz,C:\Users\LL1urace\OneDrive\Рабочий стол\meteostat_bulk_downloader_pack\meteostat_arctic_20_daily_monthly\daily\1980\21946.csv.gz
21946,daily,1981,https://data.meteostat.net/daily/1981/21946.csv.gz,C:\Users\LL1urace\OneDrive\Рабочий стол\meteostat_bulk_downloader_pack\meteostat_arctic_20_daily_monthly\daily\1981\21946.csv.gz
21946,daily,1982,https://data.meteostat.net/daily/1982/21946.csv.gz,C:\Users\LL1urace\OneDrive\Рабочий стол\meteostat_bulk_downloader_pack\meteostat_arctic_20_daily_monthly\daily\1982\21946.csv.gz
21946,daily,1983,https://data.meteostat.net/daily/1983/21946.csv.gz,C:\Users\LL1urace\OneDrive\Рабочий стол\meteostat_bulk_downloader_pack\meteostat_arctic_20_daily_monthly\daily\1983\21946.csv.gz
21946,daily,1984,https://data.meteostat.net/daily/1984/21946.csv.gz,C:\Users\LL1urace\OneDrive\Рабочий стол\meteostat_bulk_downloader_pack\meteostat_arctic_20_daily_monthly\daily\1984\21946.csv.gz
21946,daily,1985,https://data.meteostat.net/daily/1985/21946.csv.gz,C:\Users\LL1urace\OneDrive\Рабочий стол\meteostat_bulk_downloader_pack\meteostat_arctic_20_daily_monthly\daily\1985\21946.csv.gz
21946,daily,1986,https://data.meteostat.net/daily/1986/21946.csv.gz,C:\Users\LL1urace\OneDrive\Рабочий стол\meteostat_bulk_downloader_pack\meteostat_arctic_20_daily_monthly\daily\1986\21946.csv.gz
21946,daily,1987,https://data.meteostat.net/daily/1987/21946.csv.gz,C:\Users\LL1urace\OneDrive\Рабочий стол\meteostat_bulk_downloader_pack\meteostat_arctic_20_daily_monthly\daily\1987\21946.csv.gz
21946,daily,1988,https://data.meteostat.net/daily/1988/21946.csv.gz,C:\Users\LL1urace\OneDrive\Рабочий стол\meteostat_bulk_downloader_pack\meteostat_arctic_20_daily_monthly\daily\1988\21946.csv.gz
21946,daily,1989,https://data.meteostat.net/daily/1989/21946.csv.gz,C:\Users\LL1urace\OneDrive\Рабочий стол\meteostat_bulk_downloader_pack\meteostat_arctic_20_daily_monthly\daily\1989\21946.csv.gz
21946,daily,1990,https://data.meteostat.net/daily/1990/21946.csv.gz,C:\Users\LL1urace\OneDrive\Рабочий стол\meteostat_bulk_downloader_pack\meteostat_arctic_20_daily_monthly\daily\1990\21946.csv.gz
21946,daily,1991,https://data.meteostat.net/daily/1991/21946.csv.gz,C:\Users\LL1urace\OneDrive\Рабочий стол\meteostat_bulk_downloader_pack\meteostat_arctic_20_daily_monthly\daily\1991\21946.csv.gz
21946,daily,1992,https://data.meteostat.net/daily/1992/21946.csv.gz,C:\Users\LL1urace\OneDrive\Рабочий стол\meteostat_bulk_downloader_pack\meteostat_arctic_20_daily_monthly\daily\1992\21946.csv.gz
21946,daily,1993,https://data.meteostat.net/daily/1993/21946.csv.gz,C:\Users\LL1urace\OneDrive\Рабочий стол\meteostat_bulk_downloader_pack\meteostat_arctic_20_daily_monthly\daily\1993\21946.csv.gz
21946,daily,1994,https://data.meteostat.net/daily/1994/21946.csv.gz,C:\Users\LL1urace\OneDrive\Рабочий стол\meteostat_bulk_downloader_pack\meteostat_arctic_20_daily_monthly\daily\1994\21946.csv.gz
21946,daily,1995,https://data.meteostat.net/daily/1995/21946.csv.gz,C:\Users\LL1urace\OneDrive\Рабочий стол\meteostat_bulk_downloader_pack\meteostat_arctic_20_daily_monthly\daily\1995\21946.csv.gz
21946,daily,1996,https://data.meteostat.net/daily/1996/21946.csv.gz,C:\Users\LL1urace\OneDrive\Рабочий стол\meteostat_bulk_downloader_pack\meteostat_arctic_20_daily_monthly\daily\1996\21946.csv.gz
21946,daily,1997,https://data.meteostat.net/daily/1997/21946.csv.gz,C:\Users\LL1urace\OneDrive\Рабочий стол\meteostat_bulk_downloader_pack\meteostat_arctic_20_daily_monthly\daily\1997\21946.csv.gz
21946,daily,1998,https://data.meteostat.net/daily/1998/21946.csv.gz,C:\Users\LL1urace\OneDrive\Рабочий стол\meteostat_bulk_downloader_pack\meteostat_arctic_20_daily_monthly\daily\1998\21946.csv.gz
21946,daily,1999,https://data.meteostat.net/daily/1999/21946.csv.gz,C:\Users\LL1urace\OneDrive\Рабочий стол\meteostat_bulk_downloader_pack\meteostat_arctic_20_daily_monthly\daily\1999\21946.csv.gz
21946,daily,2000,https://data.meteostat.net/daily/2000/21946.csv.gz,C:\Users\LL1urace\OneDrive\Рабочий стол\meteostat_bulk_downloader_pack\meteostat_arctic_20_daily_monthly\daily\2000\21946.csv.gz
21946,daily,2001,https://data.meteostat.net/daily/2001/21946.csv.gz,C:\Users\LL1urace\OneDrive\Рабочий стол\meteostat_bulk_downloader_pack\meteostat_arctic_20_daily_monthly\daily\2001\21946.csv.gz
21946,daily,2002,https://data.meteostat.net/daily/2002/21946.csv.gz,C:\Users\LL1urace\OneDrive\Рабочий стол\meteostat_bulk_downloader_pack\meteostat_arctic_20_daily_monthly\daily\2002\21946.csv.gz
21946,daily,2003,https://data.meteostat.net/daily/2003/21946.csv.gz,C:\Users\LL1urace\OneDrive\Рабочий стол\meteostat_bulk_downloader_pack\meteostat_arctic_20_daily_monthly\daily\2003\21946.csv.gz
21946,daily,2004,https://data.meteostat.net/daily/2004/21946.csv.gz,C:\Users\LL1urace\OneDrive\Рабочий стол\meteostat_bulk_downloader_pack\meteostat_arctic_20_daily_monthly\daily\2004\21946.csv.gz
21946,daily,2005,https://data.meteostat.net/daily/2005/21946.csv.gz,C:\Users\LL1urace\OneDrive\Рабочий стол\meteostat_bulk_downloader_pack\meteostat_arctic_20_daily_monthly\daily\2005\21946.csv.gz
21946,daily,2006,https://data.meteostat.net/daily/2006/21946.csv.gz,C:\Users\LL1urace\OneDrive\Рабочий стол\meteostat_bulk_downloader_pack\meteostat_arctic_20_daily_monthly\daily\2006\21946.csv.gz
21946,daily,2007,https://data.meteostat.net/daily/2007/21946.csv.gz,C:\Users\LL1urace\OneDrive\Рабочий стол\meteostat_bulk_downloader_pack\meteostat_arctic_20_daily_monthly\daily\2007\21946.csv.gz
21946,daily,2008,https://data.meteostat.net/daily/2008/21946.csv.gz,C:\Users\LL1urace\OneDrive\Рабочий стол\meteostat_bulk_downloader_pack\meteostat_arctic_20_daily_monthly\daily\2008\21946.csv.gz
21946,daily,2009,https://data.meteostat.net/daily/2009/21946.csv.gz,C:\Users\LL1urace\OneDrive\Рабочий стол\meteostat_bulk_downloader_pack\meteostat_arctic_20_daily_monthly\daily\2009\21946.csv.gz
21946,daily,2010,https://data.meteostat.net/daily/2010/21946.csv.gz,C:\Users\LL1urace\OneDrive\Рабочий стол\meteostat_bulk_downloader_pack\meteostat_arctic_20_daily_monthly\daily\2010\21946.csv.gz
21946,daily,2011,https://data.meteostat.net/daily/2011/21946.csv.gz,C:\Users\LL1urace\OneDrive\Рабочий стол\meteostat_bulk_downloader_pack\meteostat_arctic_20_daily_monthly\daily\2011\21946.csv.gz
21946,daily,2012,https://data.meteostat.net/daily/2012/21946.csv.gz,C:\Users\LL1urace\OneDrive\Рабочий стол\meteostat_bulk_downloader_pack\meteostat_arctic_20_daily_monthly\daily\2012\21946.csv.gz
21946,daily,2013,https://data.meteostat.net/daily/2013/21946.csv.gz,C:\Users\LL1urace\OneDrive\Рабочий стол\meteostat_bulk_downloader_pack\meteostat_arctic_20_daily_monthly\daily\2013\21946.csv.gz
21946,daily,2014,https://data.meteostat.net/daily/2014/21946.csv.gz,C:\Users\LL1urace\OneDrive\Рабочий стол\meteostat_bulk_downloader_pack\meteostat_arctic_20_daily_monthly\daily\2014\21946.csv.gz
21946,daily,2015,https://data.meteostat.net/daily/2015/21946.csv.gz,C:\Users\LL1urace\OneDrive\Рабочий стол\meteostat_bulk_downloader_pack\meteostat_arctic_20_daily_monthly\daily\2015\21946.csv.gz
21946,daily,2016,https://data.meteostat.net/daily/2016/21946.csv.gz,C:\Users\LL1urace\OneDrive\Рабочий стол\meteostat_bulk_downloader_pack\meteostat_arctic_20_daily_monthly\daily\2016\21946.csv.gz
21946,daily,2017,https://data.meteostat.net/daily/2017/21946.csv.gz,C:\Users\LL1urace\OneDrive\Рабочий стол\meteostat_bulk_downloader_pack\meteostat_arctic_20_daily_monthly\daily\2017\21946.csv.gz
21946,daily,2018,https://data.meteostat.net/daily/2018/21946.csv.gz,C:\Users\LL1urace\OneDrive\Рабочий стол\meteostat_bulk_downloader_pack\meteostat_arctic_20_daily_monthly\daily\2018\21946.csv.gz
21946,daily,2019,https://data.meteostat.net/daily/2019/21946.csv.gz,C:\Users\LL1urace\OneDrive\Рабочий стол\meteostat_bulk_downloader_pack\meteostat_arctic_20_daily_monthly\daily\2019\21946.csv.gz
21946,daily,2020,https://data.meteostat.net/daily/2020/21946.csv.gz,C:\Users\LL1urace\OneDrive\Рабочий стол\meteostat_bulk_downloader_pack\meteostat_arctic_20_daily_monthly\daily\2020\21946.csv.gz
21946,daily,2021,https://data.meteostat.net/daily/2021/21946.csv.gz,C:\Users\LL1urace\OneDrive\Рабочий стол\meteostat_bulk_downloader_pack\meteostat_arctic_20_daily_monthly\daily\2021\21946.csv.gz
21946,daily,2022,https://data.meteostat.net/daily/2022/21946.csv.gz,C:\Users\LL1urace\OneDrive\Рабочий стол\meteostat_bulk_downloader_pack\meteostat_arctic_20_daily_monthly\daily\2022\21946.csv.gz
21946,daily,2023,https://data.meteostat.net/daily/2023/21946.csv.gz,C:\Users\LL1urace\OneDrive\Рабочий стол\meteostat_bulk_downloader_pack\meteostat_arctic_20_daily_monthly\daily\2023\21946.csv.gz
21946,daily,2024,https://data.meteostat.net/daily/2024/21946.csv.gz,C:\Users\LL1urace\OneDrive\Рабочий стол\meteostat_bulk_downloader_pack\meteostat_arctic_20_daily_monthly\daily\2024\21946.csv.gz
21946,daily,2025,https://data.meteostat.net/daily/2025/21946.csv.gz,C:\Users\LL1urace\OneDrive\Рабочий стол\meteostat_bulk_downloader_pack\meteostat_arctic_20_daily_monthly\daily\2025\21946.csv.gz
21946,daily,2026,https://data.meteostat.net/daily/2026/21946.csv.gz,C:\Users\LL1urace\OneDrive\Рабочий стол\meteostat_bulk_downloader_pack\meteostat_arctic_20_daily_monthly\daily\2026\21946.csv.gz
25123,monthly,,https://data.meteostat.net/monthly/25123.csv.gz,C:\Users\LL1urace\OneDrive\Рабочий стол\meteostat_bulk_downloader_pack\meteostat_arctic_20_daily_monthly\monthly\25123.csv.gz
25123,daily,1900,https://data.meteostat.net/daily/1900/25123.csv.gz,C:\Users\LL1urace\OneDrive\Рабочий стол\meteostat_bulk_downloader_pack\meteostat_arctic_20_daily_monthly\daily\1900\25123.csv.gz
25123,daily,1901,https://data.meteostat.net/daily/1901/25123.csv.gz,C:\Users\LL1urace\OneDrive\Рабочий стол\meteostat_bulk_downloader_pack\meteostat_arctic_20_daily_monthly\daily\1901\25123.csv.gz
25123,daily,1902,https://data.meteostat.net/daily/1902/25123.csv.gz,C:\Users\LL1urace\OneDrive\Рабочий стол\meteostat_bulk_downloader_pack\meteostat_arctic_20_daily_monthly\daily\1902\25123.csv.gz
25123,daily,1903,https://data.meteostat.net/daily/1903/25123.csv.gz,C:\Users\LL1urace\OneDrive\Рабочий стол\meteostat_bulk_downloader_pack\meteostat_arctic_20_daily_monthly\daily\1903\25123.csv.gz
25123,daily,1904,https://data.meteostat.net/daily/1904/25123.csv.gz,C:\Users\LL1urace\OneDrive\Рабочий стол\meteostat_bulk_downloader_pack\meteostat_arctic_20_daily_monthly\daily\1904\25123.csv.gz
25123,daily,1905,https://data.meteostat.net/daily/1905/25123.csv.gz,C:\Users\LL1urace\OneDrive\Рабочий стол\meteostat_bulk_downloader_pack\meteostat_arctic_20_daily_monthly\daily\1905\25123.csv.gz
25123,daily,1906,https://data.meteostat.net/daily/1906/25123.csv.gz,C:\Users\LL1urace\OneDrive\Рабочий стол\meteostat_bulk_downloader_pack\meteostat_arctic_20_daily_monthly\daily\1906\25123.csv.gz
25123,daily,1907,https://data.meteostat.net/daily/1907/25123.csv.gz,C:\Users\LL1urace\OneDrive\Рабочий стол\meteostat_bulk_downloader_pack\meteostat_arctic_20_daily_monthly\daily\1907\25123.csv.gz
25123,daily,1908,https://data.meteostat.net/daily/1908/25123.csv.gz,C:\Users\LL1urace\OneDrive\Рабочий стол\meteostat_bulk_downloader_pack\meteostat_arctic_20_daily_monthly\daily\1908\25123.csv.gz
25123,daily,1909,https://data.meteostat.net/daily/1909/25123.csv.gz,C:\Users\LL1urace\OneDrive\Рабочий стол\meteostat_bulk_downloader_pack\meteostat_arctic_20_daily_monthly\daily\1909\25123.csv.gz
25123,daily,1910,https://data.meteostat.net/daily/1910/25123.csv.gz,C:\Users\LL1urace\OneDrive\Рабочий стол\meteostat_bulk_downloader_pack\meteostat_arctic_20_daily_monthly\daily\1910\25123.csv.gz
25123,daily,1911,https://data.meteostat.net/daily/1911/25123.csv.gz,C:\Users\LL1urace\OneDrive\Рабочий стол\meteostat_bulk_downloader_pack\meteostat_arctic_20_daily_monthly\daily\1911\25123.csv.gz
25123,daily,1912,https://data.meteostat.net/daily/1912/25123.csv.gz,C:\Users\LL1urace\OneDrive\Рабочий стол\meteostat_bulk_downloader_pack\meteostat_arctic_20_daily_monthly\daily\1912\25123.csv.gz
25123,daily,1913,https://data.meteostat.net/daily/1913/25123.csv.gz,C:\Users\LL1urace\OneDrive\Рабочий стол\meteostat_bulk_downloader_pack\meteostat_arctic_20_daily_monthly\daily\1913\25123.csv.gz
25123,daily,1914,https://data.meteostat.net/daily/1914/25123.csv.gz,C:\Users\LL1urace\OneDrive\Рабочий стол\meteostat_bulk_downloader_pack\meteostat_arctic_20_daily_monthly\daily\1914\25123.csv.gz
25123,daily,1915,https://data.meteostat.net/daily/1915/25123.csv.gz,C:\Users\LL1urace\OneDrive\Рабочий стол\meteostat_bulk_downloader_pack\meteostat_arctic_20_daily_monthly\daily\1915\25123.csv.gz
25123,daily,1916,https://data.meteostat.net/daily/1916/25123.csv.gz,C:\Users\LL1urace\OneDrive\Рабочий стол\meteostat_bulk_downloader_pack\meteostat_arctic_20_daily_monthly\daily\1916\25123.csv.gz
25123,daily,1917,https://data.meteostat.net/daily/1917/25123.csv.gz,C:\Users\LL1urace\OneDrive\Рабочий стол\meteostat_bulk_downloader_pack\meteostat_arctic_20_daily_monthly\daily\1917\25123.csv.gz
25123,daily,1918,https://data.meteostat.net/daily/1918/25123.csv.gz,C:\Users\LL1urace\OneDrive\Рабочий стол\meteostat_bulk_downloader_pack\meteostat_arctic_20_daily_monthly\daily\1918\25123.csv.gz
25123,daily,1919,https://data.meteostat.net/daily/1919/25123.csv.gz,C:\Users\LL1urace\OneDrive\Рабочий стол\meteostat_bulk_downloader_pack\meteostat_arctic_20_daily_monthly\daily\1919\25123.csv.gz
25123,daily,1920,https://data.meteostat.net/daily/1920/25123.csv.gz,C:\Users\LL1urace\OneDrive\Рабочий стол\meteostat_bulk_downloader_pack\meteostat_arctic_20_daily_monthly\daily\1920\25123.csv.gz
25123,daily,1921,https://data.meteostat.net/daily/1921/25123.csv.gz,C:\Users\LL1urace\OneDrive\Рабочий стол\meteostat_bulk_downloader_pack\meteostat_arctic_20_daily_monthly\daily\1921\25123.csv.gz
25123,daily,1922,https://data.meteostat.net/daily/1922/25123.csv.gz,C:\Users\LL1urace\OneDrive\Рабочий стол\meteostat_bulk_downloader_pack\meteostat_arctic_20_daily_monthly\daily\1922\25123.csv.gz
25123,daily,1923,https://data.meteostat.net/daily/1923/25123.csv.gz,C:\Users\LL1urace\OneDrive\Рабочий стол\meteostat_bulk_downloader_pack\meteostat_arctic_20_daily_monthly\daily\1923\25123.csv.gz
25123,daily,1924,https://data.meteostat.net/daily/1924/25123.csv.gz,C:\Users\LL1urace\OneDrive\Рабочий стол\meteostat_bulk_downloader_pack\meteostat_arctic_20_daily_monthly\daily\1924\25123.csv.gz
25123,daily,1925,https://data.meteostat.net/daily/1925/25123.csv.gz,C:\Users\LL1urace\OneDrive\Рабочий стол\meteostat_bulk_downloader_pack\meteostat_arctic_20_daily_monthly\daily\1925\25123.csv.gz
25123,daily,1926,https://data.meteostat.net/daily/1926/25123.csv.gz,C:\Users\LL1urace\OneDrive\Рабочий стол\meteostat_bulk_downloader_pack\meteostat_arctic_20_daily_monthly\daily\1926\25123.csv.gz
25123,daily,1927,https://data.meteostat.net/daily/1927/25123.csv.gz,C:\Users\LL1urace\OneDrive\Рабочий стол\meteostat_bulk_downloader_pack\meteostat_arctic_20_daily_monthly\daily\1927\25123.csv.gz
25123,daily,1928,https://data.meteostat.net/daily/1928/25123.csv.gz,C:\Users\LL1urace\OneDrive\Рабочий стол\meteostat_bulk_downloader_pack\meteostat_arctic_20_daily_monthly\daily\1928\25123.csv.gz
25123,daily,1929,https://data.meteostat.net/daily/1929/25123.csv.gz,C:\Users\LL1urace\OneDrive\Рабочий стол\meteostat_bulk_downloader_pack\meteostat_arctic_20_daily_monthly\daily\1929\25123.csv.gz
25123,daily,1930,https://data.meteostat.net/daily/1930/25123.csv.gz,C:\Users\LL1urace\OneDrive\Рабочий стол\meteostat_bulk_downloader_pack\meteostat_arctic_20_daily_monthly\daily\1930\25123.csv.gz
25123,daily,1931,https://data.meteostat.net/daily/1931/25123.csv.gz,C:\Users\LL1urace\OneDrive\Рабочий стол\meteostat_bulk_downloader_pack\meteostat_arctic_20_daily_monthly\daily\1931\25123.csv.gz
25123,daily,1932,https://data.meteostat.net/daily/1932/25123.csv.gz,C:\Users\LL1urace\OneDrive\Рабочий стол\meteostat_bulk_downloader_pack\meteostat_arctic_20_daily_monthly\daily\1932\25123.csv.gz
25123,daily,1933,https://data.meteostat.net/daily/1933/25123.csv.gz,C:\Users\LL1urace\OneDrive\Рабочий стол\meteostat_bulk_downloader_pack\meteostat_arctic_20_daily_monthly\daily\1933\25123.csv.gz
25123,daily,1934,https://data.meteostat.net/daily/1934/25123.csv.gz,C:\Users\LL1urace\OneDrive\Рабочий стол\meteostat_bulk_downloader_pack\meteostat_arctic_20_daily_monthly\daily\1934\25123.csv.gz
25123,daily,1935,https://data.meteostat.net/daily/1935/25123.csv.gz,C:\Users\LL1urace\OneDrive\Рабочий стол\meteostat_bulk_downloader_pack\meteostat_arctic_20_daily_monthly\daily\1935\25123.csv.gz
25123,daily,1936,https://data.meteostat.net/daily/1936/25123.csv.gz,C:\Users\LL1urace\OneDrive\Рабочий стол\meteostat_bulk_downloader_pack\meteostat_arctic_20_daily_monthly\daily\1936\25123.csv.gz
25123,daily,1937,https://data.meteostat.net/daily/1937/25123.csv.gz,C:\Users\LL1urace\OneDrive\Рабочий стол\meteostat_bulk_downloader_pack\meteostat_arctic_20_daily_monthly\daily\1937\25123.csv.gz
25123,daily,1938,https://data.meteostat.net/daily/1938/25123.csv.gz,C:\Users\LL1urace\OneDrive\Рабочий стол\meteostat_bulk_downloader_pack\meteostat_arctic_20_daily_monthly\daily\1938\25123.csv.gz
25123,daily,1939,https://data.meteostat.net/daily/1939/25123.csv.gz,C:\Users\LL1urace\OneDrive\Рабочий стол\meteostat_bulk_downloader_pack\meteostat_arctic_20_daily_monthly\daily\1939\25123.csv.gz
25123,daily,1940,https://data.meteostat.net/daily/1940/25123.csv.gz,C:\Users\LL1urace\OneDrive\Рабочий стол\meteostat_bulk_downloader_pack\meteostat_arctic_20_daily_monthly\daily\1940\25123.csv.gz
25123,daily,1941,https://data.meteostat.net/daily/1941/25123.csv.gz,C:\Users\LL1urace\OneDrive\Рабочий стол\meteostat_bulk_downloader_pack\meteostat_arctic_20_daily_monthly\daily\1941\25123.csv.gz
25123,daily,1942,https://data.meteostat.net/daily/1942/25123.csv.gz,C:\Users\LL1urace\OneDrive\Рабочий стол\meteostat_bulk_downloader_pack\meteostat_arctic_20_daily_monthly\daily\1942\25123.csv.gz
25123,daily,1943,https://data.meteostat.net/daily/1943/25123.csv.gz,C:\Users\LL1urace\OneDrive\Рабочий стол\meteostat_bulk_downloader_pack\meteostat_arctic_20_daily_monthly\daily\1943\25123.csv.gz
25123,daily,1944,https://data.meteostat.net/daily/1944/25123.csv.gz,C:\Users\LL1urace\OneDrive\Рабочий стол\meteostat_bulk_downloader_pack\meteostat_arctic_20_daily_monthly\daily\1944\25123.csv.gz
25123,daily,1945,https://data.meteostat.net/daily/1945/25123.csv.gz,C:\Users\LL1urace\OneDrive\Рабочий стол\meteostat_bulk_downloader_pack\meteostat_arctic_20_daily_monthly\daily\1945\25123.csv.gz
25123,daily,1946,https://data.meteostat.net/daily/1946/25123.csv.gz,C:\Users\LL1urace\OneDrive\Рабочий стол\meteostat_bulk_downloader_pack\meteostat_arctic_20_daily_monthly\daily\1946\25123.csv.gz
25123,daily,1947,https://data.meteostat.net/daily/1947/25123.csv.gz,C:\Users\LL1urace\OneDrive\Рабочий стол\meteostat_bulk_downloader_pack\meteostat_arctic_20_daily_monthly\daily\1947\25123.csv.gz
25123,daily,1948,https://data.meteostat.net/daily/1948/25123.csv.gz,C:\Users\LL1urace\OneDrive\Рабочий стол\meteostat_bulk_downloader_pack\meteostat_arctic_20_daily_monthly\daily\1948\25123.csv.gz
25123,daily,1949,https://data.meteostat.net/daily/1949/25123.csv.gz,C:\Users\LL1urace\OneDrive\Рабочий стол\meteostat_bulk_downloader_pack\meteostat_arctic_20_daily_monthly\daily\1949\25123.csv.gz
25123,daily,1950,https://data.meteostat.net/daily/1950/25123.csv.gz,C:\Users\LL1urace\OneDrive\Рабочий стол\meteostat_bulk_downloader_pack\meteostat_arctic_20_daily_monthly\daily\1950\25123.csv.gz
25123,daily,1951,https://data.meteostat.net/daily/1951/25123.csv.gz,C:\Users\LL1urace\OneDrive\Рабочий стол\meteostat_bulk_downloader_pack\meteostat_arctic_20_daily_monthly\daily\1951\25123.csv.gz
25123,daily,1952,https://data.meteostat.net/daily/1952/25123.csv.gz,C:\Users\LL1urace\OneDrive\Рабочий стол\meteostat_bulk_downloader_pack\meteostat_arctic_20_daily_monthly\daily\1952\25123.csv.gz
25123,daily,1953,https://data.meteostat.net/daily/1953/25123.csv.gz,C:\Users\LL1urace\OneDrive\Рабочий стол\meteostat_bulk_downloader_pack\meteostat_arctic_20_daily_monthly\daily\1953\25123.csv.gz
25123,daily,1954,https://data.meteostat.net/daily/1954/25123.csv.gz,C:\Users\LL1urace\OneDrive\Рабочий стол\meteostat_bulk_downloader_pack\meteostat_arctic_20_daily_monthly\daily\1954\25123.csv.gz
25123,daily,1955,https://data.meteostat.net/daily/1955/25123.csv.gz,C:\Users\LL1urace\OneDrive\Рабочий стол\meteostat_bulk_downloader_pack\meteostat_arctic_20_daily_monthly\daily\1955\25123.csv.gz
25123,daily,1956,https://data.meteostat.net/daily/1956/25123.csv.gz,C:\Users\LL1urace\OneDrive\Рабочий стол\meteostat_bulk_downloader_pack\meteostat_arctic_20_daily_monthly\daily\1956\25123.csv.gz
25123,daily,1957,https://data.meteostat.net/daily/1957/25123.csv.gz,C:\Users\LL1urace\OneDrive\Рабочий стол\meteostat_bulk_downloader_pack\meteostat_arctic_20_daily_monthly\daily\1957\25123.csv.gz
25123,daily,1958,https://data.meteostat.net/daily/1958/25123.csv.gz,C:\Users\LL1urace\OneDrive\Рабочий стол\meteostat_bulk_downloader_pack\meteostat_arctic_20_daily_monthly\daily\1958\25123.csv.gz
25123,daily,1959,https://data.meteostat.net/daily/1959/25123.csv.gz,C:\Users\LL1urace\OneDrive\Рабочий стол\meteostat_bulk_downloader_pack\meteostat_arctic_20_daily_monthly\daily\1959\25123.csv.gz
25123,daily,1960,https://data.meteostat.net/daily/1960/25123.csv.gz,C:\Users\LL1urace\OneDrive\Рабочий стол\meteostat_bulk_downloader_pack\meteostat_arctic_20_daily_monthly\daily\1960\25123.csv.gz
25123,daily,1961,https://data.meteostat.net/daily/1961/25123.csv.gz,C:\Users\LL1urace\OneDrive\Рабочий стол\meteostat_bulk_downloader_pack\meteostat_arctic_20_daily_monthly\daily\1961\25123.csv.gz
25123,daily,1962,https://data.meteostat.net/daily/1962/25123.csv.gz,C:\Users\LL1urace\OneDrive\Рабочий стол\meteostat_bulk_downloader_pack\meteostat_arctic_20_daily_monthly\daily\1962\25123.csv.gz
25123,daily,1963,https://data.meteostat.net/daily/1963/25123.csv.gz,C:\Users\LL1urace\OneDrive\Рабочий стол\meteostat_bulk_downloader_pack\meteostat_arctic_20_daily_monthly\daily\1963\25123.csv.gz
25123,daily,1964,https://data.meteostat.net/daily/1964/25123.csv.gz,C:\Users\LL1urace\OneDrive\Рабочий стол\meteostat_bulk_downloader_pack\meteostat_arctic_20_daily_monthly\daily\1964\25123.csv.gz
25123,daily,1965,https://data.meteostat.net/daily/1965/25123.csv.gz,C:\Users\LL1urace\OneDrive\Рабочий стол\meteostat_bulk_downloader_pack\meteostat_arctic_20_daily_monthly\daily\1965\25123.csv.gz
25123,daily,1966,https://data.meteostat.net/daily/1966/25123.csv.gz,C:\Users\LL1urace\OneDrive\Рабочий стол\meteostat_bulk_downloader_pack\meteostat_arctic_20_daily_monthly\daily\1966\25123.csv.gz
25123,daily,1967,https://data.meteostat.net/daily/1967/25123.csv.gz,C:\Users\LL1urace\OneDrive\Рабочий стол\meteostat_bulk_downloader_pack\meteostat_arctic_20_daily_monthly\daily\1967\25123.csv.gz
25123,daily,1968,https://data.meteostat.net/daily/1968/25123.csv.gz,C:\Users\LL1urace\OneDrive\Рабочий стол\meteostat_bulk_downloader_pack\meteostat_arctic_20_daily_monthly\daily\1968\25123.csv.gz
25123,daily,1969,https://data.meteostat.net/daily/1969/25123.csv.gz,C:\Users\LL1urace\OneDrive\Рабочий стол\meteostat_bulk_downloader_pack\meteostat_arctic_20_daily_monthly\daily\1969\25123.csv.gz
25123,daily,1970,https://data.meteostat.net/daily/1970/25123.csv.gz,C:\Users\LL1urace\OneDrive\Рабочий стол\meteostat_bulk_downloader_pack\meteostat_arctic_20_daily_monthly\daily\1970\25123.csv.gz
25123,daily,1971,https://data.meteostat.net/daily/1971/25123.csv.gz,C:\Users\LL1urace\OneDrive\Рабочий стол\meteostat_bulk_downloader_pack\meteostat_arctic_20_daily_monthly\daily\1971\25123.csv.gz
25123,daily,1972,https://data.meteostat.net/daily/1972/25123.csv.gz,C:\Users\LL1urace\OneDrive\Рабочий стол\meteostat_bulk_downloader_pack\meteostat_arctic_20_daily_monthly\daily\1972\25123.csv.gz
25123,daily,1973,https://data.meteostat.net/daily/1973/25123.csv.gz,C:\Users\LL1urace\OneDrive\Рабочий стол\meteostat_bulk_downloader_pack\meteostat_arctic_20_daily_monthly\daily\1973\25123.csv.gz
25123,daily,1974,https://data.meteostat.net/daily/1974/25123.csv.gz,C:\Users\LL1urace\OneDrive\Рабочий стол\meteostat_bulk_downloader_pack\meteostat_arctic_20_daily_monthly\daily\1974\25123.csv.gz
25123,daily,1975,https://data.meteostat.net/daily/1975/25123.csv.gz,C:\Users\LL1urace\OneDrive\Рабочий стол\meteostat_bulk_downloader_pack\meteostat_arctic_20_daily_monthly\daily\1975\25123.csv.gz
25123,daily,1976,https://data.meteostat.net/daily/1976/25123.csv.gz,C:\Users\LL1urace\OneDrive\Рабочий стол\meteostat_bulk_downloader_pack\meteostat_arctic_20_daily_monthly\daily\1976\25123.csv.gz
25123,daily,1977,https://data.meteostat.net/daily/1977/25123.csv.gz,C:\Users\LL1urace\OneDrive\Рабочий стол\meteostat_bulk_downloader_pack\meteostat_arctic_20_daily_monthly\daily\1977\25123.csv.gz
25123,daily,1978,https://data.meteostat.net/daily/1978/25123.csv.gz,C:\Users\LL1urace\OneDrive\Рабочий стол\meteostat_bulk_downloader_pack\meteostat_arctic_20_daily_monthly\daily\1978\25123.csv.gz
25123,daily,1979,https://data.meteostat.net/daily/1979/25123.csv.gz,C:\Users\LL1urace\OneDrive\Рабочий стол\meteostat_bulk_downloader_pack\meteostat_arctic_20_daily_monthly\daily\1979\25123.csv.gz
25123,daily,1980,https://data.meteostat.net/daily/1980/25123.csv.gz,C:\Users\LL1urace\OneDrive\Рабочий стол\meteostat_bulk_downloader_pack\meteostat_arctic_20_daily_monthly\daily\1980\25123.csv.gz
25123,daily,1981,https://data.meteostat.net/daily/1981/25123.csv.gz,C:\Users\LL1urace\OneDrive\Рабочий стол\meteostat_bulk_downloader_pack\meteostat_arctic_20_daily_monthly\daily\1981\25123.csv.gz
25123,daily,1982,https://data.meteostat.net/daily/1982/25123.csv.gz,C:\Users\LL1urace\OneDrive\Рабочий стол\meteostat_bulk_downloader_pack\meteostat_arctic_20_daily_monthly\daily\1982\25123.csv.gz
25123,daily,1983,https://data.meteostat.net/daily/1983/25123.csv.gz,C:\Users\LL1urace\OneDrive\Рабочий стол\meteostat_bulk_downloader_pack\meteostat_arctic_20_daily_monthly\daily\1983\25123.csv.gz
25123,daily,1984,https://data.meteostat.net/daily/1984/25123.csv.gz,C:\Users\LL1urace\OneDrive\Рабочий стол\meteostat_bulk_downloader_pack\meteostat_arctic_20_daily_monthly\daily\1984\25123.csv.gz
25123,daily,1985,https://data.meteostat.net/daily/1985/25123.csv.gz,C:\Users\LL1urace\OneDrive\Рабочий стол\meteostat_bulk_downloader_pack\meteostat_arctic_20_daily_monthly\daily\1985\25123.csv.gz
25123,daily,1986,https://data.meteostat.net/daily/1986/25123.csv.gz,C:\Users\LL1urace\OneDrive\Рабочий стол\meteostat_bulk_downloader_pack\meteostat_arctic_20_daily_monthly\daily\1986\25123.csv.gz
25123,daily,1987,https://data.meteostat.net/daily/1987/25123.csv.gz,C:\Users\LL1urace\OneDrive\Рабочий стол\meteostat_bulk_downloader_pack\meteostat_arctic_20_daily_monthly\daily\1987\25123.csv.gz
25123,daily,1988,https://data.meteostat.net/daily/1988/25123.csv.gz,C:\Users\LL1urace\OneDrive\Рабочий стол\meteostat_bulk_downloader_pack\meteostat_arctic_20_daily_monthly\daily\1988\25123.csv.gz
25123,daily,1989,https://data.meteostat.net/daily/1989/25123.csv.gz,C:\Users\LL1urace\OneDrive\Рабочий стол\meteostat_bulk_downloader_pack\meteostat_arctic_20_daily_monthly\daily\1989\25123.csv.gz
25123,daily,1990,https://data.meteostat.net/daily/1990/25123.csv.gz,C:\Users\LL1urace\OneDrive\Рабочий стол\meteostat_bulk_downloader_pack\meteostat_arctic_20_daily_monthly\daily\1990\25123.csv.gz
25123,daily,1991,https://data.meteostat.net/daily/1991/25123.csv.gz,C:\Users\LL1urace\OneDrive\Рабочий стол\meteostat_bulk_downloader_pack\meteostat_arctic_20_daily_monthly\daily\1991\25123.csv.gz
25123,daily,1992,https://data.meteostat.net/daily/1992/25123.csv.gz,C:\Users\LL1urace\OneDrive\Рабочий стол\meteostat_bulk_downloader_pack\meteostat_arctic_20_daily_monthly\daily\1992\25123.csv.gz
25123,daily,1993,https://data.meteostat.net/daily/1993/25123.csv.gz,C:\Users\LL1urace\OneDrive\Рабочий стол\meteostat_bulk_downloader_pack\meteostat_arctic_20_daily_monthly\daily\1993\25123.csv.gz
25123,daily,1994,https://data.meteostat.net/daily/1994/25123.csv.gz,C:\Users\LL1urace\OneDrive\Рабочий стол\meteostat_bulk_downloader_pack\meteostat_arctic_20_daily_monthly\daily\1994\25123.csv.gz
25123,daily,1995,https://data.meteostat.net/daily/1995/25123.csv.gz,C:\Users\LL1urace\OneDrive\Рабочий стол\meteostat_bulk_downloader_pack\meteostat_arctic_20_daily_monthly\daily\1995\25123.csv.gz
25123,daily,1996,https://data.meteostat.net/daily/1996/25123.csv.gz,C:\Users\LL1urace\OneDrive\Рабочий стол\meteostat_bulk_downloader_pack\meteostat_arctic_20_daily_monthly\daily\1996\25123.csv.gz
25123,daily,1997,https://data.meteostat.net/daily/1997/25123.csv.gz,C:\Users\LL1urace\OneDrive\Рабочий стол\meteostat_bulk_downloader_pack\meteostat_arctic_20_daily_monthly\daily\1997\25123.csv.gz
25123,daily,1998,https://data.meteostat.net/daily/1998/25123.csv.gz,C:\Users\LL1urace\OneDrive\Рабочий стол\meteostat_bulk_downloader_pack\meteostat_arctic_20_daily_monthly\daily\1998\25123.csv.gz
25123,daily,1999,https://data.meteostat.net/daily/1999/25123.csv.gz,C:\Users\LL1urace\OneDrive\Рабочий стол\meteostat_bulk_downloader_pack\meteostat_arctic_20_daily_monthly\daily\1999\25123.csv.gz
25123,daily,2000,https://data.meteostat.net/daily/2000/25123.csv.gz,C:\Users\LL1urace\OneDrive\Рабочий стол\meteostat_bulk_downloader_pack\meteostat_arctic_20_daily_monthly\daily\2000\25123.csv.gz
25123,daily,2001,https://data.meteostat.net/daily/2001/25123.csv.gz,C:\Users\LL1urace\OneDrive\Рабочий стол\meteostat_bulk_downloader_pack\meteostat_arctic_20_daily_monthly\daily\2001\25123.csv.gz
25123,daily,2002,https://data.meteostat.net/daily/2002/25123.csv.gz,C:\Users\LL1urace\OneDrive\Рабочий стол\meteostat_bulk_downloader_pack\meteostat_arctic_20_daily_monthly\daily\2002\25123.csv.gz
25123,daily,2003,https://data.meteostat.net/daily/2003/25123.csv.gz,C:\Users\LL1urace\OneDrive\Рабочий стол\meteostat_bulk_downloader_pack\meteostat_arctic_20_daily_monthly\daily\2003\25123.csv.gz
25123,daily,2004,https://data.meteostat.net/daily/2004/25123.csv.gz,C:\Users\LL1urace\OneDrive\Рабочий стол\meteostat_bulk_downloader_pack\meteostat_arctic_20_daily_monthly\daily\2004\25123.csv.gz
25123,daily,2005,https://data.meteostat.net/daily/2005/25123.csv.gz,C:\Users\LL1urace\OneDrive\Рабочий стол\meteostat_bulk_downloader_pack\meteostat_arctic_20_daily_monthly\daily\2005\25123.csv.gz
25123,daily,2006,https://data.meteostat.net/daily/2006/25123.csv.gz,C:\Users\LL1urace\OneDrive\Рабочий стол\meteostat_bulk_downloader_pack\meteostat_arctic_20_daily_monthly\daily\2006\25123.csv.gz
25123,daily,2007,https://data.meteostat.net/daily/2007/25123.csv.gz,C:\Users\LL1urace\OneDrive\Рабочий стол\meteostat_bulk_downloader_pack\meteostat_arctic_20_daily_monthly\daily\2007\25123.csv.gz
25123,daily,2008,https://data.meteostat.net/daily/2008/25123.csv.gz,C:\Users\LL1urace\OneDrive\Рабочий стол\meteostat_bulk_downloader_pack\meteostat_arctic_20_daily_monthly\daily\2008\25123.csv.gz
25123,daily,2009,https://data.meteostat.net/daily/2009/25123.csv.gz,C:\Users\LL1urace\OneDrive\Рабочий стол\meteostat_bulk_downloader_pack\meteostat_arctic_20_daily_monthly\daily\2009\25123.csv.gz
25123,daily,2010,https://data.meteostat.net/daily/2010/25123.csv.gz,C:\Users\LL1urace\OneDrive\Рабочий стол\meteostat_bulk_downloader_pack\meteostat_arctic_20_daily_monthly\daily\2010\25123.csv.gz
25123,daily,2011,https://data.meteostat.net/daily/2011/25123.csv.gz,C:\Users\LL1urace\OneDrive\Рабочий стол\meteostat_bulk_downloader_pack\meteostat_arctic_20_daily_monthly\daily\2011\25123.csv.gz
25123,daily,2012,https://data.meteostat.net/daily/2012/25123.csv.gz,C:\Users\LL1urace\OneDrive\Рабочий стол\meteostat_bulk_downloader_pack\meteostat_arctic_20_daily_monthly\daily\2012\25123.csv.gz
25123,daily,2013,https://data.meteostat.net/daily/2013/25123.csv.gz,C:\Users\LL1urace\OneDrive\Рабочий стол\meteostat_bulk_downloader_pack\meteostat_arctic_20_daily_monthly\daily\2013\25123.csv.gz
25123,daily,2014,https://data.meteostat.net/daily/2014/25123.csv.gz,C:\Users\LL1urace\OneDrive\Рабочий стол\meteostat_bulk_downloader_pack\meteostat_arctic_20_daily_monthly\daily\2014\25123.csv.gz
25123,daily,2015,https://data.meteostat.net/daily/2015/25123.csv.gz,C:\Users\LL1urace\OneDrive\Рабочий стол\meteostat_bulk_downloader_pack\meteostat_arctic_20_daily_monthly\daily\2015\25123.csv.gz
25123,daily,2016,https://data.meteostat.net/daily/2016/25123.csv.gz,C:\Users\LL1urace\OneDrive\Рабочий стол\meteostat_bulk_downloader_pack\meteostat_arctic_20_daily_monthly\daily\2016\25123.csv.gz
25123,daily,2017,https://data.meteostat.net/daily/2017/25123.csv.gz,C:\Users\LL1urace\OneDrive\Рабочий стол\meteostat_bulk_downloader_pack\meteostat_arctic_20_daily_monthly\daily\2017\25123.csv.gz
25123,daily,2018,https://data.meteostat.net/daily/2018/25123.csv.gz,C:\Users\LL1urace\OneDrive\Рабочий стол\meteostat_bulk_downloader_pack\meteostat_arctic_20_daily_monthly\daily\2018\25123.csv.gz
25123,daily,2019,https://data.meteostat.net/daily/2019/25123.csv.gz,C:\Users\LL1urace\OneDrive\Рабочий стол\meteostat_bulk_downloader_pack\meteostat_arctic_20_daily_monthly\daily\2019\25123.csv.gz
25123,daily,2020,https://data.meteostat.net/daily/2020/25123.csv.gz,C:\Users\LL1urace\OneDrive\Рабочий стол\meteostat_bulk_downloader_pack\meteostat_arctic_20_daily_monthly\daily\2020\25123.csv.gz
25123,daily,2021,https://data.meteostat.net/daily/2021/25123.csv.gz,C:\Users\LL1urace\OneDrive\Рабочий стол\meteostat_bulk_downloader_pack\meteostat_arctic_20_daily_monthly\daily\2021\25123.csv.gz
25123,daily,2022,https://data.meteostat.net/daily/2022/25123.csv.gz,C:\Users\LL1urace\OneDrive\Рабочий стол\meteostat_bulk_downloader_pack\meteostat_arctic_20_daily_monthly\daily\2022\25123.csv.gz
25123,daily,2023,https://data.meteostat.net/daily/2023/25123.csv.gz,C:\Users\LL1urace\OneDrive\Рабочий стол\meteostat_bulk_downloader_pack\meteostat_arctic_20_daily_monthly\daily\2023\25123.csv.gz
25123,daily,2024,https://data.meteostat.net/daily/2024/25123.csv.gz,C:\Users\LL1urace\OneDrive\Рабочий стол\meteostat_bulk_downloader_pack\meteostat_arctic_20_daily_monthly\daily\2024\25123.csv.gz
25123,daily,2025,https://data.meteostat.net/daily/2025/25123.csv.gz,C:\Users\LL1urace\OneDrive\Рабочий стол\meteostat_bulk_downloader_pack\meteostat_arctic_20_daily_monthly\daily\2025\25123.csv.gz
25123,daily,2026,https://data.meteostat.net/daily/2026/25123.csv.gz,C:\Users\LL1urace\OneDrive\Рабочий стол\meteostat_bulk_downloader_pack\meteostat_arctic_20_daily_monthly\daily\2026\25123.csv.gz
25042,monthly,,https://data.meteostat.net/monthly/25042.csv.gz,C:\Users\LL1urace\OneDrive\Рабочий стол\meteostat_bulk_downloader_pack\meteostat_arctic_20_daily_monthly\monthly\25042.csv.gz
25042,daily,1900,https://data.meteostat.net/daily/1900/25042.csv.gz,C:\Users\LL1urace\OneDrive\Рабочий стол\meteostat_bulk_downloader_pack\meteostat_arctic_20_daily_monthly\daily\1900\25042.csv.gz
25042,daily,1901,https://data.meteostat.net/daily/1901/25042.csv.gz,C:\Users\LL1urace\OneDrive\Рабочий стол\meteostat_bulk_downloader_pack\meteostat_arctic_20_daily_monthly\daily\1901\25042.csv.gz
25042,daily,1902,https://data.meteostat.net/daily/1902/25042.csv.gz,C:\Users\LL1urace\OneDrive\Рабочий стол\meteostat_bulk_downloader_pack\meteostat_arctic_20_daily_monthly\daily\1902\25042.csv.gz
25042,daily,1903,https://data.meteostat.net/daily/1903/25042.csv.gz,C:\Users\LL1urace\OneDrive\Рабочий стол\meteostat_bulk_downloader_pack\meteostat_arctic_20_daily_monthly\daily\1903\25042.csv.gz
25042,daily,1904,https://data.meteostat.net/daily/1904/25042.csv.gz,C:\Users\LL1urace\OneDrive\Рабочий стол\meteostat_bulk_downloader_pack\meteostat_arctic_20_daily_monthly\daily\1904\25042.csv.gz
25042,daily,1905,https://data.meteostat.net/daily/1905/25042.csv.gz,C:\Users\LL1urace\OneDrive\Рабочий стол\meteostat_bulk_downloader_pack\meteostat_arctic_20_daily_monthly\daily\1905\25042.csv.gz
25042,daily,1906,https://data.meteostat.net/daily/1906/25042.csv.gz,C:\Users\LL1urace\OneDrive\Рабочий стол\meteostat_bulk_downloader_pack\meteostat_arctic_20_daily_monthly\daily\1906\25042.csv.gz
25042,daily,1907,https://data.meteostat.net/daily/1907/25042.csv.gz,C:\Users\LL1urace\OneDrive\Рабочий стол\meteostat_bulk_downloader_pack\meteostat_arctic_20_daily_monthly\daily\1907\25042.csv.gz
25042,daily,1908,https://data.meteostat.net/daily/1908/25042.csv.gz,C:\Users\LL1urace\OneDrive\Рабочий стол\meteostat_bulk_downloader_pack\meteostat_arctic_20_daily_monthly\daily\1908\25042.csv.gz
25042,daily,1909,https://data.meteostat.net/daily/1909/25042.csv.gz,C:\Users\LL1urace\OneDrive\Рабочий стол\meteostat_bulk_downloader_pack\meteostat_arctic_20_daily_monthly\daily\1909\25042.csv.gz
25042,daily,1910,https://data.meteostat.net/daily/1910/25042.csv.gz,C:\Users\LL1urace\OneDrive\Рабочий стол\meteostat_bulk_downloader_pack\meteostat_arctic_20_daily_monthly\daily\1910\25042.csv.gz
25042,daily,1911,https://data.meteostat.net/daily/1911/25042.csv.gz,C:\Users\LL1urace\OneDrive\Рабочий стол\meteostat_bulk_downloader_pack\meteostat_arctic_20_daily_monthly\daily\1911\25042.csv.gz
25042,daily,1912,https://data.meteostat.net/daily/1912/25042.csv.gz,C:\Users\LL1urace\OneDrive\Рабочий стол\meteostat_bulk_downloader_pack\meteostat_arctic_20_daily_monthly\daily\1912\25042.csv.gz
25042,daily,1913,https://data.meteostat.net/daily/1913/25042.csv.gz,C:\Users\LL1urace\OneDrive\Рабочий стол\meteostat_bulk_downloader_pack\meteostat_arctic_20_daily_monthly\daily\1913\25042.csv.gz
25042,daily,1914,https://data.meteostat.net/daily/1914/25042.csv.gz,C:\Users\LL1urace\OneDrive\Рабочий стол\meteostat_bulk_downloader_pack\meteostat_arctic_20_daily_monthly\daily\1914\25042.csv.gz
25042,daily,1915,https://data.meteostat.net/daily/1915/25042.csv.gz,C:\Users\LL1urace\OneDrive\Рабочий стол\meteostat_bulk_downloader_pack\meteostat_arctic_20_daily_monthly\daily\1915\25042.csv.gz
25042,daily,1916,https://data.meteostat.net/daily/1916/25042.csv.gz,C:\Users\LL1urace\OneDrive\Рабочий стол\meteostat_bulk_downloader_pack\meteostat_arctic_20_daily_monthly\daily\1916\25042.csv.gz
25042,daily,1917,https://data.meteostat.net/daily/1917/25042.csv.gz,C:\Users\LL1urace\OneDrive\Рабочий стол\meteostat_bulk_downloader_pack\meteostat_arctic_20_daily_monthly\daily\1917\25042.csv.gz
25042,daily,1918,https://data.meteostat.net/daily/1918/25042.csv.gz,C:\Users\LL1urace\OneDrive\Рабочий стол\meteostat_bulk_downloader_pack\meteostat_arctic_20_daily_monthly\daily\1918\25042.csv.gz
25042,daily,1919,https://data.meteostat.net/daily/1919/25042.csv.gz,C:\Users\LL1urace\OneDrive\Рабочий стол\meteostat_bulk_downloader_pack\meteostat_arctic_20_daily_monthly\daily\1919\25042.csv.gz
25042,daily,1920,https://data.meteostat.net/daily/1920/25042.csv.gz,C:\Users\LL1urace\OneDrive\Рабочий стол\meteostat_bulk_downloader_pack\meteostat_arctic_20_daily_monthly\daily\1920\25042.csv.gz
25042,daily,1921,https://data.meteostat.net/daily/1921/25042.csv.gz,C:\Users\LL1urace\OneDrive\Рабочий стол\meteostat_bulk_downloader_pack\meteostat_arctic_20_daily_monthly\daily\1921\25042.csv.gz
25042,daily,1922,https://data.meteostat.net/daily/1922/25042.csv.gz,C:\Users\LL1urace\OneDrive\Рабочий стол\meteostat_bulk_downloader_pack\meteostat_arctic_20_daily_monthly\daily\1922\25042.csv.gz
25042,daily,1923,https://data.meteostat.net/daily/1923/25042.csv.gz,C:\Users\LL1urace\OneDrive\Рабочий стол\meteostat_bulk_downloader_pack\meteostat_arctic_20_daily_monthly\daily\1923\25042.csv.gz
25042,daily,1924,https://data.meteostat.net/daily/1924/25042.csv.gz,C:\Users\LL1urace\OneDrive\Рабочий стол\meteostat_bulk_downloader_pack\meteostat_arctic_20_daily_monthly\daily\1924\25042.csv.gz
25042,daily,1925,https://data.meteostat.net/daily/1925/25042.csv.gz,C:\Users\LL1urace\OneDrive\Рабочий стол\meteostat_bulk_downloader_pack\meteostat_arctic_20_daily_monthly\daily\1925\25042.csv.gz
25042,daily,1926,https://data.meteostat.net/daily/1926/25042.csv.gz,C:\Users\LL1urace\OneDrive\Рабочий стол\meteostat_bulk_downloader_pack\meteostat_arctic_20_daily_monthly\daily\1926\25042.csv.gz
25042,daily,1927,https://data.meteostat.net/daily/1927/25042.csv.gz,C:\Users\LL1urace\OneDrive\Рабочий стол\meteostat_bulk_downloader_pack\meteostat_arctic_20_daily_monthly\daily\1927\25042.csv.gz
25042,daily,1928,https://data.meteostat.net/daily/1928/25042.csv.gz,C:\Users\LL1urace\OneDrive\Рабочий стол\meteostat_bulk_downloader_pack\meteostat_arctic_20_daily_monthly\daily\1928\25042.csv.gz
25042,daily,1929,https://data.meteostat.net/daily/1929/25042.csv.gz,C:\Users\LL1urace\OneDrive\Рабочий стол\meteostat_bulk_downloader_pack\meteostat_arctic_20_daily_monthly\daily\1929\25042.csv.gz
25042,daily,1930,https://data.meteostat.net/daily/1930/25042.csv.gz,C:\Users\LL1urace\OneDrive\Рабочий стол\meteostat_bulk_downloader_pack\meteostat_arctic_20_daily_monthly\daily\1930\25042.csv.gz
25042,daily,1931,https://data.meteostat.net/daily/1931/25042.csv.gz,C:\Users\LL1urace\OneDrive\Рабочий стол\meteostat_bulk_downloader_pack\meteostat_arctic_20_daily_monthly\daily\1931\25042.csv.gz
25042,daily,1932,https://data.meteostat.net/daily/1932/25042.csv.gz,C:\Users\LL1urace\OneDrive\Рабочий стол\meteostat_bulk_downloader_pack\meteostat_arctic_20_daily_monthly\daily\1932\25042.csv.gz
25042,daily,1933,https://data.meteostat.net/daily/1933/25042.csv.gz,C:\Users\LL1urace\OneDrive\Рабочий стол\meteostat_bulk_downloader_pack\meteostat_arctic_20_daily_monthly\daily\1933\25042.csv.gz
25042,daily,1934,https://data.meteostat.net/daily/1934/25042.csv.gz,C:\Users\LL1urace\OneDrive\Рабочий стол\meteostat_bulk_downloader_pack\meteostat_arctic_20_daily_monthly\daily\1934\25042.csv.gz
25042,daily,1935,https://data.meteostat.net/daily/1935/25042.csv.gz,C:\Users\LL1urace\OneDrive\Рабочий стол\meteostat_bulk_downloader_pack\meteostat_arctic_20_daily_monthly\daily\1935\25042.csv.gz
25042,daily,1936,https://data.meteostat.net/daily/1936/25042.csv.gz,C:\Users\LL1urace\OneDrive\Рабочий стол\meteostat_bulk_downloader_pack\meteostat_arctic_20_daily_monthly\daily\1936\25042.csv.gz
25042,daily,1937,https://data.meteostat.net/daily/1937/25042.csv.gz,C:\Users\LL1urace\OneDrive\Рабочий стол\meteostat_bulk_downloader_pack\meteostat_arctic_20_daily_monthly\daily\1937\25042.csv.gz
25042,daily,1938,https://data.meteostat.net/daily/1938/25042.csv.gz,C:\Users\LL1urace\OneDrive\Рабочий стол\meteostat_bulk_downloader_pack\meteostat_arctic_20_daily_monthly\daily\1938\25042.csv.gz
25042,daily,1939,https://data.meteostat.net/daily/1939/25042.csv.gz,C:\Users\LL1urace\OneDrive\Рабочий стол\meteostat_bulk_downloader_pack\meteostat_arctic_20_daily_monthly\daily\1939\25042.csv.gz
25042,daily,1940,https://data.meteostat.net/daily/1940/25042.csv.gz,C:\Users\LL1urace\OneDrive\Рабочий стол\meteostat_bulk_downloader_pack\meteostat_arctic_20_daily_monthly\daily\1940\25042.csv.gz
25042,daily,1941,https://data.meteostat.net/daily/1941/25042.csv.gz,C:\Users\LL1urace\OneDrive\Рабочий стол\meteostat_bulk_downloader_pack\meteostat_arctic_20_daily_monthly\daily\1941\25042.csv.gz
25042,daily,1942,https://data.meteostat.net/daily/1942/25042.csv.gz,C:\Users\LL1urace\OneDrive\Рабочий стол\meteostat_bulk_downloader_pack\meteostat_arctic_20_daily_monthly\daily\1942\25042.csv.gz
25042,daily,1943,https://data.meteostat.net/daily/1943/25042.csv.gz,C:\Users\LL1urace\OneDrive\Рабочий стол\meteostat_bulk_downloader_pack\meteostat_arctic_20_daily_monthly\daily\1943\25042.csv.gz
25042,daily,1944,https://data.meteostat.net/daily/1944/25042.csv.gz,C:\Users\LL1urace\OneDrive\Рабочий стол\meteostat_bulk_downloader_pack\meteostat_arctic_20_daily_monthly\daily\1944\25042.csv.gz
25042,daily,1945,https://data.meteostat.net/daily/1945/25042.csv.gz,C:\Users\LL1urace\OneDrive\Рабочий стол\meteostat_bulk_downloader_pack\meteostat_arctic_20_daily_monthly\daily\1945\25042.csv.gz
25042,daily,1946,https://data.meteostat.net/daily/1946/25042.csv.gz,C:\Users\LL1urace\OneDrive\Рабочий стол\meteostat_bulk_downloader_pack\meteostat_arctic_20_daily_monthly\daily\1946\25042.csv.gz
25042,daily,1947,https://data.meteostat.net/daily/1947/25042.csv.gz,C:\Users\LL1urace\OneDrive\Рабочий стол\meteostat_bulk_downloader_pack\meteostat_arctic_20_daily_monthly\daily\1947\25042.csv.gz
25042,daily,1948,https://data.meteostat.net/daily/1948/25042.csv.gz,C:\Users\LL1urace\OneDrive\Рабочий стол\meteostat_bulk_downloader_pack\meteostat_arctic_20_daily_monthly\daily\1948\25042.csv.gz
25042,daily,1949,https://data.meteostat.net/daily/1949/25042.csv.gz,C:\Users\LL1urace\OneDrive\Рабочий стол\meteostat_bulk_downloader_pack\meteostat_arctic_20_daily_monthly\daily\1949\25042.csv.gz
25042,daily,1950,https://data.meteostat.net/daily/1950/25042.csv.gz,C:\Users\LL1urace\OneDrive\Рабочий стол\meteostat_bulk_downloader_pack\meteostat_arctic_20_daily_monthly\daily\1950\25042.csv.gz
25042,daily,1951,https://data.meteostat.net/daily/1951/25042.csv.gz,C:\Users\LL1urace\OneDrive\Рабочий стол\meteostat_bulk_downloader_pack\meteostat_arctic_20_daily_monthly\daily\1951\25042.csv.gz
25042,daily,1952,https://data.meteostat.net/daily/1952/25042.csv.gz,C:\Users\LL1urace\OneDrive\Рабочий стол\meteostat_bulk_downloader_pack\meteostat_arctic_20_daily_monthly\daily\1952\25042.csv.gz
25042,daily,1953,https://data.meteostat.net/daily/1953/25042.csv.gz,C:\Users\LL1urace\OneDrive\Рабочий стол\meteostat_bulk_downloader_pack\meteostat_arctic_20_daily_monthly\daily\1953\25042.csv.gz
25042,daily,1954,https://data.meteostat.net/daily/1954/25042.csv.gz,C:\Users\LL1urace\OneDrive\Рабочий стол\meteostat_bulk_downloader_pack\meteostat_arctic_20_daily_monthly\daily\1954\25042.csv.gz
25042,daily,1955,https://data.meteostat.net/daily/1955/25042.csv.gz,C:\Users\LL1urace\OneDrive\Рабочий стол\meteostat_bulk_downloader_pack\meteostat_arctic_20_daily_monthly\daily\1955\25042.csv.gz
25042,daily,1956,https://data.meteostat.net/daily/1956/25042.csv.gz,C:\Users\LL1urace\OneDrive\Рабочий стол\meteostat_bulk_downloader_pack\meteostat_arctic_20_daily_monthly\daily\1956\25042.csv.gz
25042,daily,1957,https://data.meteostat.net/daily/1957/25042.csv.gz,C:\Users\LL1urace\OneDrive\Рабочий стол\meteostat_bulk_downloader_pack\meteostat_arctic_20_daily_monthly\daily\1957\25042.csv.gz
25042,daily,1958,https://data.meteostat.net/daily/1958/25042.csv.gz,C:\Users\LL1urace\OneDrive\Рабочий стол\meteostat_bulk_downloader_pack\meteostat_arctic_20_daily_monthly\daily\1958\25042.csv.gz
25042,daily,1959,https://data.meteostat.net/daily/1959/25042.csv.gz,C:\Users\LL1urace\OneDrive\Рабочий стол\meteostat_bulk_downloader_pack\meteostat_arctic_20_daily_monthly\daily\1959\25042.csv.gz
25042,daily,1960,https://data.meteostat.net/daily/1960/25042.csv.gz,C:\Users\LL1urace\OneDrive\Рабочий стол\meteostat_bulk_downloader_pack\meteostat_arctic_20_daily_monthly\daily\1960\25042.csv.gz
25042,daily,1961,https://data.meteostat.net/daily/1961/25042.csv.gz,C:\Users\LL1urace\OneDrive\Рабочий стол\meteostat_bulk_downloader_pack\meteostat_arctic_20_daily_monthly\daily\1961\25042.csv.gz
25042,daily,1962,https://data.meteostat.net/daily/1962/25042.csv.gz,C:\Users\LL1urace\OneDrive\Рабочий стол\meteostat_bulk_downloader_pack\meteostat_arctic_20_daily_monthly\daily\1962\25042.csv.gz
25042,daily,1963,https://data.meteostat.net/daily/1963/25042.csv.gz,C:\Users\LL1urace\OneDrive\Рабочий стол\meteostat_bulk_downloader_pack\meteostat_arctic_20_daily_monthly\daily\1963\25042.csv.gz
25042,daily,1964,https://data.meteostat.net/daily/1964/25042.csv.gz,C:\Users\LL1urace\OneDrive\Рабочий стол\meteostat_bulk_downloader_pack\meteostat_arctic_20_daily_monthly\daily\1964\25042.csv.gz
25042,daily,1965,https://data.meteostat.net/daily/1965/25042.csv.gz,C:\Users\LL1urace\OneDrive\Рабочий стол\meteostat_bulk_downloader_pack\meteostat_arctic_20_daily_monthly\daily\1965\25042.csv.gz
25042,daily,1966,https://data.meteostat.net/daily/1966/25042.csv.gz,C:\Users\LL1urace\OneDrive\Рабочий стол\meteostat_bulk_downloader_pack\meteostat_arctic_20_daily_monthly\daily\1966\25042.csv.gz
25042,daily,1967,https://data.meteostat.net/daily/1967/25042.csv.gz,C:\Users\LL1urace\OneDrive\Рабочий стол\meteostat_bulk_downloader_pack\meteostat_arctic_20_daily_monthly\daily\1967\25042.csv.gz
25042,daily,1968,https://data.meteostat.net/daily/1968/25042.csv.gz,C:\Users\LL1urace\OneDrive\Рабочий стол\meteostat_bulk_downloader_pack\meteostat_arctic_20_daily_monthly\daily\1968\25042.csv.gz
25042,daily,1969,https://data.meteostat.net/daily/1969/25042.csv.gz,C:\Users\LL1urace\OneDrive\Рабочий стол\meteostat_bulk_downloader_pack\meteostat_arctic_20_daily_monthly\daily\1969\25042.csv.gz
25042,daily,1970,https://data.meteostat.net/daily/1970/25042.csv.gz,C:\Users\LL1urace\OneDrive\Рабочий стол\meteostat_bulk_downloader_pack\meteostat_arctic_20_daily_monthly\daily\1970\25042.csv.gz
25042,daily,1971,https://data.meteostat.net/daily/1971/25042.csv.gz,C:\Users\LL1urace\OneDrive\Рабочий стол\meteostat_bulk_downloader_pack\meteostat_arctic_20_daily_monthly\daily\1971\25042.csv.gz
25042,daily,1972,https://data.meteostat.net/daily/1972/25042.csv.gz,C:\Users\LL1urace\OneDrive\Рабочий стол\meteostat_bulk_downloader_pack\meteostat_arctic_20_daily_monthly\daily\1972\25042.csv.gz
25042,daily,1973,https://data.meteostat.net/daily/1973/25042.csv.gz,C:\Users\LL1urace\OneDrive\Рабочий стол\meteostat_bulk_downloader_pack\meteostat_arctic_20_daily_monthly\daily\1973\25042.csv.gz
25042,daily,1974,https://data.meteostat.net/daily/1974/25042.csv.gz,C:\Users\LL1urace\OneDrive\Рабочий стол\meteostat_bulk_downloader_pack\meteostat_arctic_20_daily_monthly\daily\1974\25042.csv.gz
25042,daily,1975,https://data.meteostat.net/daily/1975/25042.csv.gz,C:\Users\LL1urace\OneDrive\Рабочий стол\meteostat_bulk_downloader_pack\meteostat_arctic_20_daily_monthly\daily\1975\25042.csv.gz
25042,daily,1976,https://data.meteostat.net/daily/1976/25042.csv.gz,C:\Users\LL1urace\OneDrive\Рабочий стол\meteostat_bulk_downloader_pack\meteostat_arctic_20_daily_monthly\daily\1976\25042.csv.gz
25042,daily,1977,https://data.meteostat.net/daily/1977/25042.csv.gz,C:\Users\LL1urace\OneDrive\Рабочий стол\meteostat_bulk_downloader_pack\meteostat_arctic_20_daily_monthly\daily\1977\25042.csv.gz
25042,daily,1978,https://data.meteostat.net/daily/1978/25042.csv.gz,C:\Users\LL1urace\OneDrive\Рабочий стол\meteostat_bulk_downloader_pack\meteostat_arctic_20_daily_monthly\daily\1978\25042.csv.gz
25042,daily,1979,https://data.meteostat.net/daily/1979/25042.csv.gz,C:\Users\LL1urace\OneDrive\Рабочий стол\meteostat_bulk_downloader_pack\meteostat_arctic_20_daily_monthly\daily\1979\25042.csv.gz
25042,daily,1980,https://data.meteostat.net/daily/1980/25042.csv.gz,C:\Users\LL1urace\OneDrive\Рабочий стол\meteostat_bulk_downloader_pack\meteostat_arctic_20_daily_monthly\daily\1980\25042.csv.gz
25042,daily,1981,https://data.meteostat.net/daily/1981/25042.csv.gz,C:\Users\LL1urace\OneDrive\Рабочий стол\meteostat_bulk_downloader_pack\meteostat_arctic_20_daily_monthly\daily\1981\25042.csv.gz
25042,daily,1982,https://data.meteostat.net/daily/1982/25042.csv.gz,C:\Users\LL1urace\OneDrive\Рабочий стол\meteostat_bulk_downloader_pack\meteostat_arctic_20_daily_monthly\daily\1982\25042.csv.gz
25042,daily,1983,https://data.meteostat.net/daily/1983/25042.csv.gz,C:\Users\LL1urace\OneDrive\Рабочий стол\meteostat_bulk_downloader_pack\meteostat_arctic_20_daily_monthly\daily\1983\25042.csv.gz
25042,daily,1984,https://data.meteostat.net/daily/1984/25042.csv.gz,C:\Users\LL1urace\OneDrive\Рабочий стол\meteostat_bulk_downloader_pack\meteostat_arctic_20_daily_monthly\daily\1984\25042.csv.gz
25042,daily,1985,https://data.meteostat.net/daily/1985/25042.csv.gz,C:\Users\LL1urace\OneDrive\Рабочий стол\meteostat_bulk_downloader_pack\meteostat_arctic_20_daily_monthly\daily\1985\25042.csv.gz
25042,daily,1986,https://data.meteostat.net/daily/1986/25042.csv.gz,C:\Users\LL1urace\OneDrive\Рабочий стол\meteostat_bulk_downloader_pack\meteostat_arctic_20_daily_monthly\daily\1986\25042.csv.gz
25042,daily,1987,https://data.meteostat.net/daily/1987/25042.csv.gz,C:\Users\LL1urace\OneDrive\Рабочий стол\meteostat_bulk_downloader_pack\meteostat_arctic_20_daily_monthly\daily\1987\25042.csv.gz
25042,daily,1988,https://data.meteostat.net/daily/1988/25042.csv.gz,C:\Users\LL1urace\OneDrive\Рабочий стол\meteostat_bulk_downloader_pack\meteostat_arctic_20_daily_monthly\daily\1988\25042.csv.gz
25042,daily,1989,https://data.meteostat.net/daily/1989/25042.csv.gz,C:\Users\LL1urace\OneDrive\Рабочий стол\meteostat_bulk_downloader_pack\meteostat_arctic_20_daily_monthly\daily\1989\25042.csv.gz
25042,daily,1990,https://data.meteostat.net/daily/1990/25042.csv.gz,C:\Users\LL1urace\OneDrive\Рабочий стол\meteostat_bulk_downloader_pack\meteostat_arctic_20_daily_monthly\daily\1990\25042.csv.gz
25042,daily,1991,https://data.meteostat.net/daily/1991/25042.csv.gz,C:\Users\LL1urace\OneDrive\Рабочий стол\meteostat_bulk_downloader_pack\meteostat_arctic_20_daily_monthly\daily\1991\25042.csv.gz
25042,daily,1992,https://data.meteostat.net/daily/1992/25042.csv.gz,C:\Users\LL1urace\OneDrive\Рабочий стол\meteostat_bulk_downloader_pack\meteostat_arctic_20_daily_monthly\daily\1992\25042.csv.gz
25042,daily,1993,https://data.meteostat.net/daily/1993/25042.csv.gz,C:\Users\LL1urace\OneDrive\Рабочий стол\meteostat_bulk_downloader_pack\meteostat_arctic_20_daily_monthly\daily\1993\25042.csv.gz
25042,daily,1994,https://data.meteostat.net/daily/1994/25042.csv.gz,C:\Users\LL1urace\OneDrive\Рабочий стол\meteostat_bulk_downloader_pack\meteostat_arctic_20_daily_monthly\daily\1994\25042.csv.gz
25042,daily,1995,https://data.meteostat.net/daily/1995/25042.csv.gz,C:\Users\LL1urace\OneDrive\Рабочий стол\meteostat_bulk_downloader_pack\meteostat_arctic_20_daily_monthly\daily\1995\25042.csv.gz
25042,daily,1996,https://data.meteostat.net/daily/1996/25042.csv.gz,C:\Users\LL1urace\OneDrive\Рабочий стол\meteostat_bulk_downloader_pack\meteostat_arctic_20_daily_monthly\daily\1996\25042.csv.gz
25042,daily,1997,https://data.meteostat.net/daily/1997/25042.csv.gz,C:\Users\LL1urace\OneDrive\Рабочий стол\meteostat_bulk_downloader_pack\meteostat_arctic_20_daily_monthly\daily\1997\25042.csv.gz
25042,daily,1998,https://data.meteostat.net/daily/1998/25042.csv.gz,C:\Users\LL1urace\OneDrive\Рабочий стол\meteostat_bulk_downloader_pack\meteostat_arctic_20_daily_monthly\daily\1998\25042.csv.gz
25042,daily,1999,https://data.meteostat.net/daily/1999/25042.csv.gz,C:\Users\LL1urace\OneDrive\Рабочий стол\meteostat_bulk_downloader_pack\meteostat_arctic_20_daily_monthly\daily\1999\25042.csv.gz
25042,daily,2000,https://data.meteostat.net/daily/2000/25042.csv.gz,C:\Users\LL1urace\OneDrive\Рабочий стол\meteostat_bulk_downloader_pack\meteostat_arctic_20_daily_monthly\daily\2000\25042.csv.gz
25042,daily,2001,https://data.meteostat.net/daily/2001/25042.csv.gz,C:\Users\LL1urace\OneDrive\Рабочий стол\meteostat_bulk_downloader_pack\meteostat_arctic_20_daily_monthly\daily\2001\25042.csv.gz
25042,daily,2002,https://data.meteostat.net/daily/2002/25042.csv.gz,C:\Users\LL1urace\OneDrive\Рабочий стол\meteostat_bulk_downloader_pack\meteostat_arctic_20_daily_monthly\daily\2002\25042.csv.gz
25042,daily,2003,https://data.meteostat.net/daily/2003/25042.csv.gz,C:\Users\LL1urace\OneDrive\Рабочий стол\meteostat_bulk_downloader_pack\meteostat_arctic_20_daily_monthly\daily\2003\25042.csv.gz
25042,daily,2004,https://data.meteostat.net/daily/2004/25042.csv.gz,C:\Users\LL1urace\OneDrive\Рабочий стол\meteostat_bulk_downloader_pack\meteostat_arctic_20_daily_monthly\daily\2004\25042.csv.gz
25042,daily,2005,https://data.meteostat.net/daily/2005/25042.csv.gz,C:\Users\LL1urace\OneDrive\Рабочий стол\meteostat_bulk_downloader_pack\meteostat_arctic_20_daily_monthly\daily\2005\25042.csv.gz
25042,daily,2006,https://data.meteostat.net/daily/2006/25042.csv.gz,C:\Users\LL1urace\OneDrive\Рабочий стол\meteostat_bulk_downloader_pack\meteostat_arctic_20_daily_monthly\daily\2006\25042.csv.gz
25042,daily,2007,https://data.meteostat.net/daily/2007/25042.csv.gz,C:\Users\LL1urace\OneDrive\Рабочий стол\meteostat_bulk_downloader_pack\meteostat_arctic_20_daily_monthly\daily\2007\25042.csv.gz
25042,daily,2008,https://data.meteostat.net/daily/2008/25042.csv.gz,C:\Users\LL1urace\OneDrive\Рабочий стол\meteostat_bulk_downloader_pack\meteostat_arctic_20_daily_monthly\daily\2008\25042.csv.gz
25042,daily,2009,https://data.meteostat.net/daily/2009/25042.csv.gz,C:\Users\LL1urace\OneDrive\Рабочий стол\meteostat_bulk_downloader_pack\meteostat_arctic_20_daily_monthly\daily\2009\25042.csv.gz
25042,daily,2010,https://data.meteostat.net/daily/2010/25042.csv.gz,C:\Users\LL1urace\OneDrive\Рабочий стол\meteostat_bulk_downloader_pack\meteostat_arctic_20_daily_monthly\daily\2010\25042.csv.gz
25042,daily,2011,https://data.meteostat.net/daily/2011/25042.csv.gz,C:\Users\LL1urace\OneDrive\Рабочий стол\meteostat_bulk_downloader_pack\meteostat_arctic_20_daily_monthly\daily\2011\25042.csv.gz
25042,daily,2012,https://data.meteostat.net/daily/2012/25042.csv.gz,C:\Users\LL1urace\OneDrive\Рабочий стол\meteostat_bulk_downloader_pack\meteostat_arctic_20_daily_monthly\daily\2012\25042.csv.gz
25042,daily,2013,https://data.meteostat.net/daily/2013/25042.csv.gz,C:\Users\LL1urace\OneDrive\Рабочий стол\meteostat_bulk_downloader_pack\meteostat_arctic_20_daily_monthly\daily\2013\25042.csv.gz
25042,daily,2014,https://data.meteostat.net/daily/2014/25042.csv.gz,C:\Users\LL1urace\OneDrive\Рабочий стол\meteostat_bulk_downloader_pack\meteostat_arctic_20_daily_monthly\daily\2014\25042.csv.gz
25042,daily,2015,https://data.meteostat.net/daily/2015/25042.csv.gz,C:\Users\LL1urace\OneDrive\Рабочий стол\meteostat_bulk_downloader_pack\meteostat_arctic_20_daily_monthly\daily\2015\25042.csv.gz
25042,daily,2016,https://data.meteostat.net/daily/2016/25042.csv.gz,C:\Users\LL1urace\OneDrive\Рабочий стол\meteostat_bulk_downloader_pack\meteostat_arctic_20_daily_monthly\daily\2016\25042.csv.gz
25042,daily,2017,https://data.meteostat.net/daily/2017/25042.csv.gz,C:\Users\LL1urace\OneDrive\Рабочий стол\meteostat_bulk_downloader_pack\meteostat_arctic_20_daily_monthly\daily\2017\25042.csv.gz
25042,daily,2018,https://data.meteostat.net/daily/2018/25042.csv.gz,C:\Users\LL1urace\OneDrive\Рабочий стол\meteostat_bulk_downloader_pack\meteostat_arctic_20_daily_monthly\daily\2018\25042.csv.gz
25042,daily,2019,https://data.meteostat.net/daily/2019/25042.csv.gz,C:\Users\LL1urace\OneDrive\Рабочий стол\meteostat_bulk_downloader_pack\meteostat_arctic_20_daily_monthly\daily\2019\25042.csv.gz
25042,daily,2020,https://data.meteostat.net/daily/2020/25042.csv.gz,C:\Users\LL1urace\OneDrive\Рабочий стол\meteostat_bulk_downloader_pack\meteostat_arctic_20_daily_monthly\daily\2020\25042.csv.gz
25042,daily,2021,https://data.meteostat.net/daily/2021/25042.csv.gz,C:\Users\LL1urace\OneDrive\Рабочий стол\meteostat_bulk_downloader_pack\meteostat_arctic_20_daily_monthly\daily\2021\25042.csv.gz
25042,daily,2022,https://data.meteostat.net/daily/2022/25042.csv.gz,C:\Users\LL1urace\OneDrive\Рабочий стол\meteostat_bulk_downloader_pack\meteostat_arctic_20_daily_monthly\daily\2022\25042.csv.gz
25042,daily,2023,https://data.meteostat.net/daily/2023/25042.csv.gz,C:\Users\LL1urace\OneDrive\Рабочий стол\meteostat_bulk_downloader_pack\meteostat_arctic_20_daily_monthly\daily\2023\25042.csv.gz
25042,daily,2024,https://data.meteostat.net/daily/2024/25042.csv.gz,C:\Users\LL1urace\OneDrive\Рабочий стол\meteostat_bulk_downloader_pack\meteostat_arctic_20_daily_monthly\daily\2024\25042.csv.gz
25042,daily,2025,https://data.meteostat.net/daily/2025/25042.csv.gz,C:\Users\LL1urace\OneDrive\Рабочий стол\meteostat_bulk_downloader_pack\meteostat_arctic_20_daily_monthly\daily\2025\25042.csv.gz
25042,daily,2026,https://data.meteostat.net/daily/2026/25042.csv.gz,C:\Users\LL1urace\OneDrive\Рабочий стол\meteostat_bulk_downloader_pack\meteostat_arctic_20_daily_monthly\daily\2026\25042.csv.gz
25062,monthly,,https://data.meteostat.net/monthly/25062.csv.gz,C:\Users\LL1urace\OneDrive\Рабочий стол\meteostat_bulk_downloader_pack\meteostat_arctic_20_daily_monthly\monthly\25062.csv.gz
25062,daily,1900,https://data.meteostat.net/daily/1900/25062.csv.gz,C:\Users\LL1urace\OneDrive\Рабочий стол\meteostat_bulk_downloader_pack\meteostat_arctic_20_daily_monthly\daily\1900\25062.csv.gz
25062,daily,1901,https://data.meteostat.net/daily/1901/25062.csv.gz,C:\Users\LL1urace\OneDrive\Рабочий стол\meteostat_bulk_downloader_pack\meteostat_arctic_20_daily_monthly\daily\1901\25062.csv.gz
25062,daily,1902,https://data.meteostat.net/daily/1902/25062.csv.gz,C:\Users\LL1urace\OneDrive\Рабочий стол\meteostat_bulk_downloader_pack\meteostat_arctic_20_daily_monthly\daily\1902\25062.csv.gz
25062,daily,1903,https://data.meteostat.net/daily/1903/25062.csv.gz,C:\Users\LL1urace\OneDrive\Рабочий стол\meteostat_bulk_downloader_pack\meteostat_arctic_20_daily_monthly\daily\1903\25062.csv.gz
25062,daily,1904,https://data.meteostat.net/daily/1904/25062.csv.gz,C:\Users\LL1urace\OneDrive\Рабочий стол\meteostat_bulk_downloader_pack\meteostat_arctic_20_daily_monthly\daily\1904\25062.csv.gz
25062,daily,1905,https://data.meteostat.net/daily/1905/25062.csv.gz,C:\Users\LL1urace\OneDrive\Рабочий стол\meteostat_bulk_downloader_pack\meteostat_arctic_20_daily_monthly\daily\1905\25062.csv.gz
25062,daily,1906,https://data.meteostat.net/daily/1906/25062.csv.gz,C:\Users\LL1urace\OneDrive\Рабочий стол\meteostat_bulk_downloader_pack\meteostat_arctic_20_daily_monthly\daily\1906\25062.csv.gz
25062,daily,1907,https://data.meteostat.net/daily/1907/25062.csv.gz,C:\Users\LL1urace\OneDrive\Рабочий стол\meteostat_bulk_downloader_pack\meteostat_arctic_20_daily_monthly\daily\1907\25062.csv.gz
25062,daily,1908,https://data.meteostat.net/daily/1908/25062.csv.gz,C:\Users\LL1urace\OneDrive\Рабочий стол\meteostat_bulk_downloader_pack\meteostat_arctic_20_daily_monthly\daily\1908\25062.csv.gz
25062,daily,1909,https://data.meteostat.net/daily/1909/25062.csv.gz,C:\Users\LL1urace\OneDrive\Рабочий стол\meteostat_bulk_downloader_pack\meteostat_arctic_20_daily_monthly\daily\1909\25062.csv.gz
25062,daily,1910,https://data.meteostat.net/daily/1910/25062.csv.gz,C:\Users\LL1urace\OneDrive\Рабочий стол\meteostat_bulk_downloader_pack\meteostat_arctic_20_daily_monthly\daily\1910\25062.csv.gz
25062,daily,1911,https://data.meteostat.net/daily/1911/25062.csv.gz,C:\Users\LL1urace\OneDrive\Рабочий стол\meteostat_bulk_downloader_pack\meteostat_arctic_20_daily_monthly\daily\1911\25062.csv.gz
25062,daily,1912,https://data.meteostat.net/daily/1912/25062.csv.gz,C:\Users\LL1urace\OneDrive\Рабочий стол\meteostat_bulk_downloader_pack\meteostat_arctic_20_daily_monthly\daily\1912\25062.csv.gz
25062,daily,1913,https://data.meteostat.net/daily/1913/25062.csv.gz,C:\Users\LL1urace\OneDrive\Рабочий стол\meteostat_bulk_downloader_pack\meteostat_arctic_20_daily_monthly\daily\1913\25062.csv.gz
25062,daily,1914,https://data.meteostat.net/daily/1914/25062.csv.gz,C:\Users\LL1urace\OneDrive\Рабочий стол\meteostat_bulk_downloader_pack\meteostat_arctic_20_daily_monthly\daily\1914\25062.csv.gz
25062,daily,1915,https://data.meteostat.net/daily/1915/25062.csv.gz,C:\Users\LL1urace\OneDrive\Рабочий стол\meteostat_bulk_downloader_pack\meteostat_arctic_20_daily_monthly\daily\1915\25062.csv.gz
25062,daily,1916,https://data.meteostat.net/daily/1916/25062.csv.gz,C:\Users\LL1urace\OneDrive\Рабочий стол\meteostat_bulk_downloader_pack\meteostat_arctic_20_daily_monthly\daily\1916\25062.csv.gz
25062,daily,1917,https://data.meteostat.net/daily/1917/25062.csv.gz,C:\Users\LL1urace\OneDrive\Рабочий стол\meteostat_bulk_downloader_pack\meteostat_arctic_20_daily_monthly\daily\1917\25062.csv.gz
25062,daily,1918,https://data.meteostat.net/daily/1918/25062.csv.gz,C:\Users\LL1urace\OneDrive\Рабочий стол\meteostat_bulk_downloader_pack\meteostat_arctic_20_daily_monthly\daily\1918\25062.csv.gz
25062,daily,1919,https://data.meteostat.net/daily/1919/25062.csv.gz,C:\Users\LL1urace\OneDrive\Рабочий стол\meteostat_bulk_downloader_pack\meteostat_arctic_20_daily_monthly\daily\1919\25062.csv.gz
25062,daily,1920,https://data.meteostat.net/daily/1920/25062.csv.gz,C:\Users\LL1urace\OneDrive\Рабочий стол\meteostat_bulk_downloader_pack\meteostat_arctic_20_daily_monthly\daily\1920\25062.csv.gz
25062,daily,1921,https://data.meteostat.net/daily/1921/25062.csv.gz,C:\Users\LL1urace\OneDrive\Рабочий стол\meteostat_bulk_downloader_pack\meteostat_arctic_20_daily_monthly\daily\1921\25062.csv.gz
25062,daily,1922,https://data.meteostat.net/daily/1922/25062.csv.gz,C:\Users\LL1urace\OneDrive\Рабочий стол\meteostat_bulk_downloader_pack\meteostat_arctic_20_daily_monthly\daily\1922\25062.csv.gz
25062,daily,1923,https://data.meteostat.net/daily/1923/25062.csv.gz,C:\Users\LL1urace\OneDrive\Рабочий стол\meteostat_bulk_downloader_pack\meteostat_arctic_20_daily_monthly\daily\1923\25062.csv.gz
25062,daily,1924,https://data.meteostat.net/daily/1924/25062.csv.gz,C:\Users\LL1urace\OneDrive\Рабочий стол\meteostat_bulk_downloader_pack\meteostat_arctic_20_daily_monthly\daily\1924\25062.csv.gz
25062,daily,1925,https://data.meteostat.net/daily/1925/25062.csv.gz,C:\Users\LL1urace\OneDrive\Рабочий стол\meteostat_bulk_downloader_pack\meteostat_arctic_20_daily_monthly\daily\1925\25062.csv.gz
25062,daily,1926,https://data.meteostat.net/daily/1926/25062.csv.gz,C:\Users\LL1urace\OneDrive\Рабочий стол\meteostat_bulk_downloader_pack\meteostat_arctic_20_daily_monthly\daily\1926\25062.csv.gz
25062,daily,1927,https://data.meteostat.net/daily/1927/25062.csv.gz,C:\Users\LL1urace\OneDrive\Рабочий стол\meteostat_bulk_downloader_pack\meteostat_arctic_20_daily_monthly\daily\1927\25062.csv.gz
25062,daily,1928,https://data.meteostat.net/daily/1928/25062.csv.gz,C:\Users\LL1urace\OneDrive\Рабочий стол\meteostat_bulk_downloader_pack\meteostat_arctic_20_daily_monthly\daily\1928\25062.csv.gz
25062,daily,1929,https://data.meteostat.net/daily/1929/25062.csv.gz,C:\Users\LL1urace\OneDrive\Рабочий стол\meteostat_bulk_downloader_pack\meteostat_arctic_20_daily_monthly\daily\1929\25062.csv.gz
25062,daily,1930,https://data.meteostat.net/daily/1930/25062.csv.gz,C:\Users\LL1urace\OneDrive\Рабочий стол\meteostat_bulk_downloader_pack\meteostat_arctic_20_daily_monthly\daily\1930\25062.csv.gz
25062,daily,1931,https://data.meteostat.net/daily/1931/25062.csv.gz,C:\Users\LL1urace\OneDrive\Рабочий стол\meteostat_bulk_downloader_pack\meteostat_arctic_20_daily_monthly\daily\1931\25062.csv.gz
25062,daily,1932,https://data.meteostat.net/daily/1932/25062.csv.gz,C:\Users\LL1urace\OneDrive\Рабочий стол\meteostat_bulk_downloader_pack\meteostat_arctic_20_daily_monthly\daily\1932\25062.csv.gz
25062,daily,1933,https://data.meteostat.net/daily/1933/25062.csv.gz,C:\Users\LL1urace\OneDrive\Рабочий стол\meteostat_bulk_downloader_pack\meteostat_arctic_20_daily_monthly\daily\1933\25062.csv.gz
25062,daily,1934,https://data.meteostat.net/daily/1934/25062.csv.gz,C:\Users\LL1urace\OneDrive\Рабочий стол\meteostat_bulk_downloader_pack\meteostat_arctic_20_daily_monthly\daily\1934\25062.csv.gz
25062,daily,1935,https://data.meteostat.net/daily/1935/25062.csv.gz,C:\Users\LL1urace\OneDrive\Рабочий стол\meteostat_bulk_downloader_pack\meteostat_arctic_20_daily_monthly\daily\1935\25062.csv.gz
25062,daily,1936,https://data.meteostat.net/daily/1936/25062.csv.gz,C:\Users\LL1urace\OneDrive\Рабочий стол\meteostat_bulk_downloader_pack\meteostat_arctic_20_daily_monthly\daily\1936\25062.csv.gz
25062,daily,1937,https://data.meteostat.net/daily/1937/25062.csv.gz,C:\Users\LL1urace\OneDrive\Рабочий стол\meteostat_bulk_downloader_pack\meteostat_arctic_20_daily_monthly\daily\1937\25062.csv.gz
25062,daily,1938,https://data.meteostat.net/daily/1938/25062.csv.gz,C:\Users\LL1urace\OneDrive\Рабочий стол\meteostat_bulk_downloader_pack\meteostat_arctic_20_daily_monthly\daily\1938\25062.csv.gz
25062,daily,1939,https://data.meteostat.net/daily/1939/25062.csv.gz,C:\Users\LL1urace\OneDrive\Рабочий стол\meteostat_bulk_downloader_pack\meteostat_arctic_20_daily_monthly\daily\1939\25062.csv.gz
25062,daily,1940,https://data.meteostat.net/daily/1940/25062.csv.gz,C:\Users\LL1urace\OneDrive\Рабочий стол\meteostat_bulk_downloader_pack\meteostat_arctic_20_daily_monthly\daily\1940\25062.csv.gz
25062,daily,1941,https://data.meteostat.net/daily/1941/25062.csv.gz,C:\Users\LL1urace\OneDrive\Рабочий стол\meteostat_bulk_downloader_pack\meteostat_arctic_20_daily_monthly\daily\1941\25062.csv.gz
25062,daily,1942,https://data.meteostat.net/daily/1942/25062.csv.gz,C:\Users\LL1urace\OneDrive\Рабочий стол\meteostat_bulk_downloader_pack\meteostat_arctic_20_daily_monthly\daily\1942\25062.csv.gz
25062,daily,1943,https://data.meteostat.net/daily/1943/25062.csv.gz,C:\Users\LL1urace\OneDrive\Рабочий стол\meteostat_bulk_downloader_pack\meteostat_arctic_20_daily_monthly\daily\1943\25062.csv.gz
25062,daily,1944,https://data.meteostat.net/daily/1944/25062.csv.gz,C:\Users\LL1urace\OneDrive\Рабочий стол\meteostat_bulk_downloader_pack\meteostat_arctic_20_daily_monthly\daily\1944\25062.csv.gz
25062,daily,1945,https://data.meteostat.net/daily/1945/25062.csv.gz,C:\Users\LL1urace\OneDrive\Рабочий стол\meteostat_bulk_downloader_pack\meteostat_arctic_20_daily_monthly\daily\1945\25062.csv.gz
25062,daily,1946,https://data.meteostat.net/daily/1946/25062.csv.gz,C:\Users\LL1urace\OneDrive\Рабочий стол\meteostat_bulk_downloader_pack\meteostat_arctic_20_daily_monthly\daily\1946\25062.csv.gz
25062,daily,1947,https://data.meteostat.net/daily/1947/25062.csv.gz,C:\Users\LL1urace\OneDrive\Рабочий стол\meteostat_bulk_downloader_pack\meteostat_arctic_20_daily_monthly\daily\1947\25062.csv.gz
25062,daily,1948,https://data.meteostat.net/daily/1948/25062.csv.gz,C:\Users\LL1urace\OneDrive\Рабочий стол\meteostat_bulk_downloader_pack\meteostat_arctic_20_daily_monthly\daily\1948\25062.csv.gz
25062,daily,1949,https://data.meteostat.net/daily/1949/25062.csv.gz,C:\Users\LL1urace\OneDrive\Рабочий стол\meteostat_bulk_downloader_pack\meteostat_arctic_20_daily_monthly\daily\1949\25062.csv.gz
25062,daily,1950,https://data.meteostat.net/daily/1950/25062.csv.gz,C:\Users\LL1urace\OneDrive\Рабочий стол\meteostat_bulk_downloader_pack\meteostat_arctic_20_daily_monthly\daily\1950\25062.csv.gz
25062,daily,1951,https://data.meteostat.net/daily/1951/25062.csv.gz,C:\Users\LL1urace\OneDrive\Рабочий стол\meteostat_bulk_downloader_pack\meteostat_arctic_20_daily_monthly\daily\1951\25062.csv.gz
25062,daily,1952,https://data.meteostat.net/daily/1952/25062.csv.gz,C:\Users\LL1urace\OneDrive\Рабочий стол\meteostat_bulk_downloader_pack\meteostat_arctic_20_daily_monthly\daily\1952\25062.csv.gz
25062,daily,1953,https://data.meteostat.net/daily/1953/25062.csv.gz,C:\Users\LL1urace\OneDrive\Рабочий стол\meteostat_bulk_downloader_pack\meteostat_arctic_20_daily_monthly\daily\1953\25062.csv.gz
25062,daily,1954,https://data.meteostat.net/daily/1954/25062.csv.gz,C:\Users\LL1urace\OneDrive\Рабочий стол\meteostat_bulk_downloader_pack\meteostat_arctic_20_daily_monthly\daily\1954\25062.csv.gz
25062,daily,1955,https://data.meteostat.net/daily/1955/25062.csv.gz,C:\Users\LL1urace\OneDrive\Рабочий стол\meteostat_bulk_downloader_pack\meteostat_arctic_20_daily_monthly\daily\1955\25062.csv.gz
25062,daily,1956,https://data.meteostat.net/daily/1956/25062.csv.gz,C:\Users\LL1urace\OneDrive\Рабочий стол\meteostat_bulk_downloader_pack\meteostat_arctic_20_daily_monthly\daily\1956\25062.csv.gz
25062,daily,1957,https://data.meteostat.net/daily/1957/25062.csv.gz,C:\Users\LL1urace\OneDrive\Рабочий стол\meteostat_bulk_downloader_pack\meteostat_arctic_20_daily_monthly\daily\1957\25062.csv.gz
25062,daily,1958,https://data.meteostat.net/daily/1958/25062.csv.gz,C:\Users\LL1urace\OneDrive\Рабочий стол\meteostat_bulk_downloader_pack\meteostat_arctic_20_daily_monthly\daily\1958\25062.csv.gz
25062,daily,1959,https://data.meteostat.net/daily/1959/25062.csv.gz,C:\Users\LL1urace\OneDrive\Рабочий стол\meteostat_bulk_downloader_pack\meteostat_arctic_20_daily_monthly\daily\1959\25062.csv.gz
25062,daily,1960,https://data.meteostat.net/daily/1960/25062.csv.gz,C:\Users\LL1urace\OneDrive\Рабочий стол\meteostat_bulk_downloader_pack\meteostat_arctic_20_daily_monthly\daily\1960\25062.csv.gz
25062,daily,1961,https://data.meteostat.net/daily/1961/25062.csv.gz,C:\Users\LL1urace\OneDrive\Рабочий стол\meteostat_bulk_downloader_pack\meteostat_arctic_20_daily_monthly\daily\1961\25062.csv.gz
25062,daily,1962,https://data.meteostat.net/daily/1962/25062.csv.gz,C:\Users\LL1urace\OneDrive\Рабочий стол\meteostat_bulk_downloader_pack\meteostat_arctic_20_daily_monthly\daily\1962\25062.csv.gz
25062,daily,1963,https://data.meteostat.net/daily/1963/25062.csv.gz,C:\Users\LL1urace\OneDrive\Рабочий стол\meteostat_bulk_downloader_pack\meteostat_arctic_20_daily_monthly\daily\1963\25062.csv.gz
25062,daily,1964,https://data.meteostat.net/daily/1964/25062.csv.gz,C:\Users\LL1urace\OneDrive\Рабочий стол\meteostat_bulk_downloader_pack\meteostat_arctic_20_daily_monthly\daily\1964\25062.csv.gz
25062,daily,1965,https://data.meteostat.net/daily/1965/25062.csv.gz,C:\Users\LL1urace\OneDrive\Рабочий стол\meteostat_bulk_downloader_pack\meteostat_arctic_20_daily_monthly\daily\1965\25062.csv.gz
25062,daily,1966,https://data.meteostat.net/daily/1966/25062.csv.gz,C:\Users\LL1urace\OneDrive\Рабочий стол\meteostat_bulk_downloader_pack\meteostat_arctic_20_daily_monthly\daily\1966\25062.csv.gz
25062,daily,1967,https://data.meteostat.net/daily/1967/25062.csv.gz,C:\Users\LL1urace\OneDrive\Рабочий стол\meteostat_bulk_downloader_pack\meteostat_arctic_20_daily_monthly\daily\1967\25062.csv.gz
25062,daily,1968,https://data.meteostat.net/daily/1968/25062.csv.gz,C:\Users\LL1urace\OneDrive\Рабочий стол\meteostat_bulk_downloader_pack\meteostat_arctic_20_daily_monthly\daily\1968\25062.csv.gz
25062,daily,1969,https://data.meteostat.net/daily/1969/25062.csv.gz,C:\Users\LL1urace\OneDrive\Рабочий стол\meteostat_bulk_downloader_pack\meteostat_arctic_20_daily_monthly\daily\1969\25062.csv.gz
25062,daily,1970,https://data.meteostat.net/daily/1970/25062.csv.gz,C:\Users\LL1urace\OneDrive\Рабочий стол\meteostat_bulk_downloader_pack\meteostat_arctic_20_daily_monthly\daily\1970\25062.csv.gz
25062,daily,1971,https://data.meteostat.net/daily/1971/25062.csv.gz,C:\Users\LL1urace\OneDrive\Рабочий стол\meteostat_bulk_downloader_pack\meteostat_arctic_20_daily_monthly\daily\1971\25062.csv.gz
25062,daily,1972,https://data.meteostat.net/daily/1972/25062.csv.gz,C:\Users\LL1urace\OneDrive\Рабочий стол\meteostat_bulk_downloader_pack\meteostat_arctic_20_daily_monthly\daily\1972\25062.csv.gz
25062,daily,1973,https://data.meteostat.net/daily/1973/25062.csv.gz,C:\Users\LL1urace\OneDrive\Рабочий стол\meteostat_bulk_downloader_pack\meteostat_arctic_20_daily_monthly\daily\1973\25062.csv.gz
25062,daily,1974,https://data.meteostat.net/daily/1974/25062.csv.gz,C:\Users\LL1urace\OneDrive\Рабочий стол\meteostat_bulk_downloader_pack\meteostat_arctic_20_daily_monthly\daily\1974\25062.csv.gz
25062,daily,1975,https://data.meteostat.net/daily/1975/25062.csv.gz,C:\Users\LL1urace\OneDrive\Рабочий стол\meteostat_bulk_downloader_pack\meteostat_arctic_20_daily_monthly\daily\1975\25062.csv.gz
25062,daily,1976,https://data.meteostat.net/daily/1976/25062.csv.gz,C:\Users\LL1urace\OneDrive\Рабочий стол\meteostat_bulk_downloader_pack\meteostat_arctic_20_daily_monthly\daily\1976\25062.csv.gz
25062,daily,1977,https://data.meteostat.net/daily/1977/25062.csv.gz,C:\Users\LL1urace\OneDrive\Рабочий стол\meteostat_bulk_downloader_pack\meteostat_arctic_20_daily_monthly\daily\1977\25062.csv.gz
25062,daily,1978,https://data.meteostat.net/daily/1978/25062.csv.gz,C:\Users\LL1urace\OneDrive\Рабочий стол\meteostat_bulk_downloader_pack\meteostat_arctic_20_daily_monthly\daily\1978\25062.csv.gz
25062,daily,1979,https://data.meteostat.net/daily/1979/25062.csv.gz,C:\Users\LL1urace\OneDrive\Рабочий стол\meteostat_bulk_downloader_pack\meteostat_arctic_20_daily_monthly\daily\1979\25062.csv.gz
25062,daily,1980,https://data.meteostat.net/daily/1980/25062.csv.gz,C:\Users\LL1urace\OneDrive\Рабочий стол\meteostat_bulk_downloader_pack\meteostat_arctic_20_daily_monthly\daily\1980\25062.csv.gz
25062,daily,1981,https://data.meteostat.net/daily/1981/25062.csv.gz,C:\Users\LL1urace\OneDrive\Рабочий стол\meteostat_bulk_downloader_pack\meteostat_arctic_20_daily_monthly\daily\1981\25062.csv.gz
25062,daily,1982,https://data.meteostat.net/daily/1982/25062.csv.gz,C:\Users\LL1urace\OneDrive\Рабочий стол\meteostat_bulk_downloader_pack\meteostat_arctic_20_daily_monthly\daily\1982\25062.csv.gz
25062,daily,1983,https://data.meteostat.net/daily/1983/25062.csv.gz,C:\Users\LL1urace\OneDrive\Рабочий стол\meteostat_bulk_downloader_pack\meteostat_arctic_20_daily_monthly\daily\1983\25062.csv.gz
25062,daily,1984,https://data.meteostat.net/daily/1984/25062.csv.gz,C:\Users\LL1urace\OneDrive\Рабочий стол\meteostat_bulk_downloader_pack\meteostat_arctic_20_daily_monthly\daily\1984\25062.csv.gz
25062,daily,1985,https://data.meteostat.net/daily/1985/25062.csv.gz,C:\Users\LL1urace\OneDrive\Рабочий стол\meteostat_bulk_downloader_pack\meteostat_arctic_20_daily_monthly\daily\1985\25062.csv.gz
25062,daily,1986,https://data.meteostat.net/daily/1986/25062.csv.gz,C:\Users\LL1urace\OneDrive\Рабочий стол\meteostat_bulk_downloader_pack\meteostat_arctic_20_daily_monthly\daily\1986\25062.csv.gz
25062,daily,1987,https://data.meteostat.net/daily/1987/25062.csv.gz,C:\Users\LL1urace\OneDrive\Рабочий стол\meteostat_bulk_downloader_pack\meteostat_arctic_20_daily_monthly\daily\1987\25062.csv.gz
25062,daily,1988,https://data.meteostat.net/daily/1988/25062.csv.gz,C:\Users\LL1urace\OneDrive\Рабочий стол\meteostat_bulk_downloader_pack\meteostat_arctic_20_daily_monthly\daily\1988\25062.csv.gz
25062,daily,1989,https://data.meteostat.net/daily/1989/25062.csv.gz,C:\Users\LL1urace\OneDrive\Рабочий стол\meteostat_bulk_downloader_pack\meteostat_arctic_20_daily_monthly\daily\1989\25062.csv.gz
25062,daily,1990,https://data.meteostat.net/daily/1990/25062.csv.gz,C:\Users\LL1urace\OneDrive\Рабочий стол\meteostat_bulk_downloader_pack\meteostat_arctic_20_daily_monthly\daily\1990\25062.csv.gz
25062,daily,1991,https://data.meteostat.net/daily/1991/25062.csv.gz,C:\Users\LL1urace\OneDrive\Рабочий стол\meteostat_bulk_downloader_pack\meteostat_arctic_20_daily_monthly\daily\1991\25062.csv.gz
25062,daily,1992,https://data.meteostat.net/daily/1992/25062.csv.gz,C:\Users\LL1urace\OneDrive\Рабочий стол\meteostat_bulk_downloader_pack\meteostat_arctic_20_daily_monthly\daily\1992\25062.csv.gz
25062,daily,1993,https://data.meteostat.net/daily/1993/25062.csv.gz,C:\Users\LL1urace\OneDrive\Рабочий стол\meteostat_bulk_downloader_pack\meteostat_arctic_20_daily_monthly\daily\1993\25062.csv.gz
25062,daily,1994,https://data.meteostat.net/daily/1994/25062.csv.gz,C:\Users\LL1urace\OneDrive\Рабочий стол\meteostat_bulk_downloader_pack\meteostat_arctic_20_daily_monthly\daily\1994\25062.csv.gz
25062,daily,1995,https://data.meteostat.net/daily/1995/25062.csv.gz,C:\Users\LL1urace\OneDrive\Рабочий стол\meteostat_bulk_downloader_pack\meteostat_arctic_20_daily_monthly\daily\1995\25062.csv.gz
25062,daily,1996,https://data.meteostat.net/daily/1996/25062.csv.gz,C:\Users\LL1urace\OneDrive\Рабочий стол\meteostat_bulk_downloader_pack\meteostat_arctic_20_daily_monthly\daily\1996\25062.csv.gz
25062,daily,1997,https://data.meteostat.net/daily/1997/25062.csv.gz,C:\Users\LL1urace\OneDrive\Рабочий стол\meteostat_bulk_downloader_pack\meteostat_arctic_20_daily_monthly\daily\1997\25062.csv.gz
25062,daily,1998,https://data.meteostat.net/daily/1998/25062.csv.gz,C:\Users\LL1urace\OneDrive\Рабочий стол\meteostat_bulk_downloader_pack\meteostat_arctic_20_daily_monthly\daily\1998\25062.csv.gz
25062,daily,1999,https://data.meteostat.net/daily/1999/25062.csv.gz,C:\Users\LL1urace\OneDrive\Рабочий стол\meteostat_bulk_downloader_pack\meteostat_arctic_20_daily_monthly\daily\1999\25062.csv.gz
25062,daily,2000,https://data.meteostat.net/daily/2000/25062.csv.gz,C:\Users\LL1urace\OneDrive\Рабочий стол\meteostat_bulk_downloader_pack\meteostat_arctic_20_daily_monthly\daily\2000\25062.csv.gz
25062,daily,2001,https://data.meteostat.net/daily/2001/25062.csv.gz,C:\Users\LL1urace\OneDrive\Рабочий стол\meteostat_bulk_downloader_pack\meteostat_arctic_20_daily_monthly\daily\2001\25062.csv.gz
25062,daily,2002,https://data.meteostat.net/daily/2002/25062.csv.gz,C:\Users\LL1urace\OneDrive\Рабочий стол\meteostat_bulk_downloader_pack\meteostat_arctic_20_daily_monthly\daily\2002\25062.csv.gz
25062,daily,2003,https://data.meteostat.net/daily/2003/25062.csv.gz,C:\Users\LL1urace\OneDrive\Рабочий стол\meteostat_bulk_downloader_pack\meteostat_arctic_20_daily_monthly\daily\2003\25062.csv.gz
25062,daily,2004,https://data.meteostat.net/daily/2004/25062.csv.gz,C:\Users\LL1urace\OneDrive\Рабочий стол\meteostat_bulk_downloader_pack\meteostat_arctic_20_daily_monthly\daily\2004\25062.csv.gz
25062,daily,2005,https://data.meteostat.net/daily/2005/25062.csv.gz,C:\Users\LL1urace\OneDrive\Рабочий стол\meteostat_bulk_downloader_pack\meteostat_arctic_20_daily_monthly\daily\2005\25062.csv.gz
25062,daily,2006,https://data.meteostat.net/daily/2006/25062.csv.gz,C:\Users\LL1urace\OneDrive\Рабочий стол\meteostat_bulk_downloader_pack\meteostat_arctic_20_daily_monthly\daily\2006\25062.csv.gz
25062,daily,2007,https://data.meteostat.net/daily/2007/25062.csv.gz,C:\Users\LL1urace\OneDrive\Рабочий стол\meteostat_bulk_downloader_pack\meteostat_arctic_20_daily_monthly\daily\2007\25062.csv.gz
25062,daily,2008,https://data.meteostat.net/daily/2008/25062.csv.gz,C:\Users\LL1urace\OneDrive\Рабочий стол\meteostat_bulk_downloader_pack\meteostat_arctic_20_daily_monthly\daily\2008\25062.csv.gz
25062,daily,2009,https://data.meteostat.net/daily/2009/25062.csv.gz,C:\Users\LL1urace\OneDrive\Рабочий стол\meteostat_bulk_downloader_pack\meteostat_arctic_20_daily_monthly\daily\2009\25062.csv.gz
25062,daily,2010,https://data.meteostat.net/daily/2010/25062.csv.gz,C:\Users\LL1urace\OneDrive\Рабочий стол\meteostat_bulk_downloader_pack\meteostat_arctic_20_daily_monthly\daily\2010\25062.csv.gz
25062,daily,2011,https://data.meteostat.net/daily/2011/25062.csv.gz,C:\Users\LL1urace\OneDrive\Рабочий стол\meteostat_bulk_downloader_pack\meteostat_arctic_20_daily_monthly\daily\2011\25062.csv.gz
25062,daily,2012,https://data.meteostat.net/daily/2012/25062.csv.gz,C:\Users\LL1urace\OneDrive\Рабочий стол\meteostat_bulk_downloader_pack\meteostat_arctic_20_daily_monthly\daily\2012\25062.csv.gz
25062,daily,2013,https://data.meteostat.net/daily/2013/25062.csv.gz,C:\Users\LL1urace\OneDrive\Рабочий стол\meteostat_bulk_downloader_pack\meteostat_arctic_20_daily_monthly\daily\2013\25062.csv.gz
25062,daily,2014,https://data.meteostat.net/daily/2014/25062.csv.gz,C:\Users\LL1urace\OneDrive\Рабочий стол\meteostat_bulk_downloader_pack\meteostat_arctic_20_daily_monthly\daily\2014\25062.csv.gz
25062,daily,2015,https://data.meteostat.net/daily/2015/25062.csv.gz,C:\Users\LL1urace\OneDrive\Рабочий стол\meteostat_bulk_downloader_pack\meteostat_arctic_20_daily_monthly\daily\2015\25062.csv.gz
25062,daily,2016,https://data.meteostat.net/daily/2016/25062.csv.gz,C:\Users\LL1urace\OneDrive\Рабочий стол\meteostat_bulk_downloader_pack\meteostat_arctic_20_daily_monthly\daily\2016\25062.csv.gz
25062,daily,2017,https://data.meteostat.net/daily/2017/25062.csv.gz,C:\Users\LL1urace\OneDrive\Рабочий стол\meteostat_bulk_downloader_pack\meteostat_arctic_20_daily_monthly\daily\2017\25062.csv.gz
25062,daily,2018,https://data.meteostat.net/daily/2018/25062.csv.gz,C:\Users\LL1urace\OneDrive\Рабочий стол\meteostat_bulk_downloader_pack\meteostat_arctic_20_daily_monthly\daily\2018\25062.csv.gz
25062,daily,2019,https://data.meteostat.net/daily/2019/25062.csv.gz,C:\Users\LL1urace\OneDrive\Рабочий стол\meteostat_bulk_downloader_pack\meteostat_arctic_20_daily_monthly\daily\2019\25062.csv.gz
25062,daily,2020,https://data.meteostat.net/daily/2020/25062.csv.gz,C:\Users\LL1urace\OneDrive\Рабочий стол\meteostat_bulk_downloader_pack\meteostat_arctic_20_daily_monthly\daily\2020\25062.csv.gz
25062,daily,2021,https://data.meteostat.net/daily/2021/25062.csv.gz,C:\Users\LL1urace\OneDrive\Рабочий стол\meteostat_bulk_downloader_pack\meteostat_arctic_20_daily_monthly\daily\2021\25062.csv.gz
25062,daily,2022,https://data.meteostat.net/daily/2022/25062.csv.gz,C:\Users\LL1urace\OneDrive\Рабочий стол\meteostat_bulk_downloader_pack\meteostat_arctic_20_daily_monthly\daily\2022\25062.csv.gz
25062,daily,2023,https://data.meteostat.net/daily/2023/25062.csv.gz,C:\Users\LL1urace\OneDrive\Рабочий стол\meteostat_bulk_downloader_pack\meteostat_arctic_20_daily_monthly\daily\2023\25062.csv.gz
25062,daily,2024,https://data.meteostat.net/daily/2024/25062.csv.gz,C:\Users\LL1urace\OneDrive\Рабочий стол\meteostat_bulk_downloader_pack\meteostat_arctic_20_daily_monthly\daily\2024\25062.csv.gz
25062,daily,2025,https://data.meteostat.net/daily/2025/25062.csv.gz,C:\Users\LL1urace\OneDrive\Рабочий стол\meteostat_bulk_downloader_pack\meteostat_arctic_20_daily_monthly\daily\2025\25062.csv.gz
25062,daily,2026,https://data.meteostat.net/daily/2026/25062.csv.gz,C:\Users\LL1urace\OneDrive\Рабочий стол\meteostat_bulk_downloader_pack\meteostat_arctic_20_daily_monthly\daily\2026\25062.csv.gz
